total_orders,total_spend,average_order_value,total_items,recency_days,customer_lifetime_days,purchase_frequency,actual_churn,predicted_churn,churn_probability
1,99.7,99.7,1,277,0,1.0,1,0,0.49024662566489186
1,87.64,87.64,1,56,0,1.0,1,1,0.6004958705796617
1,93.3,93.3,1,157,0,1.0,1,1,0.6626878624109147
1,180.52,180.52,2,61,0,1.0,1,1,0.8091549863084619
1,36.78,36.78,1,206,0,1.0,1,1,0.655546912740111
1,67.5,67.5,1,19,0,1.0,1,0,0.4556332698805255
1,103.55000000000001,103.55000000000001,1,100,0,1.0,1,1,0.6088191896021452
1,36.9,36.9,1,294,0,1.0,1,1,0.625994599939048
1,129.55,129.55,1,223,0,1.0,1,1,0.5359373474199933
1,77.57,77.57,1,98,0,1.0,1,1,0.6474234156751941
1,229.63,229.63,1,271,0,1.0,1,1,0.8220267251970246
1,138.07999999999998,138.07999999999998,1,260,0,1.0,1,1,0.599880615265209
1,90.28,90.28,1,277,0,1.0,1,1,0.5736340820719774
1,81.72,81.72,1,28,0,1.0,1,1,0.5109002706908138
1,68.0,68.0,1,175,0,1.0,1,1,0.6598368238268961
1,306.34999999999997,306.34999999999997,1,318,0,1.0,1,1,0.8078017038311254
1,234.34,234.34,1,381,0,1.0,1,1,0.7920531751645354
1,36.089999999999996,36.089999999999996,1,222,0,1.0,1,1,0.6916600082377279
1,114.33000000000001,114.33000000000001,1,26,0,1.0,1,1,0.5266322038080569
1,529.92,529.92,4,342,0,1.0,1,1,0.9488680626560297
1,270.67,270.67,1,94,0,1.0,1,1,0.7132456281772651
1,87.84,87.84,1,141,0,1.0,1,1,0.6397013841917564
1,120.88000000000001,120.88000000000001,1,371,0,1.0,1,1,0.641578249107732
1,30.0,30.0,1,134,0,1.0,1,1,0.6281755564580287
1,37.82,37.82,1,103,0,1.0,1,1,0.5788842671550176
1,59.910000000000004,59.910000000000004,1,211,0,1.0,1,1,0.5049130369528323
1,80.12,80.12,1,191,0,1.0,1,1,0.6515429722587681
1,237.45,237.45,1,512,0,1.0,1,1,0.8757247996134714
1,71.62,71.62,1,26,0,1.0,1,0,0.48842712242256664
1,156.22,156.22,1,108,0,1.0,1,1,0.5913025207360016
1,106.78,106.78,1,128,0,1.0,1,1,0.6007010578819458
1,55.0,55.0,1,249,0,1.0,1,0,0.4704543987370286
1,60.05,60.05,1,237,0,1.0,1,0,0.49060224851223133
1,27.09,27.09,1,44,0,1.0,1,0,0.40914240688358705
1,172.55,172.55,1,35,0,1.0,1,0,0.444652874812897
1,38.089999999999996,38.089999999999996,1,42,0,1.0,1,0,0.4851433872153413
1,220.01999999999998,220.01999999999998,3,180,0,1.0,1,1,0.7571629762532143
1,182.94,182.94,1,164,0,1.0,1,1,0.6091254709557951
1,31.14,31.14,1,55,0,1.0,1,0,0.3431054152787349
1,568.9,568.9,2,366,0,1.0,1,1,0.9632534313799397
1,85.13,85.13,1,225,0,1.0,1,1,0.608663146215245
2,198.43,99.215,2,333,0,2.0,1,1,0.9622984256035432
1,85.82000000000001,85.82000000000001,1,215,0,1.0,1,1,0.589657232744042
1,63.1,63.1,1,63,0,1.0,1,1,0.585988067068499
1,116.94,116.94,1,155,0,1.0,1,1,0.6030697777613206
1,77.41,77.41,1,316,0,1.0,1,1,0.8449174953871704
1,62.01,62.01,1,123,0,1.0,1,1,0.5167944423942304
1,317.31,317.31,1,286,0,1.0,1,1,0.907939363638036
1,34.1,34.1,1,90,0,1.0,1,1,0.6068379258537594
1,74.24,74.24,2,190,0,1.0,1,1,0.7330045067289394
1,163.78,163.78,1,40,0,1.0,1,0,0.4586170442574134
1,74.87,74.87,1,27,0,1.0,1,1,0.5236776541258042
1,167.66,167.66,1,94,0,1.0,1,1,0.6091886697408956
1,83.96000000000001,83.96000000000001,1,169,0,1.0,1,1,0.6157606474170468
1,50.87,50.87,1,180,0,1.0,1,0,0.48263591279711204
1,75.62,75.62,1,310,0,1.0,1,1,0.847033919549548
1,155.26,155.26,1,255,0,1.0,0,1,0.571541935401976
1,286.64,286.64,1,107,0,1.0,1,1,0.6248684820942828
1,56.6,56.6,1,130,0,1.0,1,0,0.48135574901768713
1,54.510000000000005,54.510000000000005,1,299,0,1.0,1,1,0.5299278184185215
1,380.08,380.08,4,89,0,1.0,1,1,0.7811189875399255
1,57.0,57.0,1,134,0,1.0,1,0,0.4967700614565973
1,107.94,107.94,1,172,0,1.0,1,1,0.5658744746487274
1,292.45,292.45,1,85,0,1.0,1,1,0.8128676570486283
1,20.55,20.55,1,37,0,1.0,1,0,0.45496727548302374
1,224.71,224.71,1,39,0,1.0,1,0,0.4633611412032433
1,656.72,656.72,1,288,0,1.0,1,1,0.9744391320952565
1,33.75,33.75,1,26,0,1.0,1,0,0.27949376850081553
1,131.32,131.32,1,186,0,1.0,1,1,0.5845238753272743
1,50.1,50.1,1,96,0,1.0,1,0,0.47580791399253725
1,748.24,748.24,2,202,0,1.0,1,1,0.8393751947875274
1,112.71000000000001,112.71000000000001,1,45,0,1.0,1,1,0.5108934753540207
1,154.19,154.19,1,73,0,1.0,1,0,0.4814176017630826
1,168.20000000000002,168.20000000000002,1,23,0,1.0,1,0,0.4790428285333552
1,36.78,36.78,1,125,0,1.0,1,1,0.5637227377872863
1,82.88,82.88,1,313,0,1.0,1,1,0.8457418797824964
1,235.64999999999998,235.64999999999998,3,288,0,1.0,1,1,0.6236850985019807
1,205.81,205.81,1,357,0,1.0,1,1,0.733256662867634
1,155.72,155.72,1,83,0,1.0,1,1,0.6165930787256261
1,60.85,60.85,1,84,0,1.0,1,1,0.5218458401402091
1,27.29,27.29,1,24,0,1.0,1,0,0.3418580133040871
1,52.27,52.27,1,95,0,1.0,1,0,0.4783515722502512
1,98.51,98.51,1,96,0,1.0,1,1,0.5729363560833052
1,218.8,218.8,2,91,0,1.0,1,1,0.8099604757200235
1,39.1,39.1,1,238,0,1.0,1,1,0.6891335850453811
1,106.87,106.87,1,36,0,1.0,1,0,0.4708625826123072
1,54.0,54.0,1,64,0,1.0,1,1,0.5417173128720326
1,270.05999999999995,270.05999999999995,6,30,0,1.0,1,1,0.7179792697160102
1,143.1,143.1,1,49,0,1.0,1,1,0.5526708692516562
1,218.55,218.55,1,196,0,1.0,1,1,0.6862993628529245
1,56.94,56.94,1,225,0,1.0,1,1,0.5569223037994161
1,695.99,695.99,1,101,0,1.0,1,1,0.9060983120998344
1,140.23000000000002,140.23000000000002,1,145,0,1.0,1,1,0.5604211891209612
1,31.75,31.75,1,191,0,1.0,1,1,0.6569722835207649
1,45.089999999999996,45.089999999999996,1,288,0,1.0,1,1,0.5235778717013758
1,37.72,37.72,1,70,0,1.0,1,0,0.3663515405656085
1,34.01,34.01,1,239,0,1.0,1,1,0.7004362332877154
1,438.26,438.26,1,26,0,1.0,1,1,0.7832078403656622
1,189.84,189.84,1,58,0,1.0,1,0,0.4551643875587144
1,60.730000000000004,60.730000000000004,1,288,0,1.0,1,1,0.5086839845141596
1,77.57,77.57,1,99,0,1.0,1,1,0.6458541541059324
1,53.79,53.79,1,194,0,1.0,1,1,0.5012526675542434
1,63.269999999999996,63.269999999999996,1,211,0,1.0,1,1,0.5846545230771191
1,211.89,211.89,1,3,0,1.0,1,1,0.505726894190967
1,340.48,340.48,2,385,0,1.0,1,1,0.919021757459346
1,65.09,65.09,1,27,0,1.0,1,1,0.5128415232410659
1,158.65,158.65,1,163,0,1.0,1,1,0.5800247309286461
1,81.72,81.72,1,227,0,1.0,1,1,0.6315560411328505
1,84.15,84.15,1,4,0,1.0,1,1,0.5687412059165138
1,193.9,193.9,1,100,0,1.0,1,1,0.7584545802093391
1,53.510000000000005,53.510000000000005,1,391,0,1.0,1,1,0.5744836933141548
1,304.35,304.35,1,157,0,1.0,1,1,0.8452816162620287
1,33.69,33.69,1,216,0,1.0,1,1,0.692812441632808
1,69.73,69.73,1,114,0,1.0,1,1,0.6460231843049833
1,153.26000000000002,153.26000000000002,2,26,0,1.0,1,1,0.568306504662726
1,151.79000000000002,151.79000000000002,1,316,0,1.0,1,1,0.7652351103586575
1,149.1,149.1,1,122,0,1.0,1,1,0.5921570101340583
1,359.64,359.64,1,145,0,1.0,1,1,0.7303042674642228
1,27.77,27.77,1,229,0,1.0,1,1,0.7517056691718474
1,110.19,110.19,1,225,0,1.0,1,1,0.5779277200410265
1,112.71000000000001,112.71000000000001,1,46,0,1.0,1,1,0.5087095673080437
1,60.09,60.09,1,110,0,1.0,1,0,0.46352213145817606
1,346.38,346.38,1,333,0,1.0,1,1,0.8120832208422918
1,206.92000000000002,206.92000000000002,1,72,0,1.0,1,1,0.6187295350580727
1,178.44,178.44,1,211,0,1.0,1,1,0.5744908449659399
1,28.0,28.0,1,263,0,1.0,1,1,0.6524185142632385
1,63.11,63.11,1,260,0,1.0,1,1,0.5300148887286669
1,60.85,60.85,1,169,0,1.0,1,1,0.5313780771807913
1,45.519999999999996,45.519999999999996,1,342,0,1.0,1,1,0.6604178689665767
1,66.78,66.78,1,277,0,1.0,1,0,0.3998474284847546
1,97.2,97.2,1,355,0,1.0,1,1,0.6533362027822548
1,327.25,327.25,1,3,0,1.0,1,1,0.5434200703136434
1,40.79,40.79,1,116,0,1.0,1,1,0.618970805986532
1,33.42,33.42,1,386,0,1.0,1,1,0.7770905015722916
1,164.79,164.79,1,207,0,1.0,1,1,0.5868320726630325
1,93.01,93.01,1,55,0,1.0,1,1,0.599354585410249
1,137.07999999999998,137.07999999999998,1,81,0,1.0,1,1,0.6005936342896158
1,240.33,240.33,1,230,0,1.0,0,1,0.8526170684335118
1,120.49,120.49,1,246,0,1.0,1,1,0.551682036511655
1,89.88000000000001,89.88000000000001,1,42,0,1.0,1,1,0.5761195747593347
1,393.24,393.24,3,6,0,1.0,1,1,0.8999340947823626
1,70.27000000000001,70.27000000000001,1,222,0,1.0,1,1,0.6361340905923426
1,49.510000000000005,49.510000000000005,1,324,0,1.0,1,1,0.8023512361532312
1,116.94,116.94,1,129,0,1.0,1,1,0.6068609988240815
1,61.84,61.84,1,140,0,1.0,1,1,0.5350373768506697
1,77.08,77.08,1,223,0,1.0,1,1,0.5958206125562691
1,131.60999999999999,131.60999999999999,1,117,0,1.0,1,1,0.5825653471257267
1,98.51,98.51,1,77,0,1.0,1,1,0.5708644537921294
1,83.73,83.73,1,79,0,1.0,1,1,0.6015920625755464
1,2032.04,2032.04,1,92,0,1.0,1,1,0.9346782436049864
1,50.09,50.09,1,209,0,1.0,1,1,0.522146518761116
3,191.32999999999998,63.776666666666664,4,126,68,0.043478260869565216,1,0,0.47068826614841963
1,176.2,176.2,1,188,0,1.0,1,1,0.5564833904167772
1,60.01,60.01,1,141,0,1.0,1,0,0.4778512021683714
1,67.75999999999999,67.75999999999999,1,129,0,1.0,1,1,0.5618525364094037
1,117.22999999999999,117.22999999999999,1,142,0,1.0,1,1,0.5955424095735347
1,33.0,33.0,1,67,0,1.0,1,0,0.48543081839695246
1,1054.6299999999999,1054.6299999999999,1,51,0,1.0,1,1,0.9944324957850829
1,562.52,562.52,4,78,0,1.0,1,1,0.8624274944854446
1,84.15,84.15,1,137,0,1.0,1,1,0.6060334640744872
1,99.73,99.73,1,176,0,1.0,1,1,0.5352973561299925
1,58.0,58.0,1,19,0,1.0,1,0,0.48983514468226663
1,93.13,93.13,1,354,0,1.0,1,1,0.7284534309685334
1,66.6,66.6,1,163,0,1.0,1,1,0.5134456595623189
1,195.93,195.93,1,95,0,1.0,1,1,0.7848515335335293
1,147.13,147.13,1,34,0,1.0,1,0,0.4649459379068059
1,558.53,558.53,1,3,0,1.0,1,1,0.9747427977972347
1,95.21000000000001,95.21000000000001,1,135,0,1.0,1,1,0.6323986002554877
1,116.94,116.94,1,225,0,1.0,1,1,0.6095360599609124
1,36.01,36.01,1,114,0,1.0,1,1,0.5825956725694775
1,128.28,128.28,1,302,0,1.0,1,1,0.5622067720943075
1,148.12,148.12,1,167,0,1.0,1,1,0.5826721673161301
1,359.19000000000005,359.19000000000005,1,113,0,1.0,1,1,0.6508537709249697
1,673.34,673.34,1,231,0,1.0,1,1,0.9801784058329435
1,55.239999999999995,55.239999999999995,1,60,0,1.0,1,1,0.5422928004058488
1,80.56,80.56,1,329,0,1.0,1,1,0.8452682665157631
1,80.73,80.73,1,12,0,1.0,1,0,0.46807437143550457
1,45.69,45.69,1,292,0,1.0,1,1,0.5290006207347719
1,177.49,177.49,1,40,0,1.0,1,1,0.7037094889256007
1,616.94,616.94,1,96,0,1.0,1,1,0.8749654112257751
1,185.86,185.86,1,93,0,1.0,1,1,0.7817520984094439
1,76.89,76.89,1,58,0,1.0,1,1,0.5884756761244694
1,40.31,40.31,1,302,0,1.0,1,1,0.6572679898602434
1,32.15,32.15,1,96,0,1.0,1,1,0.605646930419646
1,185.94,185.94,1,32,0,1.0,1,1,0.6866798869460372
1,137.71,137.71,1,138,0,1.0,1,1,0.564312458894193
1,88.47999999999999,88.47999999999999,2,96,0,1.0,1,1,0.6073961312315219
1,112.4,112.4,4,289,0,1.0,1,1,0.8191027692252212
1,59.83,59.83,1,96,0,1.0,1,0,0.44821035157495287
1,117.17999999999999,117.17999999999999,2,48,0,1.0,1,0,0.44771807785595313
1,89.85000000000001,89.85000000000001,1,5,0,1.0,1,1,0.6410392253571309
1,27.68,27.68,1,93,0,1.0,1,1,0.6199321791878664
1,264.6,264.6,6,21,0,1.0,1,1,0.7775894158367306
1,89.97,89.97,1,232,0,1.0,1,1,0.5523310974680777
1,73.03,73.03,1,117,0,1.0,1,1,0.6487988328469486
1,103.00999999999999,103.00999999999999,1,329,0,1.0,1,1,0.8137599396320235
1,74.38,74.38,1,93,0,1.0,1,1,0.658143989898919
1,68.02,68.02,1,259,0,1.0,1,1,0.5279941536957946
1,49.82,49.82,1,164,0,1.0,1,0,0.48269110848269237
1,153.04000000000002,153.04000000000002,1,317,0,1.0,1,1,0.7652351103586575
1,119.8,119.8,1,228,0,1.0,1,1,0.5721452303709483
1,114.45,114.45,1,216,0,1.0,1,1,0.5539905160981023
1,52.46,52.46,2,14,0,1.0,1,1,0.6361624287266704
1,257.46000000000004,257.46000000000004,3,10,0,1.0,1,1,0.6672208222893817
1,184.17000000000002,184.17000000000002,2,137,0,1.0,1,1,0.7348637352313148
1,334.8,334.8,2,376,0,1.0,1,1,0.9201972808087824
1,55.980000000000004,55.980000000000004,2,55,0,1.0,1,1,0.618944994449593
1,40.05,40.05,1,34,0,1.0,1,0,0.4580178423348818
1,268.12,268.12,1,75,0,1.0,1,1,0.7233546380288248
1,133.95,133.95,1,146,0,1.0,1,1,0.5633154014952838
1,39.39,39.39,1,345,0,1.0,1,1,0.7811847710996351
1,61.28,61.28,1,140,0,1.0,1,1,0.5411005883403402
1,76.78,76.78,1,126,0,1.0,1,1,0.6419522066324402
1,28.619999999999997,28.619999999999997,1,186,0,1.0,1,1,0.6862480919983172
1,385.61,385.61,1,277,0,1.0,1,1,0.9632148314250245
1,130.92,130.92,2,298,0,1.0,1,1,0.7080845464246214
1,127.9,127.9,1,334,0,1.0,1,1,0.6052829750074444
1,82.98,82.98,1,44,0,1.0,1,1,0.5232387079684877
1,52.5,52.5,1,166,0,1.0,1,0,0.4873636961667996
1,235.55,235.55,1,133,0,1.0,1,1,0.7493370122210445
1,262.76,262.76,4,96,0,1.0,1,1,0.7258161043797323
1,50.15,50.15,1,13,0,1.0,1,0,0.4984992032180247
1,76.45,76.45,1,30,0,1.0,1,0,0.4951422304934432
1,132.44,132.44,1,85,0,1.0,1,1,0.6003288517628853
1,226.25,226.25,1,383,0,1.0,1,1,0.8112786392270347
1,65.71000000000001,65.71000000000001,1,161,0,1.0,1,1,0.5407663892789717
1,58.71,58.71,1,222,0,1.0,1,1,0.526731149741955
1,41.089999999999996,41.089999999999996,1,146,0,1.0,1,1,0.6300647463017748
1,42.77,42.77,1,193,0,1.0,1,1,0.6924102728884524
1,188.4,188.4,1,96,0,1.0,1,1,0.7833153115129606
1,83.23,83.23,1,232,0,1.0,1,0,0.48623707885843687
1,116.85000000000001,116.85000000000001,1,234,0,1.0,1,1,0.5847103071137614
1,98.53999999999999,98.53999999999999,2,5,0,1.0,1,1,0.5313557756213264
1,35.0,35.0,1,21,0,1.0,1,0,0.4056413984248025
1,55.62,55.62,1,58,0,1.0,1,1,0.5374415271194185
1,40.0,40.0,1,226,0,1.0,1,1,0.7412261142414248
1,36.339999999999996,36.339999999999996,1,294,0,1.0,1,1,0.6311122084052152
1,82.73,82.73,1,268,0,1.0,1,1,0.5217069331830748
1,205.05,205.05,1,70,0,1.0,1,1,0.5658722570076951
1,84.14,84.14,1,269,0,1.0,1,0,0.48863287442433023
1,41.71,41.71,1,93,0,1.0,1,1,0.5975814387294126
1,34.51,34.51,1,333,0,1.0,1,1,0.811000711339236
1,29.77,29.77,1,190,0,1.0,1,1,0.6670427736703195
1,82.60000000000001,82.60000000000001,1,163,0,1.0,1,1,0.6452376319682329
1,54.93,54.93,1,148,0,1.0,1,0,0.4803190456183003
1,122.80000000000001,122.80000000000001,1,45,0,1.0,1,0,0.4483596425816061
1,95.22,95.22,1,225,0,1.0,1,1,0.6275436694062353
1,560.02,560.02,1,148,0,1.0,1,1,0.9534481357306108
1,35.01,35.01,1,355,0,1.0,1,1,0.7650768870119081
1,202.0,202.0,1,92,0,1.0,1,1,0.7715279739675127
1,131.04999999999998,131.04999999999998,1,382,0,1.0,1,1,0.6421798270170022
1,59.79,59.79,1,218,0,1.0,1,0,0.48711032780340136
1,74.17,74.17,1,348,0,1.0,1,1,0.7307477403029334
1,34.0,34.0,1,96,0,1.0,1,1,0.6074774327238731
1,34.0,34.0,1,179,0,1.0,1,1,0.5798222741213934
1,185.61,185.61,1,327,0,1.0,1,1,0.8298903397866129
1,127.92,127.92,1,97,0,1.0,1,1,0.6088673032334434
1,233.68,233.68,2,196,0,1.0,1,1,0.5719932343560362
1,214.1,214.1,2,300,0,1.0,1,1,0.6009995014209774
1,216.93,216.93,1,248,0,1.0,1,1,0.7892876254077472
1,105.28,105.28,1,203,0,1.0,1,1,0.6111240213341945
1,136.44,136.44,1,222,0,1.0,1,1,0.529960815933348
1,139.60999999999999,139.60999999999999,1,33,0,1.0,1,0,0.4649459379068059
1,35.0,35.0,1,248,0,1.0,1,1,0.62575350367686
1,116.94,116.94,1,140,0,1.0,1,1,0.5955424095735347
1,281.63,281.63,1,20,0,1.0,1,1,0.5366952826365085
1,35.71,35.71,1,322,0,1.0,1,1,0.8591117671172313
1,424.26000000000005,424.26000000000005,3,389,0,1.0,1,1,0.9507304592582939
1,237.09,237.09,1,401,0,1.0,1,1,0.7916581737942171
2,302.13,151.065,2,84,0,2.0,1,1,0.9686729154537623
1,153.5,153.5,1,38,0,1.0,1,0,0.46294692136519205
1,142.14000000000001,142.14000000000001,1,42,0,1.0,1,0,0.48976819893064855
1,376.17,376.17,1,296,0,1.0,1,1,0.9418227550578028
1,106.29,106.29,1,184,0,1.0,1,1,0.60996019005381
1,66.74,66.74,1,193,0,1.0,1,1,0.5160613414360942
1,132.23,132.23,1,314,0,1.0,1,1,0.7745537328882496
1,1325.44,1325.44,1,0,0,1.0,1,1,0.9967885872297637
2,229.83,114.915,2,297,102,0.019417475728155338,1,1,0.7929337097040215
1,40.0,40.0,1,102,0,1.0,1,1,0.6080474136191906
1,35.0,35.0,1,57,0,1.0,1,0,0.47693558044091533
1,42.03,42.03,1,12,0,1.0,1,1,0.6112429678212288
1,132.03,132.03,1,139,0,1.0,1,1,0.5710744940353311
1,248.86,248.86,2,300,0,1.0,1,1,0.7705882391384593
1,42.07,42.07,1,288,0,1.0,1,1,0.6601582416147678
1,134.45,134.45,1,149,0,1.0,1,1,0.569310066115694
1,166.68,166.68,1,39,0,1.0,1,0,0.47290194584821205
1,72.98,72.98,1,46,0,1.0,1,1,0.5230565017711186
1,281.3,281.3,1,80,0,1.0,1,1,0.8196426408104464
1,61.01,61.01,1,35,0,1.0,1,1,0.5099152958898026
1,75.07,75.07,1,194,0,1.0,1,1,0.6607803073459976
1,130.26,130.26,1,10,0,1.0,1,0,0.4277383188710286
1,55.169999999999995,55.169999999999995,1,90,0,1.0,1,0,0.475546222160944
1,51.71,51.71,1,354,0,1.0,1,1,0.6460087391347675
1,143.06,143.06,1,352,0,1.0,1,1,0.6075045043103133
1,204.83,204.83,1,20,0,1.0,1,0,0.47610545208148397
1,257.79,257.79,1,159,0,1.0,1,1,0.8106310207173846
1,134.59,134.59,1,104,0,1.0,1,1,0.5729775473887546
1,239.68,239.68,2,219,0,1.0,1,1,0.7242079343126495
1,62.01,62.01,1,161,0,1.0,1,1,0.5263215189881376
1,179.84,179.84,1,36,0,1.0,1,1,0.6911949191009562
2,332.65,166.325,3,305,25,0.07692307692307693,1,1,0.8081116887500085
1,41.089999999999996,41.089999999999996,1,201,0,1.0,1,1,0.7003573389540164
1,202.45,202.45,1,88,0,1.0,1,1,0.7950084749243763
1,79.75,79.75,1,27,0,1.0,1,1,0.5082408235702122
1,779.98,779.98,1,5,0,1.0,1,1,0.9964648430979317
1,236.04000000000002,236.04000000000002,3,155,0,1.0,1,1,0.7462376741024555
1,118.47,118.47,1,128,0,1.0,1,1,0.5800953735687422
1,984.2,984.2,2,98,0,1.0,1,1,0.611747173323535
1,99.56,99.56,2,286,0,1.0,1,1,0.5570018537351441
1,226.09,226.09,1,219,0,1.0,1,1,0.7970395082696751
1,25.84,25.84,1,50,0,1.0,1,0,0.4518621085523042
1,261.46000000000004,261.46000000000004,2,25,0,1.0,1,1,0.7133549957458026
1,132.48,132.48,1,121,0,1.0,1,1,0.5823930832858776
1,220.79,220.79,1,132,0,1.0,1,1,0.7575677028847477
1,112.02,112.02,2,238,0,1.0,1,1,0.6329110142310782
1,35.75,35.75,1,245,0,1.0,1,1,0.646625327811447
1,84.49,84.49,1,82,0,1.0,1,1,0.6120488719435769
1,100.23,100.23,1,10,0,1.0,1,1,0.5014350329253601
1,35.0,35.0,1,94,0,1.0,1,1,0.5711399115321998
2,314.39,157.195,2,224,0,2.0,1,1,0.9653470115394704
1,88.37,88.37,1,78,0,1.0,1,1,0.6336195735165192
1,148.09,148.09,1,100,0,1.0,1,1,0.591340791181068
1,24.77,24.77,1,232,0,1.0,1,0,0.49354460914679227
1,129.82,129.82,1,128,0,1.0,1,1,0.5823930832858776
1,145.1,145.1,2,160,0,1.0,1,1,0.7096254191062825
1,77.55,77.55,1,99,0,1.0,1,1,0.6458541541059324
1,53.0,53.0,1,135,0,1.0,1,0,0.4900752482533611
1,310.1,310.1,2,348,0,1.0,1,1,0.8967241397045539
1,279.33000000000004,279.33000000000004,2,262,0,1.0,1,1,0.8368581069159364
1,169.49,169.49,1,19,0,1.0,1,0,0.4783675433031464
1,67.53,67.53,1,295,0,1.0,1,0,0.4787272110784659
1,137.99,137.99,1,205,0,1.0,1,1,0.5744359179621054
1,181.29000000000002,181.29000000000002,1,277,0,1.0,1,1,0.7042257228152847
1,88.55,88.55,1,146,0,1.0,1,1,0.6397013841917564
9,1172.6699999999998,130.29666666666665,14,1,161,0.05555555555555555,1,1,0.5733152173685018
1,328.49,328.49,1,79,0,1.0,1,1,0.832409908774325
1,134.49,134.49,1,57,0,1.0,1,1,0.5520451750858951
1,108.50999999999999,108.50999999999999,1,291,0,1.0,1,1,0.5644982936604654
1,185.93,185.93,1,75,0,1.0,1,1,0.758382225111694
1,204.53,204.53,1,105,0,1.0,1,1,0.7466942337468391
1,425.5,425.5,2,124,0,1.0,1,1,0.8000615470017255
1,32.41,32.41,1,303,0,1.0,1,1,0.6647726616134639
1,54.62,54.62,1,126,0,1.0,1,0,0.4724021122850391
1,36.69,36.69,1,36,0,1.0,1,0,0.43752441617693527
1,166.23000000000002,166.23000000000002,2,53,0,1.0,1,1,0.519235101436496
1,38.0,38.0,1,296,0,1.0,1,1,0.6335346027156963
1,202.44,202.44,1,288,0,1.0,1,1,0.7744105474627172
1,357.58,357.58,1,318,0,1.0,1,1,0.6287792477491119
1,218.55,218.55,1,288,0,1.0,1,1,0.8156891229447183
1,347.76,347.76,1,103,0,1.0,1,1,0.6662694862864528
1,124.08000000000001,124.08000000000001,1,351,0,1.0,1,1,0.6174172734536449
1,97.98,97.98,2,88,0,1.0,1,1,0.629851809498113
1,337.54,337.54,1,178,0,1.0,1,1,0.8599023010523364
1,107.97999999999999,107.97999999999999,1,189,0,1.0,1,1,0.5833899410834853
1,95.31,95.31,1,286,0,1.0,1,1,0.545571891063541
1,63.53,63.53,1,27,0,1.0,1,1,0.5207698881824393
1,38.01,38.01,1,27,0,1.0,1,0,0.494443944666796
1,84.0,84.0,1,26,0,1.0,1,0,0.49579952221594936
1,298.2,298.2,1,263,0,1.0,1,1,0.8862976416609702
1,35.42,35.42,1,401,0,1.0,1,1,0.7526253005472576
1,97.78,97.78,1,288,0,1.0,1,0,0.4712905079041509
1,64.62,64.62,1,191,0,1.0,1,1,0.5411457401548995
1,61.58,61.58,1,49,0,1.0,1,1,0.5374856063735597
1,32.019999999999996,32.019999999999996,1,337,0,1.0,1,1,0.8155069899347094
1,248.83,248.83,1,218,0,1.0,1,1,0.849050691087078
1,125.0,125.0,1,147,0,1.0,1,1,0.5586409657296558
1,86.19999999999999,86.19999999999999,1,104,0,1.0,1,1,0.6450811896727203
1,67.5,67.5,1,20,0,1.0,1,0,0.4556332698805255
1,38.62,38.62,1,373,0,1.0,1,1,0.7739181193236989
1,355.08,355.08,1,262,0,1.0,1,1,0.9057025838374693
1,148.94,148.94,1,236,0,1.0,1,1,0.509607282954799
1,87.53,87.53,1,509,0,1.0,1,1,0.7416589027794633
1,95.68,95.68,1,264,0,1.0,1,1,0.5049563347118122
1,52.1,52.1,1,74,0,1.0,1,0,0.47234879478960856
1,161.69,161.69,1,183,0,1.0,1,1,0.5870406255099536
1,217.29,217.29,3,80,0,1.0,1,1,0.8793830512011902
1,125.18,125.18,2,35,0,1.0,1,0,0.4578373801749967
1,166.11,166.11,1,346,0,1.0,1,1,0.6067966834422336
1,370.79999999999995,370.79999999999995,1,332,0,1.0,1,1,0.9117076758619813
1,41.089999999999996,41.089999999999996,1,5,0,1.0,1,1,0.5937438782636032
1,46.0,46.0,1,274,0,1.0,1,1,0.523415399880254
1,45.0,45.0,1,95,0,1.0,1,1,0.6430951552859085
2,400.51,200.255,2,14,0,2.0,1,1,0.814304706580913
1,28.619999999999997,28.619999999999997,1,83,0,1.0,1,1,0.6319299470893543
1,77.57,77.57,1,166,0,1.0,1,1,0.639574133655809
1,261.96,261.96,1,194,0,1.0,1,1,0.7923350146857735
1,64.17,64.17,1,224,0,1.0,1,1,0.568222035746097
1,144.9,144.9,2,37,0,1.0,1,1,0.5376326338222707
1,82.41,82.41,3,99,0,1.0,1,1,0.5268013489837768
1,211.6,211.6,1,160,0,1.0,1,1,0.5882399189154482
1,117.42999999999999,117.42999999999999,1,309,0,1.0,1,1,0.7796910379600108
1,151.52,151.52,1,19,0,1.0,1,0,0.4858979402303269
1,194.48000000000002,194.48000000000002,1,93,0,1.0,1,1,0.7832883204300126
1,40.0,40.0,1,58,0,1.0,1,0,0.48207964066005293
1,77.57,77.57,1,225,0,1.0,1,1,0.623941262522073
1,96.93,96.93,2,388,0,1.0,1,1,0.80172110370818
1,205.99,205.99,1,101,0,1.0,1,1,0.7466942337468391
1,37.68,37.68,1,314,0,1.0,1,1,0.8590011869236175
1,70.75,70.75,1,204,0,1.0,1,1,0.683067729770531
1,56.69,56.69,1,96,0,1.0,1,0,0.4850463854534875
1,65.00999999999999,65.00999999999999,1,159,0,1.0,1,1,0.5433760879498329
1,73.34,73.34,1,174,0,1.0,1,1,0.6426555979318712
1,39.03,39.03,1,98,0,1.0,1,1,0.5758813285434831
1,81.88,81.88,1,356,0,1.0,1,1,0.7191327200540404
1,160.76,160.76,1,2,0,1.0,1,1,0.7318143949879388
1,163.79,163.79,1,18,0,1.0,1,0,0.4841953239701422
1,94.21000000000001,94.21000000000001,1,230,0,1.0,1,1,0.5890839812869841
2,219.26999999999998,109.63499999999999,2,109,13,0.14285714285714285,1,1,0.6917986793344453
1,208.64000000000001,208.64000000000001,1,0,0,1.0,1,1,0.5815616561431162
1,107.21000000000001,107.21000000000001,1,148,0,1.0,1,1,0.5862324381969479
1,152.16,152.16,2,189,0,1.0,1,1,0.7070609143530712
1,36.1,36.1,1,29,0,1.0,1,0,0.436321553403364
1,95.22,95.22,1,93,0,1.0,1,1,0.639048416160031
1,87.84,87.84,1,144,0,1.0,1,1,0.6397013841917564
1,35.089999999999996,35.089999999999996,1,97,0,1.0,1,1,0.5674060540023763
1,192.0,192.0,3,142,0,1.0,1,1,0.752599855239348
1,59.68,59.68,1,309,0,1.0,1,1,0.7769122387549544
1,345.58,345.58,1,306,0,1.0,1,1,0.8583469112763044
1,102.03,102.03,1,283,0,1.0,1,1,0.6256268535335163
1,75.78999999999999,75.78999999999999,1,134,0,1.0,1,1,0.643983169384616
1,97.99,97.99,1,359,0,1.0,1,1,0.6621630932699292
1,140.38,140.38,2,106,0,1.0,1,1,0.7159388837092602
1,125.23,125.23,1,142,0,1.0,1,1,0.5598853817101563
1,181.55,181.55,1,107,0,1.0,1,1,0.6153339755625219
1,91.19,91.19,2,100,0,1.0,1,1,0.5662195640223406
1,74.57,74.57,1,365,0,1.0,1,1,0.7339352490803355
1,28.75,28.75,1,1,0,1.0,1,1,0.8931453504123759
1,117.94,117.94,1,168,0,1.0,1,1,0.5660970340206908
1,215.82999999999998,215.82999999999998,1,168,0,1.0,1,1,0.5629422348974571
1,28.74,28.74,1,218,0,1.0,1,1,0.7221027211833351
2,261.15,130.575,2,57,34,0.05714285714285714,1,1,0.6157350652027053
1,64.1,64.1,1,229,0,1.0,1,1,0.5847635133251522
1,83.96000000000001,83.96000000000001,1,33,0,1.0,1,0,0.4850500428805256
1,69.24,69.24,1,27,0,1.0,1,0,0.471933835356798
1,85.6,85.6,1,0,0,1.0,1,1,0.8082032613341098
1,275.56,275.56,1,109,0,1.0,1,1,0.665561284263619
1,197.64000000000001,197.64000000000001,1,96,0,1.0,1,1,0.7848515335335293
1,64.1,64.1,1,35,0,1.0,1,0,0.4898641006910528
1,74.17,74.17,1,81,0,1.0,1,1,0.6267325271075637
1,132.03,132.03,1,146,0,1.0,1,1,0.570077436636422
2,148.06,74.03,2,145,0,2.0,1,1,0.7826978002409338
1,192.56,192.56,1,344,0,1.0,1,1,0.7348381019792405
1,57.75,57.75,1,148,0,1.0,1,0,0.49375904414316724
1,25.84,25.84,1,219,0,1.0,1,1,0.5561762101209747
1,124.34,124.34,2,41,0,1.0,1,0,0.46787195278400806
1,214.32,214.32,1,9,0,1.0,1,1,0.5167355012139074
1,76.08,76.08,1,141,0,1.0,1,1,0.6385644055120905
1,66.6,66.6,1,232,0,1.0,1,1,0.5023321032065208
1,84.56,84.56,1,345,0,1.0,1,1,0.7045766507968376
1,63.269999999999996,63.269999999999996,1,19,0,1.0,1,1,0.5219275276313575
1,108.51,108.51,1,257,0,1.0,1,1,0.5992831609008792
1,162.44,162.44,2,112,0,1.0,1,1,0.7284195193254519
1,53.6,53.6,1,266,0,1.0,1,0,0.48229453314704784
1,109.02000000000001,109.02000000000001,2,354,0,1.0,1,1,0.7582756360373876
1,49.42,49.42,1,341,0,1.0,1,1,0.6643169768934426
1,472.40999999999997,472.40999999999997,1,89,0,1.0,1,1,0.9078492388865823
1,39.089999999999996,39.089999999999996,1,92,0,1.0,1,1,0.5677735176392136
1,65.87,65.87,1,53,0,1.0,1,1,0.5369464689393046
1,76.78999999999999,76.78999999999999,1,240,0,1.0,1,0,0.4993487014096604
1,156.49,156.49,1,114,0,1.0,1,1,0.591693079170821
1,71.14,71.14,1,250,0,1.0,1,1,0.5456491351044036
1,128.31,128.31,1,186,0,1.0,1,1,0.5845238753272743
1,45.5,45.5,1,210,0,1.0,1,1,0.5877102208290862
1,83.94,83.94,1,140,0,1.0,1,1,0.616171350442103
1,194.48000000000002,194.48000000000002,1,70,0,1.0,1,1,0.5185471593153462
1,92.11000000000001,92.11000000000001,1,331,0,1.0,1,1,0.7302537301755623
1,148.06,148.06,1,107,0,1.0,1,1,0.591340791181068
1,90.05,90.05,1,33,0,1.0,1,1,0.5659959472918707
1,179.72,179.72,1,340,0,1.0,1,1,0.6555031131825272
1,368.10999999999996,368.10999999999996,1,47,0,1.0,1,1,0.6849766278934258
1,77.68,77.68,1,57,0,1.0,1,1,0.5884756761244694
1,188.94,188.94,1,158,0,1.0,1,1,0.7531910344314318
1,827.1899999999999,827.1899999999999,1,279,0,1.0,0,1,0.9821386048376426
1,66.6,66.6,1,279,0,1.0,1,1,0.5243294624850597
1,197.53,197.53,1,34,0,1.0,1,0,0.2843644247377265
1,367.65000000000003,367.65000000000003,1,352,0,1.0,1,1,0.846045305279129
1,126.12,126.12,1,155,0,1.0,1,1,0.5683817504887124
1,1370.26,1370.26,1,141,0,1.0,1,1,0.9296090081959225
1,117.97,117.97,1,38,0,1.0,1,1,0.5193482227233579
1,53.269999999999996,53.269999999999996,1,83,0,1.0,1,0,0.47186317542500544
1,66.64,66.64,1,96,0,1.0,1,1,0.5271571717916193
1,165.81,165.81,1,228,0,1.0,1,1,0.5658508319934967
1,85.99,85.99,1,120,0,1.0,1,1,0.6252503511387306
1,116.85000000000001,116.85000000000001,1,169,0,1.0,1,1,0.5978272581725156
1,327.8,327.8,1,361,0,1.0,1,1,0.864415600749813
1,206.14000000000001,206.14000000000001,2,23,0,1.0,1,1,0.7316079656220186
2,276.23,138.115,2,119,55,0.03571428571428571,1,0,0.3976067813664987
1,146.17,146.17,1,211,0,1.0,1,1,0.5962806276880414
1,690.0,690.0,6,162,0,1.0,1,1,0.9734992778142139
1,56.29,56.29,1,369,0,1.0,1,1,0.6462503908266413
1,351.0,351.0,1,197,0,1.0,1,1,0.8503798635234013
3,501.15999999999997,167.0533333333333,4,133,71,0.041666666666666664,1,1,0.5715041113030256
1,49.64,49.64,1,105,0,1.0,1,0,0.49423927679742397
1,32.74,32.74,1,342,0,1.0,1,1,0.8105882750740061
1,65.71000000000001,65.71000000000001,1,76,0,1.0,1,1,0.5512101623536284
1,170.72,170.72,1,96,0,1.0,1,1,0.6283442990784197
1,89.67,89.67,1,18,0,1.0,1,1,0.5800560362685959
1,335.47,335.47,1,16,0,1.0,1,1,0.5562346086230151
1,21.09,21.09,1,384,0,1.0,1,1,0.6318186146010351
1,188.07,188.07,1,288,0,1.0,1,1,0.790636055762048
1,599.49,599.49,1,194,0,1.0,1,1,0.962605842400508
1,114.33000000000001,114.33000000000001,1,176,0,1.0,1,1,0.5678632043149918
1,135.0,135.0,2,45,0,1.0,1,0,0.4361279312991286
1,69.18,69.18,1,217,0,1.0,1,1,0.6122472027459512
1,95.53,95.53,1,263,0,1.0,1,1,0.5049563347118122
1,147.15,147.15,1,50,0,1.0,1,1,0.5519344940049362
1,157.7,157.7,1,302,0,1.0,1,1,0.5436161143499565
1,62.01,62.01,1,179,0,1.0,1,1,0.5237471984729437
1,81.89,81.89,1,282,0,1.0,1,1,0.5247241028246495
1,73.15,73.15,1,148,0,1.0,1,1,0.6457915966795007
1,195.91,195.91,1,169,0,1.0,1,1,0.751215089777628
1,174.48,174.48,2,275,0,1.0,1,1,0.6981792128731771
1,239.64000000000001,239.64000000000001,1,397,0,1.0,1,1,0.8646250210512604
1,169.32,169.32,1,379,0,1.0,1,1,0.6179796352705079
1,56.08,56.08,1,40,0,1.0,1,0,0.48650783615014564
1,87.71000000000001,87.71000000000001,1,286,0,1.0,1,1,0.5336022023569003
1,67.0,67.0,1,352,0,1.0,1,1,0.6703494689200028
1,107.78,107.78,1,93,0,1.0,1,1,0.5862103642019347
1,161.54,161.54,1,69,0,1.0,1,1,0.5000746532837401
1,50.0,50.0,1,55,0,1.0,1,1,0.5130243910615055
1,310.81,310.81,1,127,0,1.0,1,1,0.8133656333301446
1,612.38,612.38,1,149,0,1.0,1,1,0.9633751141946074
1,73.34,73.34,1,209,0,1.0,1,1,0.6571907848196623
1,28.7,28.7,1,27,0,1.0,1,1,0.5306636874248912
1,45.93000000000001,45.93000000000001,1,111,0,1.0,1,1,0.5406789665019637
1,46.84,46.84,1,233,0,1.0,1,1,0.5711520227779318
1,120.45,120.45,1,277,0,1.0,1,1,0.6044062227159309
1,113.43,113.43,1,11,0,1.0,1,0,0.47902868260356607
1,208.32,208.32,1,174,0,1.0,1,1,0.6932929925306897
1,102.74000000000001,102.74000000000001,1,199,0,1.0,1,1,0.6205126752841966
1,230.54000000000002,230.54000000000002,1,56,0,1.0,1,1,0.6117120330960827
1,160.64000000000001,160.64000000000001,1,327,0,1.0,1,1,0.7652351103586575
1,42.78,42.78,1,16,0,1.0,1,1,0.6115535443122486
1,90.28,90.28,1,95,0,1.0,1,1,0.6754895991828036
1,137.14000000000001,137.14000000000001,1,368,0,1.0,1,1,0.6094207329921363
1,21.4,21.4,1,91,0,1.0,1,1,0.5857208598642965
1,296.19,296.19,1,76,0,1.0,1,1,0.8146543883742403
1,202.13,202.13,1,335,0,1.0,1,1,0.7281208555979034
1,122.22,122.22,2,238,0,1.0,1,1,0.6846771762861128
1,120.0,120.0,2,35,0,1.0,1,0,0.45913491913442084
1,202.05,202.05,1,144,0,1.0,1,1,0.699611570784274
1,17.78,17.78,1,211,0,1.0,1,1,0.7519495600428531
1,55.1,55.1,1,74,0,1.0,1,0,0.4300278245169291
1,73.34,73.34,1,206,0,1.0,1,1,0.6571907848196623
1,227.9,227.9,1,393,0,1.0,1,1,0.8371779361925771
1,1391.79,1391.79,1,120,0,1.0,1,1,0.9201823525953118
1,36.269999999999996,36.269999999999996,1,23,0,1.0,1,0,0.43047386709581503
1,299.85,299.85,3,43,0,1.0,1,1,0.7534179998318592
1,125.52,125.52,1,50,0,1.0,1,0,0.49202556103349965
1,35.4,35.4,1,61,0,1.0,1,0,0.4760427299681565
1,105.28,105.28,1,204,0,1.0,1,1,0.6111240213341945
1,2606.01,2606.01,1,328,0,1.0,1,1,0.9923145335787456
1,666.04,666.04,1,98,0,1.0,1,1,0.8798432779277854
1,282.31,282.31,1,189,0,1.0,1,1,0.8437355774968388
2,61.54,30.77,2,244,0,2.0,1,1,0.9215834514269157
1,514.6,514.6,1,111,0,1.0,1,1,0.7273501552633967
1,95.99,95.99,2,226,0,1.0,1,1,0.5818014928236261
1,273.77,273.77,1,511,0,1.0,1,1,0.8516712423770073
1,42.01,42.01,1,297,0,1.0,1,1,0.6416559703234448
1,31.75,31.75,1,177,0,1.0,1,1,0.5564670522720064
1,138.91,138.91,2,293,0,1.0,1,1,0.7035872093511424
1,146.58999999999997,146.58999999999997,1,15,0,1.0,1,1,0.5043460506895948
1,86.84,86.84,2,270,0,1.0,1,0,0.42681692119991727
1,133.85,133.85,1,219,0,1.0,1,1,0.5450896906165292
1,173.33,173.33,1,131,0,1.0,1,1,0.5431912402231599
1,73.18,73.18,1,169,0,1.0,0,1,0.6457427046975184
2,430.13,215.065,2,265,113,0.017543859649122806,1,1,0.8874125149734007
1,41.36,41.36,2,41,0,1.0,1,1,0.6672824244732068
1,368.82,368.82,1,106,0,1.0,1,1,0.5732392740838401
1,723.72,723.72,1,131,0,1.0,1,1,0.9210727698475109
1,379.23,379.23,1,263,0,1.0,1,1,0.938239990862832
1,93.3,93.3,1,119,0,1.0,1,1,0.6652838302133904
1,180.91,180.91,1,71,0,1.0,1,1,0.6494242772620968
1,90.98,90.98,1,28,0,1.0,1,1,0.5702101268202636
1,73.34,73.34,1,198,0,1.0,1,1,0.65326781730325
1,39.269999999999996,39.269999999999996,1,233,0,1.0,1,1,0.6891335850453811
1,64.87,64.87,1,145,0,1.0,1,1,0.5425697986949218
1,91.75,91.75,1,28,0,1.0,1,1,0.5702101268202636
1,26.85,26.85,1,235,0,1.0,1,1,0.7103410856275085
1,121.98,121.98,1,149,0,1.0,1,1,0.5635505818295692
1,77.57,77.57,1,103,0,1.0,1,1,0.6431625994044999
1,64.1,64.1,1,6,0,1.0,1,0,0.45668598004165234
1,239.68,239.68,2,35,0,1.0,1,1,0.6716651349432865
1,52.6,52.6,1,77,0,1.0,1,0,0.480822065088384
1,76.72,76.72,1,57,0,1.0,1,1,0.5884756761244694
1,418.03999999999996,418.03999999999996,1,271,0,1.0,1,1,0.9631704839961676
1,26.68,26.68,1,175,0,1.0,1,0,0.4731637279717318
1,113.71,113.71,1,178,0,1.0,1,1,0.5683409914938099
1,302.64,302.64,1,309,0,1.0,1,1,0.6609208437840689
1,85.60000000000001,85.60000000000001,1,314,0,1.0,1,1,0.8344713082565756
1,249.41,249.41,1,52,0,1.0,1,1,0.6206642400517186
1,144.66,144.66,1,250,0,1.0,1,1,0.5359367862268519
1,112.71000000000001,112.71000000000001,1,22,0,1.0,0,1,0.5119547684330249
2,199.9,99.95,2,3,181,0.01098901098901099,1,0,0.4252704117624143
1,47.38,47.38,1,53,0,1.0,1,0,0.4976358249718084
1,353.1,353.1,1,114,0,1.0,1,1,0.715332205405258
1,97.86999999999999,97.86999999999999,1,252,0,1.0,1,0,0.47024836530176145
1,65.87,65.87,1,20,0,1.0,1,1,0.51182438329915
1,57.5,57.5,1,93,0,1.0,1,0,0.4796048164232543
1,77.06,77.06,1,399,0,1.0,1,1,0.7307940399526237
1,38.62,38.62,1,29,0,1.0,1,0,0.49119445342583307
1,222.07000000000002,222.07000000000002,1,346,0,1.0,1,1,0.7820363197415993
1,54.05,54.05,1,99,0,1.0,1,0,0.4733960777376593
1,138.29,138.29,1,29,0,1.0,1,0,0.4683380876930238
1,120.09,120.09,1,9,0,1.0,1,0,0.4307958664628066
1,145.53,145.53,1,49,0,1.0,1,1,0.5526708692516562
1,73.43,73.43,1,244,0,1.0,1,1,0.5221756429570064
1,61.75,61.75,1,37,0,1.0,1,1,0.5184445269660508
1,102.86999999999999,102.86999999999999,1,139,0,1.0,1,1,0.5968655081274507
1,126.74000000000001,126.74000000000001,1,287,0,1.0,1,1,0.5767346798097799
1,396.32,396.32,1,165,0,1.0,1,1,0.9312268158164491
1,223.8,223.8,1,231,0,1.0,1,1,0.8062761090818147
1,864.72,864.72,2,70,0,1.0,1,1,0.8856394402149548
1,168.36,168.36,1,76,0,1.0,1,1,0.6306332584700926
1,135.49,135.49,1,24,0,1.0,1,1,0.5063505496739069
1,165.70000000000002,165.70000000000002,1,29,0,1.0,1,0,0.44109667693789895
1,387.00000000000006,387.00000000000006,3,17,0,1.0,1,1,0.8974409975162843
1,87.10000000000001,87.10000000000001,1,8,0,1.0,1,1,0.5362849850285136
1,130.01,130.01,1,243,0,1.0,1,1,0.5572784545210774
1,31.689999999999998,31.689999999999998,1,192,0,1.0,1,1,0.6649646427995534
1,23.77,23.77,1,258,0,1.0,1,1,0.5347572189164513
1,33.989999999999995,33.989999999999995,1,104,0,1.0,1,1,0.6111506992314897
1,245.82,245.82,1,96,0,1.0,1,1,0.7748485622770928
1,38.01,38.01,1,8,0,1.0,1,1,0.5144465905744685
1,64.37,64.37,1,25,0,1.0,1,1,0.508333556660236
1,302.37,302.37,1,229,0,1.0,1,1,0.8775782366033504
1,74.17,74.17,1,0,0,1.0,1,1,0.7814319969482981
1,130.56,130.56,1,200,0,1.0,1,1,0.5837145940595889
2,257.8,128.9,2,195,0,2.0,1,1,0.9667951645411208
1,105.25999999999999,105.25999999999999,1,95,0,1.0,1,1,0.6136798198442825
1,900.36,900.36,1,337,0,1.0,1,1,0.9856723784493838
1,65.0,65.0,1,154,0,1.0,1,1,0.5433760879498329
1,66.16999999999999,66.16999999999999,2,128,0,1.0,1,1,0.7178662008199421
1,114.33000000000001,114.33000000000001,1,10,0,1.0,1,0,0.4789069388502434
1,284.62,284.62,1,180,0,1.0,1,1,0.8437355774968388
1,106.85000000000001,106.85000000000001,1,17,0,1.0,1,1,0.5003691019557883
1,1257.96,1257.96,1,287,0,1.0,1,1,0.9841580827229717
1,40.0,40.0,1,229,0,1.0,1,1,0.7412261142414248
1,29.27,29.27,1,229,0,1.0,1,1,0.7234094137742962
1,188.62,188.62,2,234,0,1.0,1,1,0.706808241439878
1,54.739999999999995,54.739999999999995,1,354,0,1.0,1,1,0.6468206526394594
1,189.37,189.37,1,28,0,1.0,1,0,0.3177752079309959
1,33.0,33.0,1,82,0,1.0,1,1,0.5980380203768724
1,163.52999999999997,163.52999999999997,3,112,0,1.0,1,1,0.7964962764343752
1,52.5,52.5,1,109,0,1.0,1,0,0.478212474006968
1,37.62,37.62,1,236,0,1.0,1,1,0.6736445015361809
1,115.41999999999999,115.41999999999999,1,344,0,1.0,1,1,0.654460880733561
1,414.81,414.81,1,171,0,1.0,1,1,0.9312268158164491
1,113.56,113.56,2,31,0,1.0,1,0,0.48135600129175315
1,34.17,34.17,1,80,0,1.0,1,1,0.5953143750503226
1,85.22999999999999,85.22999999999999,1,44,0,1.0,1,1,0.5653268955408552
1,203.42000000000002,203.42000000000002,2,100,0,1.0,1,1,0.6502272990104061
1,51.480000000000004,51.480000000000004,1,226,0,1.0,1,1,0.5529889171717651
1,26.35,26.35,1,54,0,1.0,1,0,0.4439854708327499
1,139.60999999999999,139.60999999999999,1,57,0,1.0,1,1,0.5671916097876931
1,39.1,39.1,1,122,0,1.0,1,1,0.588035916875522
1,157.22,157.22,1,32,0,1.0,1,0,0.43522337805958233
1,217.3,217.3,1,512,0,1.0,1,1,0.8495065898642344
1,112.30000000000001,112.30000000000001,1,52,0,1.0,1,1,0.548039921274174
1,55.28,55.28,1,277,0,1.0,1,0,0.49529138812068046
1,74.07,74.07,1,20,0,1.0,1,1,0.525462299295085
1,45.61,45.61,1,23,0,1.0,1,1,0.5550299347792609
1,70.91,70.91,1,55,0,1.0,1,1,0.5095763966389534
1,198.95000000000002,198.95000000000002,1,242,0,1.0,1,1,0.7911379424497187
1,98.44,98.44,1,9,0,1.0,1,1,0.5220950842199904
1,147.35,147.35,1,286,0,1.0,1,1,0.5379605533163122
1,199.07,199.07,1,215,0,1.0,1,1,0.7813200035452103
1,56.0,56.0,1,96,0,1.0,1,0,0.4850463854534875
1,192.47,192.47,1,64,0,1.0,1,1,0.5406141131359135
1,641.18,641.18,1,378,0,1.0,1,1,0.9834238402359745
1,54.0,54.0,1,234,0,1.0,1,1,0.5066944662923154
1,106.85000000000001,106.85000000000001,1,51,0,1.0,1,1,0.5451677207366215
1,52.18,52.18,1,364,0,1.0,1,1,0.6460087391347675
2,80.4,40.2,2,157,51,0.038461538461538464,1,0,0.3209731142325285
1,61.05,61.05,1,48,0,1.0,1,1,0.5244511213440227
1,116.94,116.94,1,287,0,1.0,1,1,0.6090558893023044
1,168.20000000000002,168.20000000000002,1,108,0,1.0,1,1,0.5860680687899495
1,89.08,89.08,1,24,0,1.0,1,1,0.5700715513288843
1,109.67999999999999,109.67999999999999,1,307,0,1.0,1,1,0.7914629888128177
1,269.15,269.15,1,280,0,1.0,1,1,0.8888927404626389
1,184.84,184.84,1,167,0,1.0,1,1,0.7488228984359722
1,114.15,114.15,1,91,0,1.0,1,1,0.5852248094442116
2,224.57999999999998,112.28999999999999,6,111,15,0.125,1,1,0.5041921726896129
1,59.59,59.59,1,128,0,1.0,1,0,0.4455503056488042
1,110.00999999999999,110.00999999999999,1,153,0,1.0,1,1,0.5627285302410442
1,107.78,107.78,1,205,0,1.0,1,1,0.5822686605172761
1,149.44,149.44,2,197,0,1.0,1,1,0.7070609143530712
1,43.62,43.62,1,269,0,1.0,1,1,0.6677229152527075
1,40.85,40.85,1,181,0,1.0,1,1,0.6075150463357439
1,53.05,53.05,1,48,0,1.0,1,1,0.50103763863836
1,122.37,122.37,1,33,0,1.0,1,0,0.40089921695332736
1,131.51,131.51,1,362,0,1.0,1,1,0.6259793322850229
1,73.52000000000001,73.52000000000001,1,376,0,1.0,1,1,0.7402689929498838
1,54.6,54.6,1,34,0,1.0,1,0,0.4866065259929413
1,150.34,150.34,2,170,0,1.0,1,1,0.7030396498865479
1,419.04,419.04,1,284,0,1.0,1,1,0.9620781186754086
1,111.24,111.24,2,241,0,1.0,1,1,0.5910766221801963
1,155.14,155.14,2,116,0,1.0,1,1,0.7341067252754863
1,166.54,166.54,1,91,0,1.0,1,1,0.6087740567441435
1,229.78,229.78,1,271,0,1.0,1,1,0.8220267251970246
1,165.70000000000002,165.70000000000002,1,91,0,1.0,1,1,0.6087740567441435
1,88.01,88.01,1,203,0,1.0,1,1,0.6500441716933137
1,126.4,126.4,1,194,0,1.0,1,1,0.5679882811664747
1,83.9,83.9,1,171,0,1.0,1,1,0.6157606474170468
1,102.23,102.23,1,83,0,1.0,1,1,0.6034063644761841
1,143.15,143.15,1,293,0,1.0,1,1,0.5315294212586565
1,105.71,105.71,1,175,0,1.0,1,1,0.5925155867448687
1,107.78,107.78,1,88,0,1.0,1,1,0.5660996097136676
1,175.88,175.88,1,292,0,1.0,1,1,0.6118249158890194
1,134.2,134.2,1,280,0,1.0,1,1,0.6018964421144414
1,201.73000000000002,201.73000000000002,1,359,0,1.0,1,1,0.733256662867634
1,36.0,36.0,1,46,0,1.0,1,0,0.4404272706381768
1,28.259999999999998,28.259999999999998,1,175,0,1.0,1,1,0.626641893989856
1,107.89999999999999,107.89999999999999,1,90,0,1.0,1,1,0.5807523995222236
1,55.62,55.62,1,112,0,1.0,1,0,0.4808626517599478
1,124.74,124.74,2,244,0,1.0,1,1,0.6816379110634193
1,85.22999999999999,85.22999999999999,1,114,0,1.0,1,1,0.6252503511387306
1,35.69,35.69,1,80,0,1.0,1,1,0.566300445357519
1,256.0,256.0,4,89,0,1.0,1,1,0.8899173589565881
1,41.83,41.83,1,27,0,1.0,1,1,0.613443139184462
1,47.33,47.33,1,285,0,1.0,1,1,0.5289305187892653
1,83.23,83.23,1,289,0,1.0,1,0,0.43753024541410507
1,35.62,35.62,1,13,0,1.0,1,0,0.45273053504973754
1,141.92,141.92,1,231,0,1.0,1,1,0.5215807203563184
1,32.099999999999994,32.099999999999994,1,339,0,1.0,1,1,0.814341144286105
1,107.4,107.4,1,152,0,1.0,1,1,0.5953658832047108
1,126.92,126.92,1,219,0,1.0,1,1,0.5438448691855898
1,46.78,46.78,1,11,0,1.0,1,0,0.49739147608333883
1,288.13,288.13,1,149,0,1.0,1,1,0.839967287785045
1,42.18,42.18,1,217,0,1.0,1,1,0.7231593873672987
1,51.14,51.14,1,143,0,1.0,1,0,0.4883995725776853
1,154.36,154.36,1,41,0,1.0,1,0,0.4660894347396204
1,123.25,123.25,1,314,0,1.0,1,1,0.7735723865784361
1,57.69,57.69,1,52,0,1.0,1,1,0.5003578649467575
1,298.18,298.18,1,55,0,1.0,1,1,0.7553459011155124
1,96.96,96.96,1,335,0,1.0,1,1,0.6431792314696906
1,201.74,201.74,1,92,0,1.0,1,1,0.7715279739675127
1,38.28,38.28,1,0,0,1.0,1,1,0.8195224819451884
1,133.96,133.96,2,105,0,1.0,1,1,0.7181869729074716
1,234.56,234.56,1,133,0,1.0,1,1,0.7493370122210445
1,138.98,138.98,2,26,0,1.0,1,1,0.5837510594812475
1,158.10000000000002,158.10000000000002,1,64,0,1.0,1,1,0.5493332323357066
1,113.91999999999999,113.91999999999999,1,310,0,1.0,1,1,0.7858723492237887
1,121.09,121.09,1,112,0,1.0,1,1,0.5745722550895854
1,195.91,195.91,1,181,0,1.0,1,1,0.7454062419582315
1,19.86,19.86,1,356,0,1.0,1,1,0.7973738892010857
1,332.33000000000004,332.33000000000004,2,160,0,1.0,1,1,0.8614509039404595
1,165.8,165.8,1,189,0,1.0,1,1,0.5825320314197973
1,87.64,87.64,1,55,0,1.0,1,1,0.5941637877113597
1,43.68,43.68,1,96,0,1.0,1,1,0.6419392683008722
1,195.0,195.0,1,72,0,1.0,1,0,0.43447159625206266
1,512.9,512.9,1,241,0,1.0,1,1,0.9618873047527142
1,609.24,609.24,1,307,0,1.0,1,1,0.9838463389609166
1,73.34,73.34,1,186,0,1.0,1,1,0.6521039860228651
2,159.08,79.54,3,182,0,2.0,1,1,0.8483194311319279
1,307.86,307.86,1,391,0,1.0,1,1,0.8561103210013501
1,32.230000000000004,32.230000000000004,1,124,0,1.0,1,1,0.6148971673372424
1,208.56,208.56,2,169,0,1.0,1,0,0.4017079055740617
1,27.95,27.95,1,303,0,1.0,1,1,0.6587567715715619
1,66.67,66.67,1,96,0,1.0,1,0,0.4694602325773092
1,321.49,321.49,1,121,0,1.0,1,1,0.7203815871848257
1,50.160000000000004,50.160000000000004,1,246,0,1.0,1,0,0.47254108332096023
1,136.45999999999998,136.45999999999998,1,167,0,1.0,1,1,0.5661462053268116
1,112.92,112.92,1,90,0,1.0,1,1,0.5581219825899211
1,115.31,115.31,2,313,0,1.0,1,1,0.866324023271358
1,91.21000000000001,91.21000000000001,2,195,0,1.0,1,1,0.5408301359877382
1,105.28,105.28,1,296,0,1.0,1,1,0.5877406701560993
1,52.59,52.59,1,93,0,1.0,1,0,0.47893675646870376
1,64.42,64.42,1,336,0,1.0,1,1,0.6973202982535591
1,204.22,204.22,2,372,0,1.0,1,1,0.597320393046298
1,81.89,81.89,1,281,0,1.0,1,1,0.5247241028246495
1,126.89,126.89,1,233,0,1.0,1,1,0.5510149197050029
1,82.73,82.73,1,27,0,1.0,1,1,0.5109002706908138
1,309.28000000000003,309.28000000000003,1,94,0,1.0,1,1,0.633750879587968
1,231.99,231.99,1,330,0,1.0,1,1,0.8278762475000006
1,56.79,56.79,1,147,0,1.0,1,0,0.4892726823509483
1,318.17,318.17,3,296,0,1.0,1,1,0.7992734360402471
1,156.33,156.33,1,224,0,1.0,1,1,0.5370381029387404
1,45.089999999999996,45.089999999999996,1,75,0,1.0,1,1,0.5529895105563336
2,272.64000000000004,136.32000000000002,2,328,0,2.0,1,1,0.9879445804481221
1,218.11,218.11,1,19,0,1.0,1,0,0.406570375772565
1,162.55,162.55,1,77,0,1.0,1,1,0.617252110688303
1,1173.71,1173.71,1,170,0,1.0,1,1,0.9760262990452876
1,162.96,162.96,1,385,0,1.0,1,1,0.6131330971819278
1,51.75,51.75,1,95,0,1.0,1,0,0.4766758965745756
1,136.6,136.6,1,44,0,1.0,1,0,0.4897678286935302
1,719.65,719.65,1,119,0,1.0,1,1,0.9012234942157283
1,58.37,58.37,1,202,0,1.0,1,1,0.5185199201499782
1,92.30000000000001,92.30000000000001,1,99,0,1.0,1,1,0.6693855128912108
1,75.53,75.53,1,306,0,1.0,1,1,0.8461410624066908
1,288.92999999999995,288.92999999999995,3,14,0,1.0,1,1,0.7886111075735808
1,76.57,76.57,1,132,0,1.0,1,1,0.6425965946455563
1,619.34,619.34,1,64,0,1.0,1,1,0.9732560488409658
1,61.11,61.11,1,210,0,1.0,1,1,0.5585876384702217
1,38.0,38.0,1,31,0,1.0,1,0,0.49119445342583307
1,1583.71,1583.71,1,169,0,1.0,1,1,0.9760262990452876
1,116.07,116.07,1,44,0,1.0,1,1,0.5153970236677186
1,50.01,50.01,1,330,0,1.0,1,1,0.79650096215632
1,126.43,126.43,1,189,0,1.0,1,1,0.5683757940663715
1,108.18,108.18,1,63,0,1.0,1,1,0.5741959071463297
1,227.72,227.72,2,306,0,1.0,1,1,0.7645066473937098
1,156.74,156.74,1,125,0,1.0,1,1,0.5908746921548607
1,761.95,761.95,1,91,0,1.0,1,1,0.9187181731265897
1,376.51,376.51,3,312,0,1.0,1,1,0.8901661591201332
1,63.62,63.62,1,46,0,1.0,1,1,0.5194715106720167
1,19.330000000000002,19.330000000000002,1,53,0,1.0,1,0,0.439000117738891
1,96.22,96.22,1,25,0,1.0,1,1,0.5587306619460938
1,70.49,70.49,1,311,0,1.0,1,1,0.8308563880211063
1,81.72,81.72,1,280,0,1.0,1,1,0.5247241028246495
1,144.13,144.13,1,195,0,1.0,1,1,0.5931640598341618
1,58.89,58.89,1,148,0,1.0,1,0,0.4823840758604269
1,68.8,68.8,1,334,0,1.0,1,1,0.7017289263317015
1,297.62,297.62,1,155,0,1.0,1,1,0.8452816162620287
1,176.71,176.71,1,98,0,1.0,1,1,0.6105028570638381
1,51.84,51.84,1,51,0,1.0,1,1,0.5092296718822239
1,79.2,79.2,1,245,0,1.0,1,1,0.5040198853637636
1,81.08,81.08,1,164,0,1.0,1,1,0.6429218151627628
1,86.64,86.64,1,174,0,1.0,1,1,0.6379927900873277
1,34.05,34.05,1,165,0,1.0,1,1,0.5933362673496025
1,323.38,323.38,1,338,0,1.0,1,1,0.8339373254946256
1,352.94,352.94,1,163,0,1.0,1,1,0.8688347565294701
1,124.94,124.94,1,223,0,1.0,1,1,0.5310353178692505
1,307.69,307.69,1,46,0,1.0,1,1,0.6819125420119553
1,96.33,96.33,1,73,0,1.0,1,1,0.5584192929772472
1,75.00999999999999,75.00999999999999,1,376,0,1.0,1,1,0.7402689929498838
1,39.17,39.17,1,40,0,1.0,1,0,0.4945149445867395
1,61.75,61.75,1,23,0,1.0,1,1,0.5067470852332254
1,67.0,67.0,1,97,0,1.0,1,1,0.5568346682210926
1,64.09,64.09,1,96,0,1.0,1,1,0.5520608698100866
1,38.62,38.62,1,15,0,1.0,1,0,0.487409624700434
1,50.1,50.1,1,94,0,1.0,1,0,0.4763930982109897
1,194.55,194.55,1,65,0,1.0,1,1,0.5406141131359135
1,39.6,39.6,1,93,0,1.0,1,1,0.5854610843541461
1,179.56,179.56,1,366,0,1.0,1,1,0.6619151386476997
1,454.97,454.97,1,229,0,1.0,1,1,0.9605987963322368
1,135.17999999999998,135.17999999999998,2,302,0,1.0,1,1,0.7027772339670091
1,254.04000000000002,254.04000000000002,1,109,0,1.0,1,1,0.7148399846824663
1,66.67,66.67,1,94,0,1.0,1,0,0.4582093373471642
1,247.83,247.83,1,220,0,1.0,1,1,0.8486314659121048
1,816.36,816.36,2,43,0,1.0,1,1,0.9124994862030883
1,61.5,61.5,1,9,0,1.0,1,1,0.5136923200833984
1,249.99,249.99,2,50,0,1.0,1,1,0.7274710115566906
1,215.47,215.47,1,302,0,1.0,1,1,0.6853941960846707
1,263.24,263.24,1,149,0,1.0,1,1,0.7995303391372133
1,63.599999999999994,63.599999999999994,1,88,0,1.0,1,1,0.5451434428453182
1,117.65,117.65,1,5,0,1.0,1,1,0.5841998071402053
1,23.68,23.68,1,64,0,1.0,1,0,0.4518108838242323
1,106.38,106.38,1,112,0,1.0,1,1,0.6008733217217949
1,169.44,169.44,1,329,0,1.0,1,1,0.7655789523604164
1,232.43,232.43,1,153,0,1.0,1,1,0.7388259126894678
1,165.70000000000002,165.70000000000002,1,127,0,1.0,1,1,0.5811979497143874
1,87.71000000000001,87.71000000000001,1,224,0,1.0,1,1,0.6037700481808062
1,28.0,28.0,1,50,0,1.0,1,1,0.5660822774421815
1,57.56,57.56,1,306,0,1.0,1,1,0.7891201902735626
1,129.39000000000001,129.39000000000001,1,37,0,1.0,1,0,0.4532488301225165
1,79.86,79.86,1,373,0,1.0,1,1,0.7325362988625702
1,214.63,214.63,1,308,0,1.0,1,1,0.7667853673033196
1,41.72,41.72,1,2,0,1.0,1,1,0.8192259738133675
1,51.09,51.09,1,29,0,1.0,1,0,0.4873915694879807
1,163.29000000000002,163.29000000000002,1,42,0,1.0,1,0,0.4674008463949974
1,43.71,43.71,1,201,0,1.0,1,1,0.7181701650550472
1,35.0,35.0,1,285,0,1.0,1,1,0.5965079897112451
1,263.24,263.24,1,8,0,1.0,1,0,0.4502837676691405
1,113.15,113.15,1,105,0,1.0,1,1,0.5490921587114777
1,104.11999999999999,104.11999999999999,1,66,0,1.0,1,1,0.592118606861986
1,103.12,103.12,1,37,0,1.0,1,1,0.5403369121532192
1,29.77,29.77,1,22,0,1.0,1,0,0.3268023656987785
1,54.6,54.6,1,113,0,1.0,1,0,0.4759536504775563
1,75.07,75.07,1,7,0,1.0,1,0,0.4628751152958697
1,144.56,144.56,1,51,0,1.0,1,1,0.5519344940049362
1,224.98,224.98,1,160,0,1.0,1,1,0.7435267673903225
1,66.78,66.78,1,12,0,1.0,1,0,0.4380352860756423
1,60.4,60.4,1,85,0,1.0,1,0,0.4359771939508482
1,92.57,92.57,1,86,0,1.0,1,1,0.6568374163112822
1,164.79,164.79,1,272,0,1.0,1,1,0.5696897064135975
1,32.1,32.1,1,198,0,1.0,1,1,0.6931846823901606
1,72.85,72.85,1,161,0,1.0,1,1,0.6457427046975184
1,188.42000000000002,188.42000000000002,1,166,0,1.0,1,1,0.7488228984359722
1,102.3,102.3,1,92,0,1.0,1,1,0.620062474621116
1,102.82,102.82,1,168,0,1.0,1,1,0.6010240963013687
1,35.69,35.69,1,88,0,1.0,1,1,0.5682716859720207
2,357.04,178.52,3,27,6,0.2857142857142857,1,0,0.41898334332778664
1,92.99000000000001,92.99000000000001,1,96,0,1.0,1,1,0.6735435710566159
1,60.42,60.42,1,390,0,1.0,1,1,0.5049054738620501
1,45.61,45.61,1,133,0,1.0,1,1,0.5428019504783865
1,111.93,111.93,1,304,0,1.0,1,1,0.7863154992914133
1,105.36999999999999,105.36999999999999,1,212,0,1.0,1,1,0.5782915093528513
1,102.11999999999999,102.11999999999999,1,133,0,1.0,0,1,0.6086469257622963
1,41.75,41.75,1,35,0,1.0,1,1,0.6108793940487572
1,110.1,110.1,1,114,0,1.0,1,1,0.5658305390103157
1,59.17,59.17,1,96,0,1.0,1,0,0.47815777896296613
1,48.269999999999996,48.269999999999996,1,266,0,1.0,1,0,0.49678286818831263
1,234.16,234.16,1,47,0,1.0,1,1,0.5473991630427653
1,35.86,35.86,1,388,0,1.0,1,1,0.7477433164150415
1,228.69,228.69,1,118,0,1.0,1,1,0.762003441974541
1,147.16,147.16,1,24,0,1.0,1,1,0.5063505496739069
1,126.30000000000001,126.30000000000001,1,8,0,1.0,1,0,0.40793449190200465
1,253.04,253.04,2,93,0,1.0,1,1,0.846237799969499
1,183.51,183.51,1,195,0,1.0,1,1,0.6205148737719873
1,36.1,36.1,1,219,0,1.0,1,1,0.6802595207118936
1,76.83,76.83,1,323,0,1.0,1,1,0.8449174953871704
1,38.089999999999996,38.089999999999996,1,185,0,1.0,1,1,0.6583749308727063
1,49.0,49.0,1,203,0,1.0,1,1,0.5458376299454799
1,85.85,85.85,1,290,0,1.0,1,0,0.44947202229461225
1,214.69,214.69,1,179,0,1.0,1,1,0.5843795165806951
1,243.74,243.74,1,13,0,1.0,1,1,0.5452613328451634
1,86.15,86.15,1,195,0,1.0,1,1,0.6210147096957436
1,35.0,35.0,1,114,0,1.0,1,1,0.579324641360305
1,283.33,283.33,1,192,0,1.0,1,1,0.8437355774968388
1,84.79,84.79,1,5,0,1.0,1,1,0.6381503006176948
1,155.63,155.63,1,14,0,1.0,1,0,0.4992724355584452
1,314.84,314.84,1,280,0,1.0,1,1,0.908240722035725
1,96.8,96.8,1,87,0,1.0,1,1,0.5687469552294716
1,65.0,65.0,1,34,0,1.0,1,1,0.5076426843776002
1,76.08,76.08,1,95,0,1.0,1,1,0.6464501800862049
1,215.70000000000002,215.70000000000002,1,375,0,1.0,1,1,0.6476600365833954
1,100.33999999999999,100.33999999999999,1,34,0,1.0,1,1,0.5051255488359956
1,64.05,64.05,1,96,0,1.0,1,1,0.5520608698100866
1,197.52,197.52,1,351,0,1.0,1,1,0.7323384429861889
1,137.0,137.0,1,105,0,1.0,1,1,0.5729775473887546
1,94.06,94.06,1,197,0,1.0,1,1,0.6746818379365142
1,161.37,161.37,1,213,0,1.0,1,1,0.5547103175177583
1,817.61,817.61,1,128,0,1.0,1,1,0.9210727698475109
1,356.7900000000001,356.7900000000001,3,236,0,1.0,1,1,0.6645540611990934
1,183.84,183.84,1,218,0,1.0,1,1,0.6587396140454239
1,94.59,94.59,1,50,0,1.0,1,1,0.5748158938464178
1,141.44,141.44,2,12,0,1.0,1,1,0.530621425865576
1,170.17999999999998,170.17999999999998,1,134,0,1.0,1,1,0.5827330792377966
1,65.00999999999999,65.00999999999999,1,9,0,1.0,1,0,0.47912732675371433
1,106.47999999999999,106.47999999999999,1,94,0,1.0,1,1,0.6121166067407657
2,333.15,166.575,2,171,84,0.023529411764705882,1,1,0.8431435914684339
1,168.20000000000002,168.20000000000002,1,130,0,1.0,1,1,0.5848352567922355
1,91.15,91.15,1,357,0,1.0,1,1,0.7333236452428294
1,53.86,53.86,1,302,0,1.0,1,1,0.5299278184185215
1,50.0,50.0,1,243,0,1.0,1,0,0.47769639992788976
1,168.29000000000002,168.29000000000002,1,165,0,1.0,1,1,0.5753504139743074
1,115.15,115.15,1,152,0,1.0,1,1,0.6030697777613206
1,100.7,100.7,1,353,0,1.0,1,1,0.6459606839344059
1,42.8,42.8,1,237,0,1.0,1,1,0.7130945252152853
1,49.56999999999999,49.56999999999999,1,24,0,1.0,1,0,0.47912415034529005
1,135.77,135.77,1,94,0,1.0,1,1,0.61111256019968
1,120.38999999999999,120.38999999999999,1,280,0,1.0,1,1,0.6044062227159309
1,336.53999999999996,336.53999999999996,2,296,0,1.0,1,1,0.8938512750111611
1,94.21000000000001,94.21000000000001,1,80,0,1.0,1,1,0.6540554431231718
1,171.44,171.44,1,224,0,1.0,1,1,0.5777679414542867
1,90.16,90.16,2,104,0,1.0,1,1,0.5662195640223406
1,45.489999999999995,45.489999999999995,1,298,0,1.0,1,1,0.5228329876925065
1,102.02,102.02,2,54,0,1.0,1,0,0.4347861457350487
1,445.75,445.75,1,110,0,1.0,1,1,0.7650893082046443
1,146.16,146.16,2,301,0,1.0,1,1,0.683554474008916
1,93.3,93.3,1,231,0,1.0,1,1,0.559254996107837
1,176.23000000000002,176.23000000000002,1,38,0,1.0,1,1,0.6591528044871636
1,1173.84,1173.84,1,56,0,1.0,1,1,0.993960219729958
1,109.41000000000001,109.41000000000001,1,171,0,1.0,1,1,0.5616152245951966
1,180.4,180.4,1,96,0,1.0,1,1,0.674202832409223
1,197.02,197.02,1,100,0,1.0,1,1,0.7584545802093391
1,31.089999999999996,31.089999999999996,1,3,0,1.0,1,0,0.4540659713003364
1,27.77,27.77,1,273,0,1.0,1,1,0.6272385920931624
1,71.63,71.63,1,205,0,1.0,1,1,0.6265355720320464
1,74.62,74.62,1,302,0,1.0,1,1,0.5868648604613261
1,43.01,43.01,1,68,0,1.0,1,1,0.5856741038651341
1,43.53,43.53,1,230,0,1.0,1,1,0.7502203860826282
1,297.39,297.39,1,25,0,1.0,1,1,0.5844064431535788
1,196.75,196.75,1,371,0,1.0,1,1,0.7475966817722695
1,101.34,101.34,1,61,0,1.0,1,1,0.5631702857148091
1,68.49,68.49,1,87,0,1.0,1,1,0.6367726767465862
1,75.14999999999999,75.14999999999999,1,112,0,1.0,1,1,0.6524571345550779
1,53.1,53.1,1,47,0,1.0,1,0,0.4849747305107173
1,90.19,90.19,1,177,0,1.0,1,1,0.6554133310636093
1,159.26,159.26,1,81,0,1.0,1,1,0.6165930787256261
1,30.0,30.0,1,280,0,1.0,1,1,0.6371710382599919
1,184.94,184.94,1,26,0,1.0,1,1,0.7194853817567173
1,62.01,62.01,1,92,0,1.0,1,1,0.5319772032186567
1,44.1,44.1,1,226,0,1.0,1,1,0.7705751614568416
1,119.75999999999999,119.75999999999999,1,344,0,1.0,1,1,0.6488574729038296
1,921.05,921.05,1,96,0,1.0,1,1,0.9060983120998344
1,45.089999999999996,45.089999999999996,1,72,0,1.0,1,1,0.542357249050387
1,128.88,128.88,1,308,0,1.0,1,1,0.7736608757453924
1,83.15,83.15,1,36,0,1.0,1,0,0.49203722959714413
1,57.72,57.72,1,332,0,1.0,1,1,0.6530761626247733
1,162.70000000000002,162.70000000000002,1,244,0,1.0,1,1,0.5083013422555108
1,63.7,63.7,1,143,0,1.0,1,1,0.5576567893363658
1,116.94,116.94,1,29,0,1.0,1,1,0.5082379554954621
1,235.28,235.28,1,290,0,1.0,1,1,0.7915253913624688
1,50.1,50.1,1,141,0,1.0,1,0,0.483785332049398
1,167.7,167.7,1,325,0,1.0,1,1,0.7475931404004753
1,558.89,558.89,1,140,0,1.0,1,1,0.8870354479849097
1,92.87,92.87,1,258,0,1.0,1,1,0.576134598375157
1,62.94,62.94,1,154,0,1.0,1,1,0.5584630785912768
1,36.9,36.9,1,20,0,1.0,1,0,0.35932907461824465
1,134.26999999999998,134.26999999999998,1,357,0,1.0,1,1,0.6118849547120813
1,91.72,91.72,2,341,0,1.0,1,1,0.767686002403901
1,69.14,69.14,1,124,0,1.0,1,1,0.6332754579073445
1,116.23,116.23,1,86,0,1.0,1,1,0.6034579022935409
1,77.11,77.11,1,268,0,1.0,1,1,0.524415727925401
1,1129.9099999999999,1129.9099999999999,1,41,0,1.0,1,1,0.9975541740331759
1,198.66,198.66,2,33,0,1.0,1,0,0.4070708522640821
1,125.52,125.52,1,33,0,1.0,1,0,0.4013765557634636
1,95.31,95.31,1,64,0,1.0,1,1,0.6231839089918736
1,69.52,69.52,2,13,0,1.0,1,1,0.6205851248663371
1,959.96,959.96,1,286,0,1.0,1,1,0.9818372464399533
1,185.14,185.14,2,75,0,1.0,1,1,0.8433350435093329
1,225.21,225.21,1,279,0,1.0,1,1,0.8220710726258816
1,49.36,49.36,1,2,0,1.0,1,1,0.7843199011565345
1,82.83,82.83,1,0,0,1.0,1,1,0.7796295848247193
1,74.16,74.16,1,90,0,1.0,1,1,0.6539110120875332
1,43.85,43.85,1,145,0,1.0,1,1,0.6607541333732421
1,98.0,98.0,2,171,0,1.0,1,1,0.6025861869190056
1,457.44,457.44,1,91,0,1.0,1,1,0.8143812262582205
1,320.58,320.58,1,138,0,1.0,1,1,0.8133656333301446
1,94.31,94.31,1,15,0,1.0,1,1,0.5698346921033074
1,83.94,83.94,1,142,0,1.0,1,1,0.616171350442103
1,53.33,53.33,1,257,0,1.0,1,0,0.480915844622046
1,195.91,195.91,1,177,0,1.0,1,1,0.751215089777628
1,124.47999999999999,124.47999999999999,1,210,0,1.0,1,1,0.5777063114368018
1,109.18,109.18,1,9,0,1.0,1,0,0.45212171833666387
1,148.06,148.06,1,246,0,1.0,1,1,0.5113505664640428
1,132.01999999999998,132.01999999999998,2,206,0,1.0,1,1,0.6979335621485355
1,104.83,104.83,1,42,0,1.0,1,1,0.5289132424747154
2,174.48,87.24,2,200,14,0.13333333333333333,1,1,0.6655043884948926
1,224.39000000000001,224.39000000000001,1,133,0,1.0,1,1,0.7590534566065263
1,114.84,114.84,1,44,0,1.0,1,1,0.5153970236677186
1,85.8,85.8,1,254,0,1.0,1,1,0.5068777961743633
1,426.07,426.07,1,22,0,1.0,1,1,0.7766651634650035
1,158.13,158.13,1,100,0,1.0,1,1,0.5900584732018703
1,17.34,17.34,1,35,0,1.0,1,0,0.4549499470539118
1,170.86,170.86,1,169,0,1.0,1,1,0.5716298789319458
1,37.769999999999996,37.769999999999996,1,72,0,1.0,1,0,0.36059818853088854
1,419.06,419.06,1,413,0,1.0,1,1,0.9718294057164204
1,517.22,517.22,1,133,0,1.0,1,1,0.7140043699449795
1,1122.45,1122.45,1,92,0,1.0,1,1,0.9346782436049864
1,70.72,70.72,1,183,0,1.0,1,1,0.6827092021402972
1,60.0,60.0,1,232,0,1.0,1,0,0.49060224851223133
1,134.57999999999998,134.57999999999998,1,35,0,1.0,1,0,0.42451007702512644
1,24.34,24.34,1,372,0,1.0,1,1,0.7177674022877202
1,75.16,75.16,1,49,0,1.0,1,1,0.5520015188030363
1,73.18,73.18,1,335,0,1.0,1,1,0.724837220299966
1,163.79,163.79,1,255,0,1.0,1,1,0.5671689610361774
1,131.12,131.12,1,342,0,1.0,1,1,0.6190001976727286
1,126.33,126.33,1,36,0,1.0,1,0,0.40202084594747134
1,380.65999999999997,380.65999999999997,1,263,0,1.0,1,1,0.9349066575294988
1,76.65,76.65,1,102,0,1.0,1,1,0.6392001116388473
1,221.93,221.93,2,55,0,1.0,1,1,0.6941924430637186
1,25.5,25.5,1,111,0,1.0,1,0,0.4527715949144055
1,157.13,157.13,1,144,0,1.0,1,1,0.5785590455054048
1,80.2,80.2,1,44,0,1.0,1,1,0.5193305729318595
1,175.76999999999998,175.76999999999998,3,174,0,1.0,1,1,0.7784768739410755
1,60.0,60.0,1,273,0,1.0,1,0,0.47247131631656697
1,35.41,35.41,1,87,0,1.0,1,1,0.5682716859720207
1,94.3,94.3,1,224,0,1.0,1,1,0.6299895753975486
1,31.75,31.75,1,290,0,1.0,1,1,0.6291492392704588
1,46.78,46.78,1,111,0,1.0,1,1,0.5419782862298549
1,117.57999999999998,117.57999999999998,3,378,0,1.0,1,1,0.8994590120173662
1,355.01,355.01,1,94,0,1.0,1,1,0.7240261838242397
1,192.55,192.55,1,509,0,1.0,1,1,0.7868938878354325
1,43.86,43.86,1,309,0,1.0,1,1,0.868862417677304
1,97.86999999999999,97.86999999999999,1,238,0,1.0,1,0,0.4696901657219201
1,60.85,60.85,1,223,0,1.0,1,1,0.5463429111872775
1,125.42,125.42,1,207,0,1.0,1,1,0.5777063114368018
1,210.89,210.89,1,102,0,1.0,1,1,0.6557586614077207
1,169.49,169.49,1,102,0,1.0,1,1,0.5928357832158885
1,107.0,107.0,1,51,0,1.0,1,1,0.5451677207366215
1,116.94,116.94,1,96,0,1.0,1,1,0.6276507151994366
1,141.28,141.28,1,330,0,1.0,1,1,0.7663675683938775
1,120.89999999999999,120.89999999999999,1,64,0,1.0,1,1,0.5239713621887352
1,486.65999999999997,486.65999999999997,1,90,0,1.0,1,1,0.9091223667844379
1,84.23,84.23,1,96,0,1.0,1,1,0.616230513173579
1,169.01,169.01,1,296,0,1.0,1,1,0.6100688790431537
1,250.82,250.82,1,350,0,1.0,1,1,0.8330516308682118
1,96.57,96.57,1,154,0,1.0,1,1,0.5700692217626654
1,237.53,237.53,1,39,0,1.0,1,0,0.4925043497482045
1,138.02999999999997,138.02999999999997,3,184,0,1.0,1,1,0.8017597420956941
1,51.54,51.54,2,58,0,1.0,1,1,0.6778500743999794
1,89.17,89.17,1,65,0,1.0,1,1,0.6351948347161182
1,119.08000000000001,119.08000000000001,1,17,0,1.0,1,0,0.47110368128619967
1,267.78,267.78,1,342,0,1.0,1,1,0.8241669570078485
1,69.12,69.12,1,57,0,1.0,1,1,0.5216322350797364
1,86.02000000000001,86.02000000000001,1,2,0,1.0,1,1,0.8208926266621859
1,76.19,76.19,1,101,0,1.0,1,1,0.6392001116388473
1,102.17999999999999,102.17999999999999,2,114,0,1.0,1,1,0.6716431017375716
1,98.79,98.79,1,301,0,1.0,1,0,0.49727601009841577
1,163.97,163.97,1,169,0,1.0,1,1,0.5728731656336105
1,61.800000000000004,61.800000000000004,1,96,0,1.0,1,1,0.5303864962184872
1,176.16,176.16,2,103,0,1.0,1,1,0.7230719591292512
1,115.35000000000001,115.35000000000001,1,137,0,1.0,1,1,0.5965306261082229
1,180.79,180.79,1,248,0,1.0,1,1,0.6829693575018995
1,157.32,157.32,1,160,0,1.0,1,1,0.587055414283961
1,155.10000000000002,155.10000000000002,1,305,0,1.0,1,1,0.7643422532158004
1,361.45,361.45,1,139,0,1.0,1,1,0.7137152283464766
1,278.24,278.24,2,57,0,1.0,1,1,0.7740442324095627
1,208.70000000000002,208.70000000000002,2,305,0,1.0,1,1,0.6010902456867799
1,615.44,615.44,1,53,0,1.0,1,1,0.9709480478947707
1,231.27,231.27,1,210,0,1.0,1,1,0.7159999645165889
1,1232.85,1232.85,1,180,0,1.0,1,1,0.9752570272511879
1,65.87,65.87,1,8,0,1.0,1,0,0.4832179795996862
1,233.89,233.89,1,262,0,1.0,1,1,0.7956751082855329
1,79.74,79.74,1,37,0,1.0,1,1,0.5263780533720462
1,215.14,215.14,1,3,0,1.0,1,1,0.505726894190967
1,34.0,34.0,1,128,0,1.0,1,1,0.6079665745409856
1,125.85000000000001,125.85000000000001,1,301,0,1.0,1,1,0.5608763917390875
1,25.0,25.0,1,110,0,1.0,1,0,0.4527715949144055
1,26.09,26.09,1,36,0,1.0,1,0,0.37151944485648486
1,69.12,69.12,1,23,0,1.0,1,0,0.44880226183781624
1,133.08,133.08,1,243,0,1.0,1,1,0.5409964964964658
1,174.36,174.36,1,40,0,1.0,1,0,0.4715028037098541
1,91.66,91.66,1,338,0,1.0,1,1,0.7277437813851413
1,64.89999999999999,64.89999999999999,1,112,0,1.0,1,1,0.5120125009128434
1,115.33000000000001,115.33000000000001,1,369,0,1.0,1,1,0.6727554165048123
1,65.0,65.0,1,266,0,1.0,1,1,0.5306460830117512
1,1783.7,1783.7,1,78,0,1.0,1,1,0.9729729954656925
1,138.07999999999998,138.07999999999998,1,11,0,1.0,1,0,0.48922878698534866
1,48.89,48.89,1,225,0,1.0,1,1,0.5777564787444642
1,71.56,71.56,1,317,0,1.0,1,1,0.8150623871659315
1,104.11999999999999,104.11999999999999,1,92,0,1.0,1,1,0.620062474621116
1,103.64,103.64,1,178,0,1.0,1,1,0.6017968133940518
1,491.52,491.52,1,114,0,1.0,1,1,0.779830431216345
1,104.28,104.28,1,156,0,1.0,1,1,0.604754537154713
1,333.51,333.51,1,128,0,1.0,1,1,0.8133656333301446
1,67.5,67.5,1,281,0,1.0,1,0,0.4111066467850695
1,187.75,187.75,1,144,0,1.0,1,1,0.7176149732763497
1,152.99,152.99,1,57,0,1.0,1,1,0.5461593324788016
1,37.99,37.99,1,72,0,1.0,1,0,0.48884733299352434
1,1478.95,1478.95,5,53,0,1.0,1,1,0.9751661380028668
3,56.86,18.953333333333333,3,419,0,3.0,1,1,0.9501869278203416
1,100.33,100.33,1,191,0,1.0,1,1,0.5457005593248144
1,368.28,368.28,1,309,0,1.0,1,1,0.8000652346233718
1,120.17999999999999,120.17999999999999,1,96,0,1.0,1,1,0.5957995306784603
1,150.7,150.7,1,220,0,1.0,1,1,0.5392243117804523
1,147.64000000000001,147.64000000000001,1,333,0,1.0,1,1,0.5996750799439493
1,175.04,175.04,1,20,0,1.0,1,0,0.47884609110266885
1,879.44,879.44,2,14,0,1.0,1,1,0.910947878773062
1,519.48,519.48,3,85,0,1.0,1,1,0.803808247835053
1,64.78999999999999,64.78999999999999,1,275,0,1.0,1,1,0.5376192031883599
1,77.57,77.57,1,213,0,1.0,1,1,0.6050708118569049
1,183.73000000000002,183.73000000000002,1,69,0,1.0,1,1,0.736542818540074
1,461.31,461.31,1,18,0,1.0,1,1,0.7735176586945824
1,162.47,162.47,1,195,0,1.0,1,1,0.5862313442422682
1,366.19,366.19,1,237,0,1.0,1,1,0.8458910725012465
1,54.0,54.0,1,206,0,1.0,1,1,0.5221659027343543
1,79.56,79.56,1,176,0,1.0,1,1,0.6406200037853736
1,103.55,103.55,1,330,0,1.0,1,1,0.8137599396320235
1,102.03,102.03,1,269,0,1.0,1,1,0.6289755322003503
1,88.81,88.81,1,41,0,1.0,1,1,0.574541746931507
1,61.51,61.51,1,42,0,1.0,1,1,0.5096524922128547
1,424.57,424.57,1,214,0,1.0,1,1,0.9571379883489758
1,186.19,186.19,1,171,0,1.0,1,1,0.7488228984359722
1,206.92000000000002,206.92000000000002,1,70,0,1.0,1,1,0.6612595713979983
1,182.92000000000002,182.92000000000002,1,160,0,1.0,1,1,0.6134936069512548
1,134.94,134.94,1,303,0,1.0,1,1,0.5352334445465246
1,57.72,57.72,1,302,0,1.0,1,1,0.5419130692862499
1,165.29,165.29,1,54,0,1.0,1,1,0.5129007318601589
1,41.839999999999996,41.839999999999996,1,146,0,1.0,1,1,0.6300647463017748
1,58.09,58.09,1,30,0,1.0,1,0,0.4816916503801058
1,105.28,105.28,1,229,0,1.0,1,1,0.6050273326743423
1,35.72,35.72,1,0,0,1.0,1,1,0.8357071029124584
1,187.47,187.47,1,353,0,1.0,1,1,0.7242899940146198
1,64.4,64.4,1,341,0,1.0,1,1,0.6951481533536162
1,64.62,64.62,1,194,0,1.0,1,1,0.5434904306571182
1,105.74000000000001,105.74000000000001,1,411,0,1.0,1,1,0.7204775128993158
1,153.9,153.9,1,99,0,1.0,1,1,0.6214047398660439
1,75.84,75.84,1,322,0,1.0,1,1,0.847033919549548
1,251.28,251.28,1,377,0,1.0,1,1,0.8462094230603289
1,292.34000000000003,292.34000000000003,1,169,0,1.0,1,1,0.839967287785045
1,74.07,74.07,1,33,0,1.0,1,1,0.5260223571080196
1,137.04000000000002,137.04000000000002,1,127,0,1.0,1,1,0.5756310481447396
1,175.28,175.28,2,122,0,1.0,1,1,0.7193829731254153
1,123.69,123.69,1,34,0,1.0,1,0,0.4178014547980623
1,170.67000000000002,170.67000000000002,1,338,0,1.0,1,1,0.6063057060020275
1,344.84000000000003,344.84000000000003,1,82,0,1.0,1,1,0.8299240071964468
1,98.43,98.43,1,53,0,1.0,1,1,0.5382829612843946
1,117.47,117.47,1,58,0,1.0,1,1,0.5910121754815499
1,117.55,117.55,1,161,0,1.0,1,1,0.5710335761090376
1,114.77000000000001,114.77000000000001,1,94,0,1.0,1,1,0.5932062184261597
1,110.77000000000001,110.77000000000001,1,289,0,1.0,1,1,0.5587453430573229
1,150.29000000000002,150.29000000000002,1,146,0,1.0,1,1,0.5785590455054048
1,123.89,123.89,1,29,0,1.0,1,0,0.4325929234352652
1,203.96,203.96,1,31,0,1.0,1,0,0.4460586228279707
1,265.44,265.44,6,300,0,1.0,1,1,0.8572631151997017
1,235.4,235.4,1,133,0,1.0,1,1,0.7493370122210445
1,303.63,303.63,1,54,0,1.0,1,1,0.7465111097734382
1,77.57,77.57,1,175,0,1.0,1,1,0.6382762425764361
1,225.42000000000002,225.42000000000002,1,137,0,1.0,1,1,0.7493964203625716
1,358.83,358.83,1,141,0,1.0,1,1,0.7091394072526525
1,170.48,170.48,1,254,0,1.0,1,1,0.6270779875066391
1,89.07,89.07,1,304,0,1.0,1,1,0.8538261173601673
1,22.84,22.84,1,7,0,1.0,1,1,0.5564810765848572
1,48.71,48.71,1,87,0,1.0,1,0,0.4798720772608549
1,178.52,178.52,1,289,0,1.0,1,1,0.6149284597526861
1,573.18,573.18,2,27,0,1.0,1,1,0.9553131500664991
1,95.77000000000001,95.77000000000001,1,207,0,1.0,1,1,0.5877060393176811
1,184.93,184.93,1,29,0,1.0,1,1,0.6844669428252829
1,25.86,25.86,1,300,0,1.0,1,1,0.5709214542979196
1,72.64,72.64,1,186,0,1.0,1,1,0.6562344715504096
1,65.78999999999999,65.78999999999999,1,258,0,1.0,1,1,0.5256889586999024
1,51.85,51.85,1,189,0,1.0,1,0,0.49385800908313343
1,110.08,110.08,1,343,0,1.0,1,1,0.6596706317945542
1,91.96000000000001,91.96000000000001,1,261,0,1.0,1,1,0.5781063130462966
1,254.42,254.42,1,296,0,1.0,1,1,0.8537421328498037
1,139.52,139.52,1,15,0,1.0,1,1,0.5043460506895948
1,142.13,142.13,1,107,0,1.0,1,1,0.5925242645704238
1,55.1,55.1,1,251,0,1.0,1,0,0.4524807635826455
1,119.25,119.25,1,28,0,1.0,1,0,0.45645176340395316
1,117.16,117.16,1,135,0,1.0,1,1,0.6068609988240815
1,30.75,30.75,1,257,0,1.0,1,1,0.63503085676218
1,171.78,171.78,2,55,0,1.0,1,1,0.5206455696888141
1,159.52,159.52,2,29,0,1.0,1,1,0.5564312669705654
1,35.0,35.0,1,40,0,1.0,1,0,0.44456500224808027
3,515.3700000000001,171.79000000000005,3,150,106,0.028037383177570093,1,1,0.7410587843409284
1,120.89999999999999,120.89999999999999,1,113,0,1.0,1,1,0.5745722550895854
1,116.36000000000001,116.36000000000001,1,10,0,1.0,1,0,0.4896147903789781
1,109.3,109.3,1,307,0,1.0,1,1,0.7914629888128177
1,335.47,335.47,1,160,0,1.0,1,1,0.8713285472988688
1,92.80000000000001,92.80000000000001,1,145,0,1.0,1,1,0.6613141527088146
1,158.71,158.71,1,226,0,1.0,1,1,0.5727407491254365
1,81.72,81.72,1,233,0,1.0,1,1,0.5069481327395238
1,34.089999999999996,34.089999999999996,1,195,0,1.0,1,1,0.6795036047249212
1,137.67,137.67,1,155,0,1.0,1,1,0.57181177027384
2,201.07999999999998,100.53999999999999,2,127,115,0.017241379310344827,1,0,0.4187920234168784
1,109.31,109.31,1,67,0,1.0,1,1,0.5734412995328251
1,508.02000000000004,508.02000000000004,2,61,0,1.0,1,1,0.9075842866224063
1,70.83,70.83,1,48,0,1.0,1,0,0.4948125381509448
1,349.76,349.76,1,31,0,1.0,1,1,0.5633505307138517
1,305.27,305.27,1,69,0,1.0,1,1,0.7514559171818117
2,323.96,161.98,2,52,342,0.0058309037900874635,1,1,0.858555900955285
1,44.589999999999996,44.589999999999996,1,28,0,1.0,1,1,0.5603818940959655
1,50.74,50.74,1,323,0,1.0,1,1,0.7942981011097561
2,201.22000000000003,100.61000000000001,2,355,0,2.0,1,1,0.9556619498152447
1,43.75,43.75,1,75,0,1.0,1,1,0.5099850726782346
1,641.1800000000001,641.1800000000001,1,322,0,1.0,1,1,0.979828821654332
1,73.5,73.5,2,275,0,1.0,1,1,0.652082301400598
1,132.13,132.13,1,314,0,1.0,1,1,0.7745537328882496
1,81.88,81.88,1,319,0,1.0,1,1,0.8457418797824964
1,748.27,748.27,1,303,0,1.0,1,1,0.9843082421905188
1,28.75,28.75,1,91,0,1.0,1,1,0.6372755521850912
1,192.78,192.78,1,36,0,1.0,1,0,0.3602380202982191
1,158.13,158.13,1,256,0,1.0,1,1,0.571541935401976
1,85.14,85.14,1,294,0,1.0,1,1,0.5448432894954228
1,55.27,55.27,1,193,0,1.0,1,0,0.4990899180140097
1,137.02,137.02,1,110,0,1.0,1,1,0.5742215949228859
1,82.73,82.73,1,181,0,1.0,1,1,0.6368686238631329
1,317.15999999999997,317.15999999999997,1,337,0,1.0,1,1,0.8075497856599145
1,239.35000000000002,239.35000000000002,1,276,0,1.0,1,1,0.8674792324640581
1,1778.01,1778.01,1,37,0,1.0,1,1,0.9944419119046853
1,101.12,101.12,1,285,0,1.0,1,0,0.4691418187274249
1,33.730000000000004,33.730000000000004,1,99,0,1.0,1,1,0.5851940733503864
1,165.71,165.71,1,29,0,1.0,1,0,0.44109667693789895
1,850.92,850.92,1,202,0,1.0,1,1,0.9708166145693029
1,64.0,64.0,2,137,0,1.0,1,1,0.7298235517807308
1,166.58,166.58,1,177,0,1.0,1,1,0.5734722743271934
1,226.22,226.22,1,42,0,1.0,1,1,0.5268951185725751
1,186.48999999999998,186.48999999999998,1,400,0,1.0,1,1,0.7731813697281691
1,26.84,26.84,1,94,0,1.0,1,1,0.6225073629382246
1,87.71000000000001,87.71000000000001,1,82,0,1.0,1,1,0.6366072435075888
1,676.96,676.96,1,324,0,1.0,1,1,0.9896979317495944
1,111.91999999999999,111.91999999999999,1,377,0,1.0,1,1,0.6746226640110617
1,99.42999999999999,99.42999999999999,1,36,0,1.0,1,0,0.47351761886466115
1,32.29,32.29,1,219,0,1.0,1,1,0.7116120091157581
1,91.19,91.19,1,270,0,1.0,1,1,0.5706169124304029
1,25.509999999999998,25.509999999999998,1,405,0,1.0,1,1,0.699743281771655
1,244.31,244.31,1,17,0,1.0,1,1,0.5366206100005865
1,152.66,152.66,1,298,0,1.0,1,1,0.5459809901594194
1,76.08,76.08,1,108,0,1.0,1,1,0.6392001116388473
1,150.38,150.38,1,110,0,1.0,1,1,0.5913025207360016
1,122.60000000000001,122.60000000000001,1,252,0,1.0,1,1,0.5606248319878746
1,66.69,66.69,1,38,0,1.0,1,0,0.4959701963349295
1,45.86,45.86,1,341,0,1.0,1,1,0.6604178689665767
1,22.84,22.84,1,35,0,1.0,1,0,0.38032816347810877
1,143.02,143.02,1,23,0,1.0,1,1,0.5063505496739069
1,82.44,82.44,1,72,0,1.0,1,1,0.5946645443706018
1,487.55,487.55,1,282,0,1.0,1,1,0.9632148314250245
1,53.4,53.4,2,2,0,1.0,1,1,0.7916051165919893
1,116.23,116.23,1,148,0,1.0,1,1,0.5942979935930343
1,80.2,80.2,1,218,0,1.0,1,1,0.6097536966303561
1,226.74,226.74,1,49,0,1.0,1,1,0.6129772449478855
1,30.95,30.95,1,360,0,1.0,1,1,0.7842352153910769
1,74.05,74.05,1,69,0,1.0,1,1,0.5912975961934278
1,51.05,51.05,1,95,0,1.0,1,0,0.4766758965745756
1,28.169999999999998,28.169999999999998,1,221,0,1.0,1,1,0.7190917712057898
1,40.51,40.51,1,368,0,1.0,1,1,0.7711280724690593
1,227.27,227.27,1,209,0,1.0,1,1,0.7440043875950993
1,56.78,56.78,1,53,0,1.0,1,0,0.4942077828023947
1,65.71000000000001,65.71000000000001,1,93,0,1.0,1,1,0.5462791480652761
1,36.769999999999996,36.769999999999996,1,341,0,1.0,1,1,0.7717704310604085
1,223.76,223.76,1,283,0,1.0,1,1,0.8209343598762657
1,42.68,42.68,1,4,0,1.0,1,1,0.590601801760871
1,40.0,40.0,1,40,0,1.0,1,0,0.4630648366629165
2,116.91999999999999,58.459999999999994,2,200,0,2.0,1,1,0.7145468415804207
1,105.36999999999999,105.36999999999999,1,191,0,1.0,1,1,0.6091509087861245
1,141.43,141.43,1,196,0,1.0,1,1,0.5785919486807138
1,138.98000000000002,138.98000000000002,1,338,0,1.0,1,1,0.5972185189776311
1,87.36,87.36,1,53,0,1.0,1,1,0.5677688627542579
1,215.64,215.64,1,211,0,1.0,1,1,0.6544855974846387
1,54.1,54.1,1,59,0,1.0,1,1,0.5403995333428673
1,720.98,720.98,1,369,0,1.0,1,1,0.9907373947756813
1,69.81,69.81,1,90,0,1.0,1,1,0.6384239250926902
1,84.34,84.34,1,38,0,1.0,1,1,0.5528434263923995
1,178.27,178.27,1,2,0,1.0,1,1,0.8398178918044066
1,155.14,155.14,2,196,0,1.0,1,1,0.7070609143530712
1,314.92,314.92,1,90,0,1.0,1,1,0.8237713105116756
1,146.68,146.68,2,172,0,1.0,1,1,0.7043219678657454
1,52.6,52.6,1,210,0,1.0,1,1,0.5221659027343543
1,672.41,672.41,1,53,0,1.0,1,1,0.9611646387193241
1,126.43,126.43,1,106,0,1.0,1,1,0.5689953572758214
1,148.15,148.15,1,271,0,1.0,1,1,0.5742012002892074
1,107.23,107.23,1,138,0,1.0,1,1,0.5874768541774485
1,110.32000000000001,110.32000000000001,1,5,0,1.0,1,1,0.5472022885881906
1,38.95,38.95,1,393,0,1.0,1,1,0.7525173006282238
1,73.89,73.89,1,203,0,1.0,1,1,0.6627534198940676
1,57.629999999999995,57.629999999999995,1,23,0,1.0,1,0,0.4816098015641784
1,881.12,881.12,1,269,0,1.0,1,1,0.9820942574087856
1,125.85000000000001,125.85000000000001,1,4,0,1.0,1,1,0.5321388056211201
1,51.09,51.09,1,192,0,1.0,1,0,0.4995769918785676
1,84.81,84.81,1,324,0,1.0,1,1,0.8322938253872895
1,26.45,26.45,1,86,0,1.0,1,1,0.5022297531692889
1,129.53,129.53,1,270,0,1.0,1,1,0.6075296648707831
1,179.76000000000002,179.76000000000002,2,2,0,1.0,1,1,0.8452525870250698
1,345.49,345.49,2,199,0,1.0,1,1,0.8504591211312584
1,547.98,547.98,1,344,0,1.0,1,1,0.9779408401900025
1,45.96,45.96,1,364,0,1.0,1,1,0.6368286933754111
1,76.75999999999999,76.75999999999999,1,77,0,1.0,1,1,0.6267908579638771
1,265.92,265.92,1,300,0,1.0,1,1,0.8686295222230314
1,85.05,85.05,1,232,0,1.0,1,1,0.5034563191598416
1,143.12,143.12,1,55,0,1.0,1,1,0.5503380477739768
1,179.07,179.07,1,151,0,1.0,1,1,0.6134936069512548
1,324.34000000000003,324.34000000000003,2,159,0,1.0,1,1,0.8614509039404595
1,104.7,104.7,1,319,0,1.0,1,1,0.8137599396320235
1,152.4,152.4,2,186,0,1.0,1,1,0.7078701956207564
1,99.7,99.7,1,96,0,1.0,1,1,0.5524348802031661
1,64.52,64.52,1,364,0,1.0,1,1,0.6911488502449108
1,66.43,66.43,1,312,0,1.0,1,1,0.8148938712169237
1,73.13,73.13,1,21,0,1.0,1,1,0.5089215401742581
1,132.85,132.85,1,142,0,1.0,1,1,0.570077436636422
1,81.0,81.0,1,400,0,1.0,1,1,0.7326903836268839
1,157.8,157.8,2,161,0,1.0,1,1,0.7022800223230153
1,156.22,156.22,1,143,0,1.0,1,1,0.5785590455054048
1,275.2,275.2,1,149,0,1.0,1,1,0.8509309019482786
1,40.55,40.55,1,8,0,1.0,1,1,0.6003636851743303
1,104.28,104.28,1,70,0,1.0,1,1,0.5807636079229112
1,109.5,109.5,1,272,0,1.0,1,1,0.6008520181428779
1,93.48,93.48,1,293,0,1.0,1,1,0.573132426419226
1,165.81,165.81,1,3,0,1.0,1,1,0.5549263870098172
1,110.53999999999999,110.53999999999999,3,256,0,1.0,1,1,0.8199219428103864
1,105.56,105.56,1,37,0,1.0,1,0,0.4572858578218814
1,48.06,48.06,1,352,0,1.0,1,1,0.655536383982164
1,105.28,105.28,1,236,0,1.0,1,1,0.5662310220505598
1,106.02,106.02,2,15,0,1.0,1,1,0.5148130339519883
1,248.85000000000002,248.85000000000002,1,281,0,1.0,1,1,0.8674792324640581
1,43.78,43.78,1,216,0,1.0,1,1,0.7210303794787494
1,96.5,96.5,1,368,0,1.0,1,1,0.6697487773287941
1,35.879999999999995,35.879999999999995,1,106,0,1.0,1,1,0.5797165024394663
1,102.96,102.96,1,96,0,1.0,1,1,0.6216256877246328
1,106.78,106.78,1,145,0,1.0,0,1,0.5874768541774485
1,58.09,58.09,1,211,0,1.0,1,1,0.5241402138748333
1,259.96,259.96,2,351,0,1.0,1,1,0.7913008259662122
1,163.69,163.69,1,259,0,1.0,1,1,0.5605022943695109
1,147.64000000000001,147.64000000000001,1,353,0,1.0,1,1,0.6063210309209575
1,265.85,265.85,1,28,0,1.0,1,1,0.5173417019982627
1,145.66,145.66,1,10,0,1.0,1,0,0.49248386385002885
1,333.37,333.37,1,289,0,1.0,1,1,0.9111638100492551
1,154.14,154.14,1,355,0,1.0,1,1,0.6079364265398346
1,62.37,62.37,1,97,0,1.0,1,1,0.5303864962184872
1,129.98,129.98,1,380,0,1.0,1,1,0.6421798270170022
1,710.0,710.0,1,396,0,1.0,1,1,0.9916032742791628
1,387.66999999999996,387.66999999999996,1,79,0,1.0,1,1,0.9153938894887494
1,41.089999999999996,41.089999999999996,1,296,0,1.0,1,1,0.6568769953423076
1,478.26,478.26,1,72,0,1.0,1,1,0.8899777274476213
1,188.38,188.38,1,370,0,1.0,1,1,0.7369166538533319
1,79.61,79.61,1,383,0,1.0,1,1,0.71514262641479
1,102.59,102.59,1,340,0,1.0,1,1,0.681074725470903
1,216.15,216.15,1,134,0,1.0,1,1,0.7323775630870754
1,82.23,82.23,1,212,0,1.0,1,1,0.6125378206220817
1,65.09,65.09,1,183,0,1.0,1,1,0.5434532975257292
1,403.8,403.8,1,95,0,1.0,1,1,0.7684469290579531
1,154.06,154.06,2,251,0,1.0,1,1,0.6686188700211804
1,85.24,85.24,1,13,0,1.0,1,1,0.5784354459451772
1,35.48,35.48,1,4,0,1.0,1,1,0.5202756104209227
1,49.34,49.34,1,39,0,1.0,1,0,0.4882854400278881
1,275.15999999999997,275.15999999999997,2,30,0,1.0,1,1,0.711161566282181
1,61.0,61.0,1,35,0,1.0,1,1,0.5099152958898026
1,129.53,129.53,1,288,0,1.0,1,1,0.5627683881884185
1,182.66,182.66,1,30,0,1.0,1,1,0.6868889890542604
1,237.07,237.07,1,90,0,1.0,1,1,0.7457093749484477
1,519.74,519.74,1,62,0,1.0,1,1,0.5927384715464553
1,152.47,152.47,1,193,0,1.0,1,1,0.5906982684656085
1,20.75,20.75,1,171,0,1.0,1,1,0.706852494490553
1,179.34,179.34,2,9,0,1.0,1,1,0.7479817340874795
1,171.44,171.44,1,202,0,1.0,1,1,0.5824065652293138
1,315.26,315.26,1,313,0,1.0,1,1,0.8299114754629124
1,98.23,98.23,1,204,0,1.0,1,1,0.5749924810790946
1,300.49,300.49,1,96,0,1.0,1,1,0.6782267814507141
3,152.41,50.803333333333335,3,211,10,0.2727272727272727,1,1,0.7719787392818963
1,87.72999999999999,87.72999999999999,1,145,0,1.0,1,1,0.6397013841917564
1,192.1,192.1,2,187,0,1.0,1,1,0.5634323629594267
1,66.1,66.1,1,49,0,1.0,1,1,0.5321832326936968
1,75.65,75.65,1,163,0,1.0,1,1,0.6386576722886674
1,214.03,214.03,1,224,0,1.0,1,1,0.6749200437546797
1,74.07,74.07,1,173,0,1.0,1,1,0.649596726918861
1,97.2,97.2,1,311,0,1.0,1,1,0.7787712769087825
1,23.080000000000002,23.080000000000002,1,31,0,1.0,1,0,0.39652587272077383
1,2154.82,2154.82,2,172,0,1.0,1,1,0.8780475742495942
1,42.77,42.77,1,218,0,1.0,1,1,0.7231593873672987
1,525.32,525.32,1,134,0,1.0,1,1,0.7477949931598427
1,158.36,158.36,2,95,0,1.0,1,1,0.7577886325683277
1,128.15,128.15,1,287,0,1.0,1,1,0.5791798494250008
1,143.22,143.22,3,50,0,1.0,1,1,0.660029145449626
1,67.18,67.18,1,380,0,1.0,1,1,0.6487082485259096
1,183.91000000000003,183.91000000000003,1,185,0,1.0,1,1,0.6205148737719873
1,1384.74,1384.74,1,111,0,1.0,1,1,0.9255485811466425
1,366.59999999999997,366.59999999999997,1,266,0,1.0,1,1,0.8495370224673733
1,116.94,116.94,1,286,0,1.0,1,1,0.611094896394503
1,75.46000000000001,75.46000000000001,2,132,0,1.0,1,1,0.7212442490263555
1,28.85,28.85,1,308,0,1.0,1,1,0.8661585481396609
1,72.05,72.05,1,133,0,1.0,1,1,0.6333131098686852
1,409.36,409.36,2,144,0,1.0,1,1,0.7830203107629296
1,85.6,85.6,1,138,0,1.0,1,1,0.6193346455079669
1,49.0,49.0,1,169,0,1.0,1,1,0.5038958091004123
1,28.34,28.34,1,132,0,1.0,1,1,0.6490080798410722
1,126.71000000000001,126.71000000000001,1,218,0,1.0,1,1,0.5492998153481069
1,68.0,68.0,2,13,0,1.0,1,1,0.6289514542416935
1,186.14,186.14,1,317,0,1.0,1,1,0.8298903397866129
1,31.75,31.75,1,211,0,1.0,1,1,0.6723121015510148
1,587.73,587.73,1,19,0,1.0,1,1,0.9785917420659583
1,59.01,59.01,1,153,0,1.0,1,0,0.4880387448037006
1,110.56,110.56,2,207,0,1.0,1,1,0.6276032134650568
1,60.34,60.34,1,126,0,1.0,1,0,0.45953722606306097
2,239.94,119.97,2,255,0,2.0,1,1,0.9608747140844152
1,65.00999999999999,65.00999999999999,1,53,0,1.0,1,1,0.5280723927398676
1,67.3,67.3,1,6,0,1.0,1,0,0.456115716129189
1,38.089999999999996,38.089999999999996,1,75,0,1.0,1,1,0.5007649313955399
1,181.07,181.07,1,54,0,1.0,1,1,0.7505476884631239
1,52.18,52.18,2,0,0,1.0,1,1,0.7868446461387478
1,165.3,165.3,1,22,0,1.0,1,0,0.4647695479131123
1,35.1,35.1,1,127,0,1.0,1,1,0.5743081297151469
1,175.82,175.82,1,154,0,1.0,1,1,0.5408086338747468
1,84.05000000000001,84.05000000000001,1,306,0,1.0,1,1,0.8237900051370796
1,417.46,417.46,1,45,0,1.0,1,1,0.8094936591693555
1,270.85,270.85,5,12,0,1.0,1,1,0.6688374528799511
1,172.84,172.84,1,32,0,1.0,1,0,0.4454503120676485
1,33.089999999999996,33.089999999999996,1,105,0,1.0,1,1,0.6154987407590639
1,216.82000000000002,216.82000000000002,2,259,0,1.0,0,1,0.6170111951537377
1,61.84,61.84,1,129,0,1.0,1,1,0.5181159633257112
1,1223.0600000000002,1223.0600000000002,1,80,0,1.0,1,1,0.9729729954656925
1,106.07,106.07,1,96,0,1.0,1,1,0.6136798198442825
1,214.14,214.14,1,96,0,1.0,1,1,0.6911523308989325
1,173.07,173.07,2,219,0,1.0,1,1,0.6928966012813557
1,48.15,48.15,1,297,0,1.0,1,0,0.4954827006748193
1,199.54,199.54,1,311,0,1.0,1,1,0.8315178904905849
1,119.92999999999999,119.92999999999999,1,22,0,1.0,1,0,0.46546345021570174
1,155.73000000000002,155.73000000000002,1,87,0,1.0,1,1,0.6147194998261263
1,256.9,256.9,1,394,0,1.0,1,1,0.8574670377803172
1,204.98000000000002,204.98000000000002,1,225,0,1.0,1,1,0.7777213577429011
1,58.64,58.64,1,72,0,1.0,1,0,0.4625759907385573
1,469.32,469.32,1,26,0,1.0,1,1,0.7832078403656622
1,36.75,36.75,1,47,0,1.0,1,0,0.36208649567318846
1,37.0,37.0,1,81,0,1.0,1,1,0.5537252806210379
1,476.73,476.73,1,17,0,1.0,1,1,0.7735176586945824
1,101.78,101.78,2,81,0,1.0,1,1,0.657677008287933
1,600.43,600.43,1,71,0,1.0,1,1,0.9722612017088998
1,720.98,720.98,1,357,0,1.0,1,1,0.9889679276219798
1,183.93,183.93,1,226,0,1.0,1,1,0.6808649588678413
1,82.19,82.19,1,414,0,1.0,1,1,0.7379191442267095
1,156.73000000000002,156.73000000000002,1,93,0,1.0,1,1,0.62594561305412
1,148.15,148.15,1,282,0,1.0,1,1,0.5772183699307819
1,90.17,90.17,1,5,0,1.0,1,1,0.6410392253571309
1,188.45,188.45,1,248,0,1.0,1,1,0.789802815310158
1,78.75999999999999,78.75999999999999,1,200,0,1.0,1,1,0.6501684032998841
1,257.3,257.3,1,46,0,1.0,1,1,0.5270163319818378
1,31.22,31.22,1,362,0,1.0,1,1,0.7846410948471491
1,31.77,31.77,1,145,0,1.0,1,1,0.5879135185213812
1,149.61,149.61,1,189,0,1.0,1,1,0.5906982684656085
2,215.31,107.655,2,250,1,1.0,1,1,0.9051472850343906
1,125.54,125.54,2,7,0,1.0,1,0,0.42470653225765836
1,39.04,39.04,1,300,0,1.0,1,1,0.644244777604469
1,79.56,79.56,2,151,0,1.0,1,1,0.5392164291237045
1,71.82,71.82,1,205,0,1.0,1,1,0.6080573948677754
1,83.11000000000001,83.11000000000001,1,170,0,1.0,1,1,0.6452376319682329
1,89.88000000000001,89.88000000000001,1,41,0,1.0,1,1,0.5761195747593347
1,394.95,394.95,2,146,0,1.0,1,1,0.778157215624883
1,75.08,75.08,1,142,0,1.0,1,1,0.6521879259607164
1,75.08,75.08,1,235,0,1.0,1,1,0.5230743555614021
1,211.57000000000002,211.57000000000002,1,323,0,1.0,1,1,0.7576801753951257
1,72.15,72.15,1,10,0,1.0,1,0,0.4741864733719198
1,160.47,160.47,1,95,0,1.0,1,1,0.6275088261576367
1,175.96,175.96,1,162,0,1.0,1,1,0.5362438279549604
1,21.09,21.09,1,160,0,1.0,1,1,0.5130211651313658
1,48.69,48.69,1,99,0,1.0,1,0,0.48210754034444697
1,1584.96,1584.96,1,8,0,1.0,1,1,0.9957298303118377
1,102.03,102.03,1,9,0,1.0,1,1,0.5088948239614215
1,118.22,118.22,1,156,0,1.0,1,1,0.5762760956978428
1,44.099999999999994,44.099999999999994,1,39,0,1.0,1,1,0.5645694760275677
1,466.27,466.27,1,183,0,1.0,1,1,0.9304575440223495
1,666.71,666.71,1,343,0,1.0,1,1,0.9774620462262689
1,206.44,206.44,1,304,0,1.0,1,1,0.8312814790048141
1,45.089999999999996,45.089999999999996,1,28,0,1.0,1,1,0.5603818940959655
1,70.15,70.15,1,78,0,1.0,1,1,0.5914342349049329
1,67.77,67.77,1,35,0,1.0,0,0,0.4749761639020184
1,42.589999999999996,42.589999999999996,1,38,0,1.0,1,1,0.6177734980853634
1,55.5,55.5,1,44,0,1.0,1,0,0.4835590818731066
1,206.92000000000002,206.92000000000002,1,33,0,1.0,1,1,0.5251344985533744
1,137.99,137.99,1,282,0,1.0,1,1,0.6018964421144414
1,335.48,335.48,1,40,0,1.0,1,1,0.5499188204841418
1,194.12,194.12,1,37,0,1.0,1,0,0.3731626709442921
1,172.04000000000002,172.04000000000002,2,40,0,1.0,1,1,0.5833114335109794
1,66.05,66.05,1,266,0,1.0,1,1,0.5306460830117512
1,30.96,30.96,1,337,0,1.0,1,1,0.800689550477182
1,188.43,188.43,1,1,0,1.0,1,1,0.5380444173167248
1,66.68,66.68,1,512,0,1.0,1,0,0.4491989659218765
1,144.41,144.41,1,231,0,1.0,1,1,0.5188339289916729
1,836.67,836.67,1,44,0,1.0,1,1,0.9947007818646573
1,43.760000000000005,43.760000000000005,1,10,0,1.0,1,0,0.4877355072492492
1,170.43,170.43,1,25,0,1.0,1,0,0.47770166238553324
1,159.44,159.44,2,128,0,1.0,1,1,0.7271123595487535
1,64.00999999999999,64.00999999999999,1,261,0,1.0,1,1,0.5386065501286023
1,57.72,57.72,1,165,0,1.0,1,0,0.49777320410092424
1,248.8,248.8,2,5,0,1.0,1,1,0.7220263790828814
1,228.63,228.63,1,35,0,1.0,1,0,0.47228507130500236
1,122.07000000000001,122.07000000000001,1,177,0,1.0,1,1,0.5630111154555489
1,91.84,91.84,1,393,0,1.0,1,1,0.7494899703635315
1,122.21,122.21,1,130,0,1.0,1,1,0.572201028359612
1,140.44,140.44,1,93,0,1.0,1,1,0.6088644710014686
1,126.81,126.81,1,110,0,1.0,1,1,0.5749343550971721
1,122.92,122.92,2,389,0,1.0,1,1,0.8092475558097564
1,135.59,135.59,1,201,0,1.0,1,1,0.5769525589184509
1,132.1,132.1,2,2,0,1.0,1,1,0.6905434761320319
1,59.239999999999995,59.239999999999995,1,95,0,1.0,1,0,0.44275126634415407
1,314.34000000000003,314.34000000000003,1,166,0,1.0,1,1,0.8713285472988688
1,224.60000000000002,224.60000000000002,2,96,0,1.0,1,1,0.7791197528450379
1,199.51000000000002,199.51000000000002,1,225,0,1.0,1,1,0.7946696159466476
1,52.77,52.77,1,349,0,1.0,1,1,0.6556012455507381
1,114.77000000000001,114.77000000000001,1,363,0,1.0,1,1,0.6582894547556382
1,806.46,806.46,1,96,0,1.0,1,1,0.9060983120998344
1,85.12,85.12,1,104,0,1.0,1,1,0.6270736595125229
1,91.05,91.05,1,117,0,1.0,1,1,0.6672298583395782
1,29.939999999999998,29.939999999999998,1,266,0,1.0,1,1,0.6347688776549807
1,158.92,158.92,1,333,0,1.0,1,1,0.5997260952980851
1,132.72,132.72,3,330,0,1.0,1,1,0.9138429440308545
1,414.10999999999996,414.10999999999996,1,114,0,1.0,1,1,0.779830431216345
1,55.589999999999996,55.589999999999996,1,242,0,1.0,1,0,0.4676027386932135
1,64.11,64.11,1,155,0,1.0,1,1,0.5433760879498329
1,227.88000000000002,227.88000000000002,3,342,0,1.0,1,1,0.8151020687650715
1,151.85999999999999,151.85999999999999,1,103,0,1.0,1,1,0.5900584732018703
1,80.88000000000001,80.88000000000001,1,150,0,1.0,1,1,0.6466522560161069
1,116.44999999999999,116.44999999999999,1,279,0,1.0,1,1,0.6404228743896612
1,151.8,151.8,2,96,0,1.0,1,1,0.7633130949752885
1,161.67000000000002,161.67000000000002,1,211,0,1.0,1,1,0.5905313854855035
1,45.089999999999996,45.089999999999996,1,12,0,1.0,1,1,0.575777799147016
1,476.85,476.85,1,28,0,1.0,1,1,0.7765369504458712
1,85.14,85.14,1,71,0,1.0,1,1,0.5515055395593053
1,249.07999999999998,249.07999999999998,1,96,0,1.0,1,1,0.7748485622770928
1,95.8,95.8,1,111,0,1.0,1,1,0.5768534861806109
1,147.0,147.0,1,54,0,1.0,1,1,0.5258108763582519
1,185.75,185.75,1,40,0,1.0,1,1,0.7037094889256007
1,163.39000000000001,163.39000000000001,1,297,0,1.0,1,1,0.5459809901594194
1,53.01,53.01,1,163,0,1.0,1,0,0.4873636961667996
2,193.65,96.825,3,6,146,0.013605442176870748,1,0,0.4687126079527347
1,51.05,51.05,1,383,0,1.0,1,1,0.5588207527540949
1,45.0,45.0,1,16,0,1.0,1,1,0.5629514497458733
1,56.01,56.01,1,13,0,1.0,1,0,0.4967203660521993
1,134.48000000000002,134.48000000000002,1,90,0,1.0,1,1,0.6058429605878453
1,51.14,51.14,1,38,0,1.0,1,0,0.4944103621034003
1,235.74,235.74,1,300,0,1.0,1,1,0.7612014702202724
1,217.96,217.96,1,56,0,1.0,1,1,0.5810317199947479
1,33.0,33.0,1,225,0,1.0,1,1,0.7439569028830314
1,42.089999999999996,42.089999999999996,1,91,0,1.0,1,1,0.6074981713275767
1,72.67,72.67,1,87,0,1.0,1,1,0.6365521350796739
1,142.0,142.0,1,395,0,1.0,1,1,0.6697588301395696
1,96.01,96.01,1,16,0,1.0,1,1,0.5635361358999003
1,148.76,148.76,2,50,0,1.0,1,0,0.43056526570619097
1,105.38,105.38,1,78,0,1.0,1,1,0.59333438609854
1,37.72,37.72,1,188,0,1.0,1,1,0.6538703672041349
1,29.1,29.1,1,195,0,1.0,1,1,0.6927296218092653
1,168.20000000000002,168.20000000000002,1,207,0,1.0,1,1,0.592943782471256
1,47.239999999999995,47.239999999999995,1,173,0,1.0,1,1,0.5480495185713908
1,136.04,136.04,1,306,0,1.0,1,1,0.7654747112510204
1,121.26,121.26,1,35,0,1.0,1,0,0.39416031778136607
1,58.1,58.1,1,45,0,1.0,1,0,0.47736460533392006
1,87.15,87.15,1,107,0,1.0,1,1,0.6450811896727203
1,663.35,663.35,1,138,0,1.0,1,1,0.8844818069817267
1,103.55000000000001,103.55000000000001,1,25,0,1.0,1,1,0.5387678098282579
1,32.379999999999995,32.379999999999995,1,91,0,1.0,1,1,0.6050074235495323
1,1351.41,1351.41,1,177,0,1.0,1,1,0.9760262990452876
1,168.36,168.36,1,76,0,1.0,1,1,0.6306332584700926
1,202.76,202.76,1,96,0,1.0,1,1,0.7730911870710294
1,31.939999999999998,31.939999999999998,1,43,0,1.0,1,0,0.47658418960940613
1,85.60000000000001,85.60000000000001,1,339,0,1.0,1,1,0.6975192983991254
1,133.8,133.8,1,27,0,1.0,1,0,0.468709490902113
1,141.66,141.66,1,370,0,1.0,1,1,0.6261825623049532
1,60.370000000000005,60.370000000000005,1,25,0,1.0,1,0,0.4736468179701873
1,76.08,76.08,1,99,0,1.0,1,1,0.6403460937946122
1,121.26,121.26,1,181,0,1.0,1,1,0.5644702489441805
1,56.34,56.34,1,208,0,1.0,1,1,0.5274402922680616
1,36.35,36.35,1,126,0,1.0,1,1,0.5770796652956713
1,348.07,348.07,1,136,0,1.0,1,1,0.8083162515505768
1,37.69,37.69,1,198,0,1.0,1,1,0.6526710627727679
1,343.12,343.12,1,13,0,1.0,1,1,0.5084232738309754
1,52.629999999999995,52.629999999999995,1,161,0,1.0,1,0,0.4873636961667996
1,141.06,141.06,1,304,0,1.0,1,1,0.7654747112510204
1,78.36,78.36,1,78,0,1.0,1,1,0.621710617212105
1,61.88,61.88,1,143,0,1.0,1,1,0.5350373768506697
2,180.66,90.33,2,261,72,0.0273972602739726,1,1,0.8079864474338172
1,77.65,77.65,1,244,0,1.0,1,1,0.5024138516797779
1,187.59,187.59,1,266,0,1.0,1,1,0.8075689532906257
1,1719.92,1719.92,4,332,0,1.0,1,1,0.9699953554524893
1,422.03000000000003,422.03000000000003,1,96,0,1.0,1,1,0.7709048415158655
1,134.16,134.16,1,3,0,1.0,1,1,0.506305806509367
1,62.37,62.37,1,28,0,1.0,1,1,0.510498071948504
1,83.22,83.22,1,41,0,1.0,1,1,0.5074722815093632
1,198.51,198.51,1,2,0,1.0,1,1,0.5567771852386165
1,132.1,132.1,1,167,0,1.0,1,1,0.5729082404679495
1,57.98,57.98,1,107,0,1.0,1,0,0.4872330755252053
1,43.89,43.89,1,168,0,1.0,1,1,0.6618222648791271
1,58.09,58.09,1,247,0,1.0,1,0,0.4767169331432755
1,180.71,180.71,1,98,0,1.0,1,1,0.6696680076868917
1,192.3,192.3,3,281,0,1.0,1,1,0.7240735361026805
1,32.96,32.96,1,373,0,1.0,1,1,0.7984913202677668
1,49.34,49.34,1,38,0,1.0,1,0,0.4882854400278881
1,284.81,284.81,1,268,0,1.0,1,1,0.8902803042057671
1,127.52,127.52,1,6,0,1.0,1,0,0.4406040109403621
1,109.69,109.69,1,351,0,1.0,1,1,0.6596706317945542
1,123.22,123.22,1,81,0,1.0,1,1,0.5689050592557164
1,50.09,50.09,1,41,0,1.0,1,0,0.48312020785174364
1,96.62,96.62,1,11,0,1.0,1,1,0.5258125060657125
1,73.34,73.34,1,170,0,1.0,1,1,0.6439534890112439
1,44.42,44.42,1,355,0,1.0,1,1,0.7257126127687772
1,43.0,43.0,1,96,0,1.0,1,1,0.6184612455396693
1,203.14,203.14,1,133,0,1.0,1,1,0.7453545546718492
1,43.769999999999996,43.769999999999996,1,372,0,1.0,1,1,0.7251512781879399
1,475.2,475.2,1,258,0,1.0,1,1,0.9631704839961676
1,69.07000000000001,69.07000000000001,1,295,0,1.0,1,1,0.5554794170685262
1,41.79,41.79,1,244,0,1.0,1,1,0.6849020965432057
1,50.0,50.0,1,137,0,1.0,1,0,0.483785332049398
1,292.10999999999996,292.10999999999996,1,319,0,1.0,1,1,0.8098345508060831
1,238.79,238.79,1,56,0,1.0,1,1,0.6234355155220962
1,450.53,450.53,1,52,0,1.0,1,1,0.8703379835561412
1,317.3,317.3,1,302,0,1.0,1,1,0.902328491640773
1,65.46,65.46,1,512,0,1.0,1,1,0.5068074316479783
1,478.56,478.56,1,204,0,1.0,1,1,0.9259376865756597
1,129.43,129.43,1,225,0,1.0,1,1,0.5788554209695234
1,32.089999999999996,32.089999999999996,1,14,0,1.0,1,0,0.4712378065231854
2,215.05,107.525,2,43,0,2.0,1,1,0.814966756269435
1,45.089999999999996,45.089999999999996,1,31,0,1.0,1,1,0.5583059335526567
1,117.53,117.53,1,354,0,1.0,1,1,0.6500755516900466
1,205.87,205.87,1,20,0,1.0,1,1,0.556831751934684
1,147.34,147.34,1,152,0,1.0,1,1,0.5883377322631587
1,72.45,72.45,1,109,0,1.0,1,1,0.6470746943973902
1,489.85,489.85,1,96,0,1.0,1,1,0.7709048415158655
1,61.59,61.59,1,168,0,1.0,1,1,0.5333949445356448
1,182.73000000000002,182.73000000000002,1,267,0,1.0,1,1,0.7026275661744651
1,73.15,73.15,1,109,0,1.0,1,1,0.6473052212543627
1,202.28,202.28,2,342,0,1.0,1,1,0.526769939060025
1,198.62,198.62,1,124,0,1.0,1,1,0.7578321742418356
1,475.01,475.01,1,294,0,1.0,1,1,0.9653844687779007
1,130.56,130.56,1,154,0,1.0,1,1,0.578573805414978
1,47.62,47.62,1,212,0,1.0,1,0,0.49500494244094173
1,48.62,48.62,1,232,0,1.0,1,1,0.5276653694510826
1,78.84,78.84,2,298,0,1.0,1,1,0.5573300182941119
1,106.16000000000001,106.16000000000001,1,94,0,1.0,1,1,0.6121166067407657
1,43.25,43.25,1,302,0,1.0,1,1,0.6880915725494406
1,107.94,107.94,1,47,0,1.0,1,0,0.49488374358984355
1,72.9,72.9,1,310,0,1.0,1,1,0.8552100725999975
1,99.74,99.74,1,24,0,1.0,1,1,0.5313080187921965
1,178.27,178.27,1,128,0,1.0,1,1,0.5467199636338229
1,72.83,72.83,1,114,0,1.0,1,1,0.6487988328469486
1,258.92,258.92,1,86,0,1.0,1,1,0.7246710620935194
1,143.22,143.22,3,128,0,1.0,1,1,0.812235371286196
1,175.35000000000002,175.35000000000002,1,182,0,1.0,1,1,0.5499122233861227
1,128.82999999999998,128.82999999999998,1,113,0,1.0,1,1,0.5825653471257267
1,38.01,38.01,1,26,0,1.0,1,0,0.494443944666796
1,117.77,117.77,1,85,0,1.0,1,1,0.5854025830405584
1,38.75,38.75,1,114,0,1.0,1,1,0.5907429353852834
1,29.619999999999997,29.619999999999997,1,264,0,1.0,1,1,0.6276601113392881
1,181.32999999999998,181.32999999999998,1,55,0,1.0,1,1,0.7667995397783725
1,138.05,138.05,1,111,0,1.0,1,1,0.5758033119845886
1,37.0,37.0,1,38,0,1.0,1,0,0.3643467518508786
1,335.47,335.47,1,0,0,1.0,1,1,0.6601308224452646
1,1479.51,1479.51,1,129,0,1.0,1,1,0.9381110525418859
1,72.14,72.14,1,100,0,1.0,1,1,0.628240184386378
1,167.43,167.43,1,296,0,1.0,1,1,0.5431234361547
1,107.78,107.78,1,193,0,1.0,1,1,0.581101805490265
1,124.79999999999998,124.79999999999998,2,374,0,1.0,1,1,0.7854810596401818
1,41.58,41.58,1,82,0,1.0,1,1,0.5987662921846364
1,147.29000000000002,147.29000000000002,1,94,0,1.0,1,1,0.6272279310333175
1,107.27000000000001,107.27000000000001,1,343,0,1.0,1,1,0.6750406496867193
1,142.54,142.54,1,44,0,1.0,1,0,0.4897678286935302
1,88.28,88.28,1,6,0,1.0,1,1,0.5267110789988321
1,741.44,741.44,1,238,0,1.0,1,1,0.9801784058329435
1,27.75,27.75,1,113,0,1.0,1,1,0.6461416768950358
1,162.45000000000002,162.45000000000002,1,5,0,1.0,1,1,0.5833970141452277
1,62.78,62.78,1,172,0,1.0,1,1,0.5548763737251378
1,62.0,62.0,1,118,0,1.0,1,1,0.5167944423942304
1,21.86,21.86,1,337,0,1.0,1,1,0.5640693874979277
1,169.85000000000002,169.85000000000002,2,49,0,1.0,1,1,0.506930087292792
1,147.97,147.97,1,16,0,1.0,1,1,0.5072854698767734
1,87.75,87.75,1,245,0,1.0,1,1,0.5290303251683579
1,166.25,166.25,1,330,0,1.0,1,1,0.7627144213703657
1,429.51,429.51,1,313,0,1.0,1,1,0.9537221559955458
1,196.46,196.46,1,125,0,1.0,1,1,0.7578321742418356
1,77.57,77.57,1,296,0,1.0,1,1,0.5625760300973635
1,105.28,105.28,1,228,0,1.0,1,1,0.6050273326743423
1,58.11,58.11,1,187,0,1.0,1,0,0.4929300104502111
1,39.55,39.55,1,46,0,1.0,1,0,0.47524043280936507
1,49.4,49.4,1,35,0,1.0,1,0,0.4758382217602838
1,84.69,84.69,1,311,0,1.0,1,1,0.8322938253872895
1,36.839999999999996,36.839999999999996,1,64,0,1.0,1,0,0.3265107241663155
1,59.19,59.19,2,180,0,1.0,1,1,0.702985677174944
1,99.82,99.82,1,2,0,1.0,1,1,0.787955419410715
1,55.1,55.1,1,114,0,1.0,1,0,0.4759536504775563
1,522.98,522.98,1,97,0,1.0,1,0,0.3934691619786697
1,64.0,64.0,1,200,0,1.0,1,1,0.5790342293522639
1,90.17,90.17,1,6,0,1.0,1,1,0.5290355734933264
1,74.65,74.65,1,282,0,1.0,1,1,0.5526776784805185
1,166.16,166.16,1,238,0,1.0,1,1,0.5050140078039874
1,138.9,138.9,2,393,0,1.0,1,1,0.8078210435198034
1,145.66,145.66,1,332,0,1.0,1,1,0.5996750799439493
1,102.03,102.03,1,293,0,1.0,1,1,0.6058542763510338
1,40.01,40.01,1,136,0,1.0,1,1,0.6244434580904178
1,828.3199999999999,828.3199999999999,2,142,0,1.0,1,0,0.4624386626411134
2,307.7,153.85,2,119,107,0.018518518518518517,1,1,0.8098461664860115
1,328.90999999999997,328.90999999999997,1,391,0,1.0,1,1,0.8768255716611513
1,99.95,99.95,1,199,0,1.0,1,1,0.5544910051989557
1,418.04,418.04,1,38,0,1.0,1,1,0.7642703608265397
1,130.26,130.26,1,224,0,1.0,1,1,0.5411010126017799
1,114.33000000000001,114.33000000000001,1,49,0,1.0,1,1,0.5593962397200021
2,562.8199999999999,281.40999999999997,6,27,0,2.0,1,1,0.8403053219687312
1,107.24000000000001,107.24000000000001,1,122,0,1.0,1,1,0.6007010578819458
1,122.17,122.17,1,95,0,1.0,1,1,0.5945926895250665
1,116.34,116.34,1,257,0,1.0,1,1,0.6366721121681368
1,50.09,50.09,1,226,0,1.0,1,1,0.5569252964218332
1,61.44,61.44,1,306,0,1.0,1,1,0.7923744315517305
1,54.09,54.09,1,31,0,1.0,1,0,0.487242940036659
1,313.28000000000003,313.28000000000003,2,37,0,1.0,1,1,0.7724500254466624
1,2734.66,2734.66,1,88,0,1.0,1,1,0.9729729954656925
1,124.68,124.68,1,367,0,1.0,1,1,0.6243964080659392
1,128.52999999999997,128.52999999999997,3,196,0,1.0,1,1,0.803714162780826
1,105.28,105.28,1,249,0,1.0,1,1,0.57982343105964
1,265.55,265.55,1,253,0,1.0,1,1,0.8875652137903287
1,148.25,148.25,1,384,0,1.0,1,1,0.6216406697461467
1,86.15,86.15,1,50,0,1.0,1,1,0.5641924822154164
1,142.18,142.18,2,99,0,1.0,1,1,0.7584913266628934
1,114.77000000000001,114.77000000000001,1,349,0,1.0,1,1,0.6539090043538701
1,103.14999999999999,103.14999999999999,1,101,0,1.0,1,1,0.6088191896021452
1,44.78,44.78,1,78,0,1.0,1,1,0.5972473220812743
1,299.39,299.39,1,308,0,1.0,1,1,0.8331778057269462
1,135.58,135.58,1,141,0,1.0,1,1,0.5633154014952838
1,69.12,69.12,1,3,0,1.0,1,1,0.550383879977609
1,135.22,135.22,1,13,0,1.0,1,1,0.5212217449277041
1,193.25,193.25,1,80,0,1.0,1,1,0.795782685348096
1,81.0,81.0,1,389,0,1.0,1,1,0.7336558115107088
1,168.3,168.3,1,205,0,1.0,1,1,0.5861271002716752
1,116.36000000000001,116.36000000000001,1,273,0,1.0,1,1,0.6357563691039504
1,45.089999999999996,45.089999999999996,1,5,0,1.0,1,1,0.622787888881586
1,139.60999999999999,139.60999999999999,1,37,0,1.0,1,0,0.4962889273763638
1,54.739999999999995,54.739999999999995,1,33,0,1.0,1,0,0.4866065259929413
1,106.97,106.97,1,109,0,1.0,1,1,0.6008733217217949
1,117.16,117.16,1,275,0,1.0,1,1,0.6357563691039504
1,81.12,81.12,1,41,0,1.0,1,1,0.517638323645686
1,350.18,350.18,1,21,0,1.0,1,1,0.5542850095653039
1,96.71000000000001,96.71000000000001,1,95,0,1.0,1,1,0.5852730210359167
1,116.13999999999999,116.13999999999999,1,296,0,1.0,1,1,0.5864260762688104
1,413.16999999999996,413.16999999999996,1,14,0,1.0,1,1,0.7885945154728279
1,229.72,229.72,1,51,0,1.0,1,1,0.614730047190343
1,149.15,149.15,1,81,0,1.0,1,1,0.6165930787256261
1,99.74,99.74,1,7,0,1.0,1,0,0.49402386145040994
1,133.76,133.76,1,191,0,1.0,1,1,0.5769525589184509
1,153.72,153.72,2,384,0,1.0,1,1,0.7786949156707342
2,433.84000000000003,216.92000000000002,2,246,126,0.015748031496062992,1,1,0.8716366909039818
1,225.66,225.66,2,36,0,1.0,1,1,0.660355336105258
1,143.26,143.26,2,200,0,1.0,1,1,0.7083432323322687
1,235.3,235.3,1,322,0,1.0,1,1,0.8082843620297532
1,40.0,40.0,1,206,0,1.0,1,1,0.6887221066953826
1,170.19,170.19,1,98,0,1.0,1,1,0.6238094743560885
1,119.08000000000001,119.08000000000001,1,177,0,1.0,1,1,0.5668983367267229
1,112.10000000000001,112.10000000000001,1,283,0,1.0,1,1,0.5779869541601813
1,30.75,30.75,1,55,0,1.0,1,0,0.3714931258773084
1,363.05,363.05,1,336,0,1.0,1,0,0.2555614172424499
1,44.089999999999996,44.089999999999996,1,140,0,1.0,1,1,0.6607541333732421
1,364.45,364.45,4,92,0,1.0,1,1,0.7720042712434361
1,130.52,130.52,2,256,0,1.0,1,1,0.7078955550151068
1,42.84,42.84,3,0,0,1.0,1,1,0.8308181677007641
1,293.59,293.59,1,137,0,1.0,1,1,0.7938461140131025
1,181.24,181.24,1,97,0,1.0,1,1,0.674202832409223
1,55.78,55.78,1,41,0,1.0,1,0,0.4835590818731066
1,117.27,117.27,3,135,0,1.0,1,1,0.8130469068924138
1,63.550000000000004,63.550000000000004,1,300,0,1.0,1,1,0.5871064051674193
1,78.47,78.47,1,370,0,1.0,1,1,0.7316998630224113
1,28.29,28.29,1,100,0,1.0,1,1,0.6387954081677127
1,149.62,149.62,1,411,0,1.0,1,1,0.6728663998121579
1,83.03999999999999,83.03999999999999,3,202,0,1.0,1,1,0.5981648847746901
1,154.21,154.21,1,195,0,1.0,1,1,0.5906982684656085
1,279.28999999999996,279.28999999999996,1,105,0,1.0,1,1,0.6793108429870331
1,48.69,48.69,1,105,0,1.0,1,0,0.49423927679742397
1,86.02000000000001,86.02000000000001,1,126,0,1.0,1,1,0.6250780872988817
1,47.78,47.78,1,355,0,1.0,1,1,0.6522030506488307
1,106.87,106.87,1,50,0,1.0,1,1,0.5451677207366215
1,112.82,112.82,1,54,0,1.0,1,1,0.526372284519109
1,36.75,36.75,1,40,0,1.0,1,0,0.36591091627150224
1,206.41,206.41,1,197,0,1.0,1,1,0.7367416771069795
2,92.5,46.25,2,222,0,2.0,1,1,0.8495409987739262
1,73.15,73.15,1,6,0,1.0,1,0,0.4629275006577181
1,251.64999999999998,251.64999999999998,1,47,0,1.0,1,1,0.5737211966156707
1,67.53,67.53,1,100,0,1.0,1,1,0.5646269488968169
1,84.23,84.23,1,96,0,1.0,1,1,0.616230513173579
2,733.3100000000001,366.65500000000003,2,47,115,0.017241379310344827,1,1,0.8964399993209188
1,1821.87,1821.87,1,19,0,1.0,1,1,0.9920980205019703
1,74.49,74.49,1,328,0,1.0,1,1,0.858464914893385
2,475.11,237.555,2,49,299,0.006666666666666667,1,1,0.7946285229205394
1,188.56,188.56,1,67,0,1.0,1,1,0.5020188842972587
1,516.73,516.73,1,53,0,1.0,1,1,0.5830243778583267
1,283.33,283.33,1,163,0,1.0,1,1,0.8509309019482786
1,100.95,100.95,1,9,0,1.0,1,1,0.5014350329253601
1,343.5,343.5,1,210,0,1.0,1,1,0.7816148069963172
1,51.68,51.68,1,321,0,1.0,1,1,0.7928235913058346
1,74.07,74.07,1,135,0,1.0,1,1,0.6558536175617868
1,56.78,56.78,1,61,0,1.0,1,1,0.5443616637729074
1,245.35,245.35,1,112,0,1.0,1,1,0.7913347190447207
1,62.78,62.78,1,105,0,1.0,1,1,0.5326000793063851
1,75.16,75.16,1,115,0,1.0,1,1,0.6539507461476637
1,66.5,66.5,1,174,0,1.0,1,1,0.5109787663479439
1,125.42,125.42,1,80,0,1.0,1,1,0.5580186757147219
1,116.94,116.94,1,115,0,1.0,1,1,0.6070332626639305
1,117.95,117.95,1,149,0,1.0,1,1,0.5737743915396969
1,143.43,143.43,1,37,0,1.0,1,0,0.4962889273763638
1,215.14,215.14,1,219,0,1.0,1,1,0.6571122069569401
1,78.71000000000001,78.71000000000001,1,331,0,1.0,1,1,0.7165689271659935
1,147.15,147.15,1,50,0,1.0,1,1,0.5519344940049362
1,101.35,101.35,1,205,0,1.0,1,1,0.5891291175127669
1,198.91,198.91,1,93,0,1.0,1,1,0.7832883204300126
1,79.64,79.64,1,209,0,1.0,1,1,0.6574390523232505
1,78.06,78.06,1,195,0,1.0,1,1,0.648195290751814
1,167.45,167.45,1,155,0,1.0,1,1,0.5773786718434877
1,1416.7,1416.7,1,198,0,1.0,1,1,0.9746640353374414
1,89.84,89.84,1,239,0,1.0,1,1,0.5551734086560081
1,117.77,117.77,1,13,0,1.0,1,1,0.5462183643056948
1,166.58,166.58,1,56,0,1.0,1,1,0.5452290556812692
1,68.12,68.12,1,39,0,1.0,1,0,0.4984505790503666
1,43.6,43.6,1,96,0,1.0,1,1,0.6419392683008722
1,26.5,26.5,1,163,0,1.0,1,0,0.45686839192831863
1,335.47,335.47,1,26,0,1.0,1,1,0.5927397934804113
1,58.71,58.71,1,221,0,1.0,1,1,0.5135061776716403
1,171.61,171.61,1,191,0,1.0,1,1,0.5849232061856592
1,58.739999999999995,58.739999999999995,1,412,0,1.0,1,1,0.543980586303911
1,175.77999999999997,175.77999999999997,1,6,0,1.0,1,0,0.4878875667333303
1,63.599999999999994,63.599999999999994,1,92,0,1.0,1,1,0.5536515768102562
1,181.77,181.77,1,252,0,1.0,1,1,0.6834888238127026
1,154.57,154.57,1,513,0,1.0,1,1,0.7212187091407057
2,221.57999999999998,110.78999999999999,3,205,21,0.09090909090909091,1,1,0.640516344668597
1,127.01,127.01,1,288,0,1.0,1,1,0.5603232185731976
1,207.57,207.57,1,44,0,1.0,1,1,0.5946112064259294
1,734.14,734.14,1,41,0,1.0,1,1,0.9947007818646573
1,31.28,31.28,1,36,0,1.0,1,0,0.28513964927523644
1,45.01,45.01,1,63,0,1.0,1,1,0.566568590972531
1,875.9,875.9,1,23,0,1.0,1,1,0.9915885197361667
1,136.5,136.5,1,240,0,1.0,1,1,0.548628062123161
1,267.18,267.18,1,167,0,1.0,1,1,0.8494989907762935
1,37.78,37.78,1,203,0,1.0,1,1,0.6728035267492184
1,42.0,42.0,1,178,0,1.0,1,1,0.6143747012473433
1,225.71,225.71,1,83,0,1.0,1,1,0.8272462936877373
1,726.0600000000001,726.0600000000001,3,288,0,1.0,1,1,0.8797294868102906
1,181.84,181.84,1,400,0,1.0,1,1,0.7117915379936114
1,396.32,396.32,1,129,0,1.0,1,1,0.8631375372415757
1,104.36999999999999,104.36999999999999,1,175,0,1.0,1,1,0.6019042406948708
1,41.71,41.71,1,152,0,1.0,1,1,0.639778849730346
1,208.8,208.8,1,291,0,1.0,1,1,0.7559137290089196
1,21.87,21.87,1,331,0,1.0,1,1,0.5737861882944693
1,48.86,48.86,1,329,0,1.0,1,1,0.8023512361532312
1,91.26,91.26,1,223,0,1.0,1,1,0.6291318275106776
1,84.14,84.14,1,94,0,1.0,1,1,0.6175352670113842
1,312.24,312.24,3,73,0,1.0,1,1,0.785536099178283
1,149.88,149.88,2,74,0,1.0,1,1,0.6428007332933202
1,41.69,41.69,1,103,0,1.0,1,1,0.6200437922748803
1,119.36,119.36,2,393,0,1.0,1,1,0.8206296262835322
1,101.73,101.73,1,59,0,1.0,1,1,0.5854201710134526
1,160.36,160.36,1,195,0,1.0,1,1,0.5906982684656085
1,711.07,711.07,1,139,0,1.0,1,1,0.9210727698475109
1,127.05,127.05,1,14,0,1.0,1,0,0.473008960741573
1,36.7,36.7,1,137,0,1.0,1,1,0.5806162470924855
1,73.34,73.34,1,191,0,1.0,1,1,0.6512947047551799
1,64.59,64.59,1,274,0,1.0,1,1,0.5376192031883599
1,181.52,181.52,1,296,0,1.0,1,1,0.6918212310771227
1,45.25,45.25,1,372,0,1.0,1,1,0.6464330843316036
1,177.44,177.44,2,83,0,1.0,1,1,0.7508335008928199
1,68.03,68.03,1,4,0,1.0,1,1,0.5695277285530814
1,45.0,45.0,1,8,0,1.0,1,1,0.5663995763199126
1,134.04000000000002,134.04000000000002,1,200,0,1.0,1,1,0.5769525589184509
1,87.08,87.08,1,52,0,1.0,1,1,0.5679342225255791
1,41.32,41.32,1,402,0,1.0,1,1,0.670445012767786
1,158.10000000000002,158.10000000000002,1,83,0,1.0,1,1,0.6165930787256261
1,261.18,261.18,1,100,0,1.0,1,1,0.6288314837931899
1,389.9,389.9,1,36,0,1.0,1,1,0.7706884222886518
1,117.13,117.13,1,131,0,1.0,1,1,0.6068609988240815
1,44.0,44.0,1,282,0,1.0,1,1,0.6842759765270112
1,70.03,70.03,1,276,0,1.0,1,1,0.5502543145747819
1,61.69,61.69,1,10,0,1.0,1,1,0.5136923200833984
1,275.23,275.23,1,310,0,1.0,1,1,0.8258170153669423
1,177.43,177.43,1,125,0,1.0,1,1,0.5467199636338229
1,299.34000000000003,299.34000000000003,1,15,0,1.0,1,1,0.5504656718145416
1,654.38,654.38,2,117,0,1.0,1,0,0.3405014687504858
1,65.53,65.53,1,214,0,1.0,1,1,0.5342583863757052
1,104.18,104.18,1,13,0,1.0,1,1,0.5553621176454338
1,70.14,70.14,1,155,0,1.0,1,1,0.658634175767609
1,75.65,75.65,1,144,0,1.0,1,1,0.6399509802511503
1,71.14,71.14,1,96,0,1.0,1,1,0.6648655519673053
1,54.79,54.79,1,96,0,1.0,1,0,0.4760927487208395
1,102.38000000000001,102.38000000000001,1,117,0,1.0,1,1,0.6088191896021452
1,116.24000000000001,116.24000000000001,1,366,0,1.0,1,1,0.6588413311353291
1,233.04,233.04,1,283,0,1.0,1,1,0.7713240872713929
1,74.0,74.0,1,171,0,1.0,1,1,0.6508946179982334
1,162.79,162.79,1,95,0,1.0,1,1,0.6192844718874877
1,75.07,75.07,1,152,0,1.0,1,1,0.6546250588515778
1,73.84,73.84,1,330,0,1.0,1,1,0.858464914893385
1,148.97,148.97,1,120,0,1.0,1,1,0.5929753971500187
1,267.91999999999996,267.91999999999996,1,69,0,1.0,1,1,0.6863497328708834
1,60.0,60.0,1,0,0,1.0,1,1,0.7829706087996574
1,144.43,144.43,1,86,0,1.0,1,1,0.6159029732154819
1,170.28,170.28,1,96,0,1.0,1,1,0.6283442990784197
1,208.59,208.59,1,181,0,1.0,1,1,0.6889353393132074
1,108.51,108.51,1,32,0,1.0,1,0,0.46979390051120146
1,42.41,42.41,1,95,0,1.0,1,1,0.6184612455396693
1,53.77,53.77,1,84,0,1.0,1,0,0.4708287252414032
1,166.69000000000003,166.69000000000003,2,163,0,1.0,1,1,0.6967421772917061
1,105.28,105.28,1,197,0,1.0,1,1,0.6111240213341945
1,154.2,154.2,1,240,0,1.0,1,1,0.5105576397144458
1,165.29,165.29,1,86,0,1.0,1,1,0.6085305637126465
1,160.49,160.49,2,88,0,1.0,1,1,0.7471122529388057
1,124.52,124.52,1,105,0,1.0,1,1,0.573673381246656
1,44.0,44.0,1,184,0,1.0,1,1,0.7037415691785349
1,75.07,75.07,1,22,0,1.0,1,1,0.5120463568811369
1,65.0,65.0,1,53,0,1.0,1,1,0.5280723927398676
1,110.87,110.87,1,21,0,1.0,1,1,0.5119547684330249
1,354.59,354.59,1,226,0,1.0,1,1,0.8969831787798493
1,167.82,167.82,1,15,0,1.0,1,0,0.4707956893492466
1,113.75999999999999,113.75999999999999,1,91,0,1.0,1,1,0.5852248094442116
1,107.06,107.06,1,295,0,1.0,1,1,0.5966750827266311
1,735.0,735.0,1,394,0,1.0,1,1,0.9916032742791628
1,238.15,238.15,1,108,0,1.0,1,1,0.7595084839113032
1,62.41,62.41,1,93,0,1.0,1,1,0.5319772032186567
1,28.98,28.98,1,12,0,1.0,1,1,0.6004913756940756
1,865.33,865.33,1,52,0,1.0,1,1,0.9882688687201365
1,222.68,222.68,1,3,0,1.0,1,0,0.475352856883508
1,354.98,354.98,2,22,0,1.0,1,1,0.7579346785799769
1,55.239999999999995,55.239999999999995,1,76,0,1.0,1,0,0.48054419351642974
1,203.48000000000002,203.48000000000002,2,94,0,1.0,1,1,0.711411403415502
1,338.83000000000004,338.83000000000004,3,349,0,1.0,1,1,0.8535170671877556
1,73.94,73.94,1,19,0,1.0,1,1,0.525462299295085
1,108.51,108.51,1,51,0,1.0,1,1,0.5338568556504882
1,133.76,133.76,1,81,0,1.0,1,1,0.5994556869381876
1,297.79,297.79,1,322,0,1.0,1,1,0.804468370497792
1,113.44,113.44,1,8,0,1.0,1,0,0.4789069388502434
1,88.56,88.56,1,217,0,1.0,1,1,0.6115193242148079
1,100.89,100.89,1,361,0,1.0,1,1,0.6468961014153366
1,25.0,25.0,1,167,0,1.0,1,0,0.47810518091208215
1,77.98,77.98,1,338,0,1.0,1,1,0.7140589783755725
1,65.0,65.0,1,95,0,1.0,1,1,0.5368716335881363
1,302.55,302.55,2,299,0,1.0,1,1,0.8746198118922579
1,49.96,49.96,1,311,0,1.0,1,1,0.79650096215632
1,466.12,466.12,1,315,0,1.0,1,1,0.9537221559955458
1,199.81,199.81,1,229,0,1.0,1,1,0.7946696159466476
1,53.83,53.83,1,97,0,1.0,1,0,0.4783515722502512
1,169.28,169.28,1,243,0,1.0,1,1,0.6012949257935266
1,33.7,33.7,1,98,0,1.0,1,1,0.6060015910799421
1,624.24,624.24,3,355,0,1.0,1,1,0.9402928563526896
1,46.69,46.69,1,108,0,1.0,1,1,0.5419782862298549
1,26.77,26.77,1,254,0,1.0,1,1,0.5049378851008064
1,316.85,316.85,1,234,0,1.0,1,1,0.9045504246407412
1,49.4,49.4,1,21,0,1.0,1,0,0.4680959607128844
1,50.1,50.1,1,217,0,1.0,1,1,0.5251081432032876
1,29.2,29.2,1,397,0,1.0,1,1,0.7547246286481099
1,90.05,90.05,1,36,0,1.0,1,1,0.5623261696115873
1,25.33,25.33,1,121,0,1.0,1,0,0.4397130495604808
1,157.03,157.03,1,168,0,1.0,1,1,0.5813898493369326
1,124.05000000000001,124.05000000000001,1,206,0,1.0,1,1,0.5777063114368018
1,50.62,50.62,1,34,0,1.0,1,0,0.4866065259929413
1,33.839999999999996,33.839999999999996,1,97,0,1.0,1,1,0.5936231567576329
1,410.61,410.61,1,84,0,1.0,1,1,0.9153938894887494
1,108.10000000000001,108.10000000000001,1,71,0,1.0,1,1,0.5016166859523916
1,267.40000000000003,267.40000000000003,2,61,0,1.0,1,1,0.7716227118472847
1,279.25,279.25,1,93,0,1.0,1,1,0.7170102031093933
1,42.58,42.58,1,50,0,1.0,1,1,0.6147119814525329
1,50.53,50.53,1,212,0,1.0,1,0,0.47300964857763195
1,152.62,152.62,1,30,0,1.0,1,0,0.4380392157701766
2,168.98999999999998,84.49499999999999,2,13,0,2.0,1,1,0.5812709938904056
1,230.24,230.24,1,283,0,1.0,1,1,0.8209343598762657
1,63.1,63.1,1,266,0,1.0,1,1,0.5386065501286023
1,63.269999999999996,63.269999999999996,1,39,0,1.0,1,1,0.5283301946037395
1,278.07,278.07,1,358,0,1.0,1,1,0.8462795677342907
1,127.5,127.5,1,344,0,1.0,1,1,0.6174172734536449
1,122.62,122.62,1,13,0,1.0,1,0,0.47820439976211476
1,340.49,340.49,1,282,0,1.0,1,1,0.9057469312663264
1,74.07,74.07,1,271,0,1.0,1,1,0.549660508838944
1,69.84,69.84,1,328,0,1.0,1,1,0.830182153893264
1,54.09,54.09,1,36,0,1.0,1,0,0.4872418804664025
1,151.6,151.6,1,9,0,1.0,1,0,0.4804167632771092
1,79.88000000000001,79.88000000000001,1,89,0,1.0,1,1,0.6396000095341557
1,81.89,81.89,1,188,0,1.0,1,1,0.6550736615242468
1,770.24,770.24,4,351,0,1.0,1,1,0.9413907300562734
1,152.13,152.13,1,15,0,1.0,1,0,0.4813627763622974
1,66.6,66.6,1,208,0,1.0,1,1,0.5579483615731824
1,232.72000000000003,232.72000000000003,2,273,0,1.0,1,1,0.6131922078628492
1,79.10000000000001,79.10000000000001,1,196,0,1.0,1,1,0.6501684032998841
1,256.2,256.2,2,305,0,1.0,1,1,0.8113881711342468
1,176.16,176.16,2,206,0,1.0,1,1,0.6942198896468823
2,897.68,448.84,2,163,0,2.0,1,1,0.9806880280508449
1,120.04,120.04,1,320,0,1.0,1,1,0.7815426870649502
1,57.53,57.53,1,212,0,1.0,1,0,0.47109641763844534
1,44.089999999999996,44.089999999999996,1,12,0,1.0,1,1,0.575777799147016
1,87.45,87.45,1,39,0,1.0,1,1,0.57970658766555
1,443.34999999999997,443.34999999999997,1,97,0,1.0,1,1,0.7669245623098515
1,239.68,239.68,2,161,0,1.0,1,1,0.7548926753485797
1,44.0,44.0,1,117,0,1.0,1,1,0.6546829880690995
1,61.01,61.01,1,130,0,1.0,1,1,0.5241791748153818
1,142.61,142.61,1,21,0,1.0,1,0,0.49588284261973037
1,31.38,31.38,1,191,0,1.0,1,1,0.6674486531263918
1,195.74,195.74,2,182,0,1.0,1,1,0.5638750600856728
1,170.71,170.71,1,38,0,1.0,1,0,0.47472165979555647
1,37.089999999999996,37.089999999999996,1,96,0,1.0,1,1,0.5581567091434131
1,36.72,36.72,1,23,0,1.0,1,0,0.395315056316644
1,88.44,88.44,1,245,0,1.0,1,1,0.5290303251683579
2,379.71000000000004,189.85500000000002,2,61,0,2.0,1,1,0.7781677193884583
1,30.509999999999998,30.509999999999998,1,337,0,1.0,1,1,0.800689550477182
1,64.1,64.1,1,229,0,1.0,1,1,0.5847635133251522
1,32.53,32.53,1,364,0,1.0,1,1,0.7990526548486042
1,102.64,102.64,1,52,0,1.0,1,1,0.5421254756090096
1,124.97,124.97,1,220,0,1.0,1,1,0.5306973334563239
1,978.97,978.97,1,16,0,1.0,1,1,0.9924603146079615
1,518.9499999999999,518.9499999999999,1,121,0,1.0,1,0,0.4585802273834646
1,64.53,64.53,1,55,0,1.0,1,1,0.550821976173993
1,65.46,65.46,1,325,0,1.0,1,1,0.8263226621899313
1,31.14,31.14,1,176,0,1.0,1,1,0.591531922636453
1,32.62,32.62,1,382,0,1.0,1,1,0.7777108147994533
1,453.35,453.35,1,89,0,1.0,1,1,0.9078492388865823
1,719.82,719.82,2,205,0,1.0,1,1,0.8393751947875274
1,86.92,86.92,1,80,0,1.0,1,1,0.6343887027323013
1,81.89,81.89,1,192,0,1.0,1,1,0.6550736615242468
1,62.43,62.43,1,92,0,1.0,1,1,0.5319772032186567
1,99.7,99.7,1,96,0,1.0,1,1,0.5524348802031661
1,89.63000000000001,89.63000000000001,1,141,0,1.0,1,1,0.6613141527088146
1,72.75,72.75,1,297,0,1.0,1,1,0.5775068457688499
1,78.72,78.72,3,207,0,1.0,1,1,0.6035341257463215
1,33.68,33.68,1,212,0,1.0,1,1,0.6914002186638099
1,117.16000000000001,117.16000000000001,1,121,0,1.0,1,1,0.6068609988240815
1,431.65,431.65,1,22,0,1.0,1,1,0.7766651634650035
1,26.71,26.71,1,306,0,1.0,1,1,0.7872530199889504
1,138.55,138.55,1,216,0,1.0,1,1,0.5517441529582462
1,72.66,72.66,1,289,0,1.0,1,1,0.5331690443891935
2,246.57,123.285,2,262,3,0.5,1,1,0.9270179130506512
1,128.10999999999999,128.10999999999999,1,386,0,1.0,1,1,0.6388214078475516
1,47.42,47.42,1,101,0,1.0,1,1,0.5312668212127527
1,125.95,125.95,1,368,0,1.0,1,1,0.6238350734851018
1,71.05,71.05,1,95,0,1.0,1,1,0.6648655519673053
1,216.15,216.15,1,254,0,1.0,1,1,0.8082843359344446
1,46.82,46.82,1,0,0,1.0,1,1,0.7779200899161286
1,96.7,96.7,1,114,0,1.0,1,1,0.5746694920021789
1,155.0,155.0,1,132,0,1.0,1,1,0.5908746921548607
1,44.96,44.96,1,343,0,1.0,1,1,0.7391360628229129
1,183.85,183.85,1,268,0,1.0,1,1,0.7041813753864276
1,99.22,99.22,1,217,0,1.0,1,1,0.538199005170391
1,42.41,42.41,1,54,0,1.0,1,1,0.6056159320394039
1,297.34999999999997,297.34999999999997,1,510,0,1.0,1,1,0.8586474689870378
1,55.0,55.0,1,286,0,1.0,1,0,0.4976400217016707
1,74.05,74.05,1,147,0,1.0,1,1,0.6509435099802158
1,374.25,374.25,1,10,0,1.0,1,1,0.5309216773545206
1,287.96999999999997,287.96999999999997,1,285,0,1.0,1,1,0.8790596790737013
1,164.26000000000002,164.26000000000002,1,166,0,1.0,1,1,0.5728731656336105
1,42.78,42.78,1,294,0,1.0,1,1,0.6664179720865488
1,183.43,183.43,1,159,0,1.0,1,1,0.6134936069512548
1,319.24,319.24,4,14,0,1.0,1,1,0.8718276687604617
1,305.97,305.97,1,8,0,1.0,1,0,0.49959991225991446
1,87.85,87.85,1,176,0,1.0,1,1,0.6374075756076905
1,125.23,125.23,1,216,0,1.0,1,1,0.5456575763586593
1,55.0,55.0,1,10,0,1.0,1,0,0.49325218884002664
1,89.58,89.58,2,76,0,1.0,1,1,0.5308060318025325
1,156.64000000000001,156.64000000000001,1,242,0,1.0,1,1,0.5105576397144458
1,154.74,154.74,1,39,0,1.0,1,0,0.46294692136519205
1,113.5,113.5,2,289,0,1.0,1,1,0.6778368124224458
1,64.1,64.1,1,134,0,1.0,1,1,0.5370407974956989
1,37.78,37.78,1,138,0,1.0,1,1,0.595280311626245
2,203.87,101.935,2,33,49,0.04,1,0,0.47576922422377455
1,118.92999999999999,118.92999999999999,1,121,0,1.0,1,1,0.5800953735687422
1,52.77,52.77,1,210,0,1.0,1,1,0.5221659027343543
1,250.01999999999998,250.01999999999998,2,229,0,1.0,1,1,0.7299941275418943
1,113.28999999999999,113.28999999999999,1,83,0,1.0,1,1,0.576488046075856
1,131.81,131.81,1,251,0,1.0,1,1,0.5649572827364693
1,95.22,95.22,1,300,0,1.0,1,1,0.5486691538057953
1,131.16,131.16,1,155,0,1.0,1,1,0.578573805414978
1,126.42,126.42,1,334,0,1.0,1,1,0.6043016286976309
1,147.34,147.34,1,156,0,1.0,1,1,0.5883377322631587
1,116.94,116.94,1,150,0,1.0,1,1,0.6030697777613206
1,164.24,164.24,1,107,0,1.0,1,1,0.5815417894985483
1,82.67,82.67,1,241,0,1.0,1,1,0.511916504423488
1,94.43,94.43,3,190,0,1.0,1,1,0.5445631977270606
1,67.65,67.65,1,41,0,1.0,1,0,0.48138299369542276
1,57.42,57.42,1,322,0,1.0,1,1,0.7845742552546604
1,96.8,96.8,1,69,0,1.0,1,1,0.5823917068786479
1,127.02,127.02,1,78,0,1.0,1,1,0.5870838503564199
1,78.65,78.65,1,80,0,1.0,1,1,0.6224797464278868
1,60.0,60.0,1,83,0,1.0,1,0,0.4466815501670832
1,240.87,240.87,1,3,0,1.0,1,1,0.5327821440313214
1,31.82,31.82,1,96,0,1.0,1,1,0.605646930419646
2,206.33,103.165,2,85,10,0.18181818181818182,1,1,0.6545816331183509
2,183.56,91.78,2,201,0,2.0,1,1,0.8533386408594833
1,134.38,134.38,1,67,0,1.0,1,1,0.5587436109344287
1,186.4,186.4,1,132,0,1.0,1,1,0.7562959522212668
1,95.02,95.02,1,215,0,1.0,1,1,0.6044900327759983
1,66.17,66.17,1,145,0,1.0,1,1,0.5176538935463457
1,54.0,54.0,2,29,0,1.0,1,1,0.6284952888658412
1,133.48,133.48,1,2,0,1.0,1,1,0.7041644500779259
1,191.58,191.58,1,284,0,1.0,1,1,0.810422588523485
1,25.78,25.78,1,61,0,1.0,1,0,0.47218315314974113
1,63.41,63.41,1,41,0,1.0,1,1,0.5204580273045527
1,186.85,186.85,1,7,0,1.0,1,1,0.696347954520922
1,56.89,56.89,1,70,0,1.0,1,1,0.5062114765815393
1,293.22,293.22,1,305,0,1.0,1,1,0.8070678370046162
1,108.86000000000001,108.86000000000001,1,101,0,1.0,1,1,0.544050365090036
1,73.75999999999999,73.75999999999999,1,266,0,1.0,1,1,0.5502997853092817
2,157.93,78.965,3,51,4,0.4,1,0,0.4142723559084173
1,26.77,26.77,1,202,0,1.0,1,1,0.5361016575747896
1,101.84,101.84,1,80,0,1.0,1,1,0.5998855885211104
1,74.07,74.07,1,20,0,1.0,1,1,0.525462299295085
1,70.0,70.0,2,265,0,1.0,1,1,0.6883241184806879
1,47.09,47.09,1,311,0,1.0,1,1,0.7979068382748292
1,32.68,32.68,1,43,0,1.0,1,0,0.47658418960940613
1,177.89000000000001,177.89000000000001,1,273,0,1.0,1,1,0.6353766431039616
1,210.03,210.03,1,52,0,1.0,1,1,0.6620872276740161
1,61.63,61.63,1,218,0,1.0,1,1,0.5347979170180435
1,72.05,72.05,1,99,0,1.0,1,1,0.6293861665421431
1,247.95,247.95,2,235,0,1.0,1,1,0.7279840541843886
1,74.11,74.11,1,326,0,1.0,1,1,0.858464914893385
1,262.84,262.84,1,83,0,1.0,1,1,0.7436058575491213
1,38.86,38.86,1,320,0,1.0,1,1,0.865609495622651
2,202.68,101.34,2,45,0,2.0,1,1,0.7944181367237937
1,129.98,129.98,1,371,0,1.0,1,1,0.6421798270170022
1,120.36,120.36,1,318,0,1.0,1,1,0.7313777064129906
1,144.34,144.34,2,287,0,1.0,1,1,0.6670349913857849
1,164.83,164.83,2,51,0,1.0,1,0,0.48906745881328684
1,278.15999999999997,278.15999999999997,1,60,0,1.0,1,1,0.6914447311595188
1,45.11,45.11,1,150,0,1.0,1,1,0.5449790602699577
1,29.29,29.29,1,229,0,1.0,1,1,0.7063770764801326
1,308.35,308.35,1,27,0,1.0,0,1,0.5844064431535788
1,106.29,106.29,1,176,0,1.0,1,1,0.5919303722652315
1,97.87,97.87,1,211,0,1.0,1,1,0.5768767828446987
1,241.39,241.39,1,42,0,1.0,1,1,0.5601959850087058
1,158.25,158.25,1,122,0,1.0,1,1,0.5908746921548607
1,44.629999999999995,44.629999999999995,1,45,0,1.0,1,1,0.5552820788580762
1,50.0,50.0,1,16,0,1.0,1,0,0.47811875678865023
1,77.57,77.57,1,236,0,1.0,1,0,0.49625776681493855
1,53.09,53.09,1,127,0,1.0,1,0,0.47466093581445096
1,35.69,35.69,1,59,0,1.0,1,0,0.4760427299681565
1,222.69,222.69,1,297,0,1.0,1,1,0.81994849492362
1,485.51,485.51,1,317,0,1.0,1,1,0.9537221559955458
1,104.26,104.26,1,113,0,1.0,1,1,0.6088191896021452
1,56.78,56.78,1,161,0,1.0,1,0,0.4932868423087051
1,40.089999999999996,40.089999999999996,1,63,0,1.0,1,0,0.35755972820224086
1,156.33,156.33,1,233,0,1.0,1,1,0.5076816106475174
1,367.2,367.2,1,251,0,1.0,1,1,0.8482538432239201
2,149.32,74.66,3,13,0,2.0,1,1,0.7384432019491328
1,49.96,49.96,1,308,0,1.0,1,1,0.795608105013463
1,36.69,36.69,1,52,0,1.0,1,0,0.44698516361199836
1,765.84,765.84,4,89,0,1.0,1,1,0.8352987603408786
1,191.56,191.56,1,157,0,1.0,1,1,0.7555832257730877
1,352.55,352.55,1,194,0,1.0,1,1,0.8627434289736452
1,97.78999999999999,97.78999999999999,1,202,0,1.0,1,1,0.5713851940869736
1,72.36,72.36,1,245,0,1.0,1,1,0.5039831674014423
1,59.040000000000006,59.040000000000006,1,365,0,1.0,1,1,0.6348419856418065
1,60.1,60.1,1,188,0,1.0,1,0,0.4745016147499081
1,278.33000000000004,278.33000000000004,1,17,0,1.0,1,1,0.5316341641239465
1,34.42,34.42,1,390,0,1.0,1,1,0.7725842229768183
1,44.089999999999996,44.089999999999996,1,14,0,1.0,1,1,0.5756119061798683
1,77.57,77.57,1,22,0,1.0,1,0,0.48467730829158434
1,48.0,48.0,1,68,0,1.0,1,1,0.5265315311618062
1,489.75,489.75,1,180,0,1.0,1,1,0.9304575440223495
1,226.12,226.12,1,91,0,1.0,1,1,0.7699674075781499
1,126.37,126.37,1,336,0,1.0,1,1,0.6001962557168123
1,60.07,60.07,1,206,0,1.0,1,1,0.5054543248316201
1,57.68,57.68,1,0,0,1.0,1,1,0.7805130016049482
1,69.75,69.75,1,379,0,1.0,1,1,0.6709934207638154
1,39.62,39.62,1,172,0,1.0,1,1,0.6241957662085175
1,27.68,27.68,1,75,0,1.0,1,1,0.5136164215303015
1,65.05,65.05,1,180,0,1.0,1,1,0.5391612584491221
1,238.41,238.41,1,34,0,1.0,1,1,0.5039713224723035
1,184.70000000000002,184.70000000000002,1,228,0,1.0,1,1,0.7922774246049918
1,32.839999999999996,32.839999999999996,1,155,0,1.0,1,1,0.601726761953706
1,256.43,256.43,1,94,0,1.0,1,1,0.7230848285462724
1,176.87,176.87,1,135,0,1.0,1,1,0.5467199636338229
1,24.75,24.75,1,71,0,1.0,1,1,0.513864307205592
1,96.09,96.09,1,127,0,1.0,1,1,0.5744972281623301
1,73.34,73.34,1,167,0,1.0,1,1,0.6439534890112439
1,158.03,158.03,1,84,0,1.0,1,1,0.6147194998261263
1,60.11,60.11,1,0,0,1.0,1,1,0.7829706087996574
1,143.1,143.1,1,108,0,1.0,1,1,0.593768312104555
1,113.62,113.62,1,96,0,1.0,1,1,0.5953871411933631
1,94.31,94.31,1,175,0,1.0,1,1,0.657659530478198
1,66.1,66.1,1,268,0,1.0,1,1,0.5082831481213745
1,64.62,64.62,1,198,0,1.0,1,1,0.5697532610000041
1,24.93,24.93,1,96,0,1.0,1,0,0.4052093671673906
1,66.6,66.6,1,146,0,1.0,1,1,0.5145185973872415
1,491.63,491.63,1,3,0,1.0,1,1,0.7911158060657105
1,44.8,44.8,1,6,0,1.0,1,1,0.5633581367727553
1,109.79,109.79,1,65,0,1.0,1,1,0.5734412995328251
1,60.27,60.27,1,95,0,1.0,1,0,0.46345423925819923
1,117.85000000000001,117.85000000000001,1,93,0,1.0,1,1,0.6027212072515951
1,423.63,423.63,1,138,0,1.0,1,1,0.8631375372415757
1,33.089999999999996,33.089999999999996,1,41,0,1.0,1,0,0.47658418960940613
1,350.89,350.89,1,127,0,1.0,1,1,0.8083162515505768
1,169.67000000000002,169.67000000000002,1,282,0,1.0,1,1,0.6374483371399712
1,121.09,121.09,1,89,0,1.0,1,1,0.5651488264139665
1,148.75,148.75,1,94,0,1.0,1,1,0.6272279310333175
2,201.87,100.935,2,1,0,2.0,1,0,0.3891644878822523
1,89.38,89.38,1,55,0,1.0,1,1,0.6029490090152294
1,65.0,65.0,1,296,0,1.0,1,1,0.5489692114264315
1,39.75,39.75,1,229,0,1.0,1,1,0.7412261142414248
1,30.4,30.4,1,103,0,1.0,1,1,0.6116536463039357
1,66.78,66.78,1,16,0,1.0,1,0,0.482728729431161
1,133.38,133.38,1,26,0,1.0,1,0,0.468709490902113
1,33.68,33.68,1,153,0,1.0,1,1,0.601726761953706
1,54.17,54.17,1,21,0,1.0,1,0,0.48150538999555
1,87.64,87.64,1,207,0,1.0,1,1,0.6552410157926315
1,96.8,96.8,1,67,0,1.0,1,1,0.5905380538321986
1,879.66,879.66,1,40,0,1.0,1,1,0.9489261010962429
1,216.64,216.64,1,23,0,1.0,1,0,0.34736648867998715
1,856.86,856.86,3,26,0,1.0,1,1,0.9316561312830519
1,174.11,174.11,1,143,0,1.0,1,1,0.5349090775981041
1,79.37,79.37,1,37,0,1.0,1,1,0.5020224333068216
1,114.77000000000001,114.77000000000001,1,327,0,1.0,1,1,0.7865942185149908
1,114.77000000000001,114.77000000000001,1,362,0,1.0,1,1,0.6582894547556382
1,51.019999999999996,51.019999999999996,2,366,0,1.0,1,1,0.8308270422480251
1,27.1,27.1,1,24,0,1.0,1,0,0.3418580133040871
1,61.69,61.69,1,6,0,1.0,1,1,0.5113155442965424
1,151.91,151.91,1,106,0,1.0,1,1,0.5900584732018703
1,206.07,206.07,1,214,0,1.0,1,1,0.7643717453414639
1,96.8,96.8,1,254,0,1.0,1,0,0.4941582834514697
1,94.1,94.1,1,231,0,1.0,1,1,0.559254996107837
1,58.730000000000004,58.730000000000004,1,356,0,1.0,1,1,0.6348419856418065
1,73.47,73.47,1,249,0,1.0,1,1,0.5273531403704121
1,56.37,56.37,1,71,0,1.0,1,0,0.39853235794916175
1,124.18,124.18,1,347,0,1.0,1,1,0.6174172734536449
1,49.489999999999995,49.489999999999995,1,4,0,1.0,1,1,0.5617047856151426
1,181.42000000000002,181.42000000000002,2,10,0,1.0,1,1,0.7479817340874795
1,79.19,79.19,1,281,0,1.0,1,1,0.5269472328554095
1,100.54,100.54,1,337,0,1.0,1,1,0.6216339693298724
1,34.75,34.75,1,228,0,1.0,1,1,0.7382228912833558
1,82.61,82.61,1,218,0,1.0,1,1,0.6132843858958348
1,77.57,77.57,1,225,0,1.0,1,1,0.623941262522073
1,88.74,88.74,2,168,0,1.0,1,1,0.5664506544320662
2,147.97,73.985,2,2,0,2.0,1,1,0.6232057403340778
1,74.17,74.17,1,81,0,1.0,1,1,0.6267325271075637
1,151.39000000000001,151.39000000000001,1,53,0,1.0,1,1,0.5288644214021028
1,156.09,156.09,1,302,0,1.0,1,1,0.5436161143499565
1,85.16,85.16,1,172,0,1.0,1,1,0.6189239424829107
1,78.34,78.34,1,266,0,1.0,1,1,0.5245693396841725
1,36.35,36.35,1,100,0,1.0,1,1,0.5755290872525853
1,83.63000000000001,83.63000000000001,1,171,0,1.0,1,1,0.6157606474170468
1,378.26,378.26,1,72,0,1.0,1,1,0.8132640389719396
1,56.519999999999996,56.519999999999996,1,356,0,1.0,1,1,0.6468117254074786
1,325.89,325.89,1,209,0,1.0,1,1,0.8528736542927999
1,84.19999999999999,84.19999999999999,1,364,0,1.0,1,1,0.7029907016923636
1,63.05,63.05,1,45,0,1.0,1,1,0.5194715106720167
1,221.64000000000001,221.64000000000001,1,83,0,1.0,1,1,0.8214846140400328
1,177.43,177.43,1,116,0,1.0,1,1,0.5475383506497833
1,30.29,30.29,1,35,0,1.0,1,0,0.344029260462985
1,315.75,315.75,1,248,0,1.0,1,1,0.9069131953634147
1,473.12,473.12,1,342,0,1.0,1,1,0.9565790489574645
1,58.300000000000004,58.300000000000004,1,96,0,1.0,1,0,0.48953274724570645
1,95.21000000000001,95.21000000000001,1,266,0,1.0,1,1,0.5563712910685527
1,235.95000000000002,235.95000000000002,1,387,0,1.0,1,1,0.7977979496895995
1,55.550000000000004,55.550000000000004,1,369,0,1.0,1,1,0.6454876509972913
1,32.1,32.1,1,65,0,1.0,1,0,0.48543081839695246
1,111.85,111.85,1,319,0,1.0,1,1,0.7900196014141901
1,154.38,154.38,2,139,0,1.0,1,1,0.7204927369572277
1,94.72,94.72,1,302,0,1.0,1,1,0.5486691538057953
1,170.81,170.81,1,31,0,1.0,1,0,0.4469249836304208
1,110.7,110.7,3,90,0,1.0,1,1,0.7848237690559688
1,108.88,108.88,1,261,0,1.0,1,1,0.5950581804103687
1,27.04,27.04,1,378,0,1.0,1,1,0.7569470090587341
1,44.06,44.06,1,316,0,1.0,1,1,0.8719321455684604
1,213.5,213.5,1,335,0,1.0,1,1,0.6608595999797268
1,86.24,86.24,1,50,0,1.0,1,1,0.5754449559887886
1,308.42999999999995,308.42999999999995,1,279,0,1.0,1,1,0.8863419890898274
1,49.84,49.84,1,44,0,1.0,1,0,0.48312020785174364
1,130.95000000000002,130.95000000000002,1,160,0,1.0,1,1,0.578573805414978
1,440.71,440.71,1,182,0,1.0,1,1,0.9304575440223495
1,98.62,98.62,1,115,0,1.0,1,1,0.5623328270495674
1,67.11,67.11,1,156,0,1.0,1,1,0.570859972268911
1,128.55,128.55,1,33,0,1.0,1,0,0.4219058406529582
1,78.19,78.19,1,230,0,1.0,1,1,0.5492992186722985
1,122.0,122.0,2,1,0,1.0,1,1,0.6142596669421616
1,249.6,249.6,3,74,0,1.0,0,1,0.7802597365583113
1,150.20000000000002,150.20000000000002,1,389,0,1.0,1,1,0.6672930387710162
1,67.5,67.5,1,25,0,1.0,1,0,0.4598502753853192
1,365.32000000000005,365.32000000000005,1,147,0,1.0,1,1,0.8044899291429362
1,173.36,173.36,1,142,0,1.0,1,1,0.5349090775981041
1,44.42,44.42,1,353,0,1.0,1,1,0.7257126127687772
1,26.009999999999998,26.009999999999998,1,260,0,1.0,1,1,0.5255207180512789
1,114.44,114.44,4,115,0,1.0,1,1,0.8114277774734856
1,63.269999999999996,63.269999999999996,1,16,0,1.0,1,1,0.5201296231618046
1,101.84,101.84,1,51,0,1.0,1,1,0.5496362090722191
1,35.0,35.0,1,156,0,1.0,1,1,0.5638449382647279
1,43.97,43.97,1,141,0,1.0,1,1,0.6607541333732421
1,34.42,34.42,1,353,0,1.0,1,1,0.7945463762531308
1,172.69,172.69,1,1,0,1.0,1,1,0.7259402763509116
1,187.65,187.65,1,86,0,1.0,1,1,0.797808937951667
1,142.92,142.92,1,65,0,1.0,1,1,0.5738900456362266
1,147.55,147.55,1,317,0,1.0,1,1,0.7651840950045218
1,115.97,115.97,1,174,0,1.0,1,1,0.5973065608387628
1,73.63,73.63,1,35,0,1.0,1,1,0.5252249198532681
1,18.75,18.75,1,113,0,1.0,1,1,0.7050682380408217
1,95.5,95.5,1,18,0,1.0,1,1,0.5671373190579776
1,38.089999999999996,38.089999999999996,1,64,0,1.0,1,0,0.48540484696718145
1,74.94,74.94,1,47,0,1.0,1,1,0.5241693677806426
1,69.02,69.02,1,342,0,1.0,1,1,0.6904722730137773
1,1367.23,1367.23,1,386,0,1.0,1,1,0.9907373947756813
1,33.589999999999996,33.589999999999996,1,148,0,1.0,1,1,0.5924753786582126
1,77.72,77.72,1,85,0,1.0,1,1,0.6221269871657682
1,36.11,36.11,1,48,0,1.0,1,0,0.44759948737795774
1,101.14,101.14,1,311,0,1.0,1,1,0.7669662716628565
1,143.65,143.65,1,50,0,1.0,1,1,0.5519344940049362
1,73.5,73.5,2,259,0,1.0,1,1,0.6474201553115531
1,150.87,150.87,1,23,0,1.0,1,0,0.4833672753466096
1,132.44,132.44,1,68,0,1.0,1,1,0.5283833453412015
2,244.23000000000002,122.11500000000001,2,38,347,0.005747126436781609,1,1,0.8170154697160659
1,97.77000000000001,97.77000000000001,1,286,0,1.0,1,0,0.4901859115230124
1,86.99,86.99,1,272,0,1.0,1,1,0.5392045518437592
1,133.18,133.18,1,7,0,1.0,1,0,0.4424644189803184
1,46.82,46.82,1,298,0,1.0,1,1,0.5289202183935242
1,231.27,231.27,1,209,0,1.0,1,1,0.7440043875950993
1,341.02,341.02,1,43,0,1.0,1,1,0.6798311967018251
1,150.3,150.3,1,161,0,1.0,1,1,0.581812894695156
1,123.78,123.78,1,268,0,1.0,1,1,0.6031972141221884
1,167.51000000000002,167.51000000000002,1,120,0,1.0,1,1,0.5820163367303477
1,62.01,62.01,1,87,0,1.0,1,1,0.5223615294822799
1,33.75,33.75,1,287,0,1.0,1,1,0.6352125916523648
1,79.56,79.56,1,110,0,1.0,1,1,0.6460915750930744
1,87.36,87.36,1,64,0,1.0,1,1,0.6264096134122484
1,152.7,152.7,1,223,0,1.0,1,1,0.535753812431537
1,33.45,33.45,1,63,0,1.0,1,0,0.48499351436831206
1,95.25,95.25,3,95,0,1.0,1,1,0.5094651890400117
1,252.3,252.3,1,319,0,1.0,1,1,0.8536345624816891
1,255.42000000000002,255.42000000000002,1,70,0,1.0,1,1,0.5866884983563697
2,297.69,148.845,2,350,0,2.0,1,1,0.9801073486934748
1,157.32,157.32,1,166,0,1.0,1,1,0.5813898493369326
1,618.88,618.88,1,81,0,1.0,1,1,0.9486113652939878
1,347.96999999999997,347.96999999999997,1,262,0,1.0,1,1,0.9057025838374693
1,20.85,20.85,1,92,0,1.0,1,0,0.426805505694922
1,73.34,73.34,1,118,0,1.0,1,1,0.6470096171606742
1,66.6,66.6,1,141,0,1.0,1,1,0.5176538935463457
1,215.56,215.56,2,255,0,1.0,1,1,0.554425158027328
1,91.36,91.36,2,96,0,1.0,1,1,0.575015205015366
1,222.04000000000002,222.04000000000002,2,119,0,1.0,1,1,0.7521365188691441
1,68.0,68.0,1,36,0,1.0,1,0,0.4833544640784745
1,33.86,33.86,1,333,0,1.0,1,1,0.8023140858125977
1,108.72,108.72,1,96,0,1.0,1,1,0.5900617128986717
1,26.86,26.86,1,313,0,1.0,1,1,0.8653201391326474
1,92.60000000000001,92.60000000000001,2,359,0,1.0,1,1,0.7778505876126474
1,31.72,31.72,1,14,0,1.0,1,0,0.3145771972015736
1,190.37,190.37,1,102,0,1.0,1,1,0.7584545802093391
1,59.1,59.1,1,92,0,1.0,1,0,0.4756030314408043
1,63.269999999999996,63.269999999999996,1,41,0,1.0,1,1,0.5204580273045527
1,157.64999999999998,157.64999999999998,1,10,0,1.0,1,0,0.4804167632771092
1,329.98,329.98,1,154,0,1.0,1,1,0.8713285472988688
1,71.82,71.82,1,44,0,1.0,1,0,0.4934031277106168
1,199.15,199.15,1,51,0,1.0,1,0,0.4310711851456412
1,82.98,82.98,1,55,0,1.0,1,1,0.5734934194338998
1,50.1,50.1,1,244,0,1.0,1,0,0.47254108332096023
1,47.42,47.42,2,93,0,1.0,1,1,0.726293576704709
1,49.0,49.0,1,87,0,1.0,1,0,0.4798720772608549
1,62.01,62.01,1,243,0,1.0,1,0,0.45803894358082564
1,237.94,237.94,1,292,0,1.0,1,1,0.8614053127349118
1,89.63000000000001,89.63000000000001,1,151,0,1.0,1,1,0.6646338905371026
1,153.51000000000002,153.51000000000002,2,258,0,1.0,1,1,0.6897666254681627
1,129.09,129.09,1,16,0,1.0,1,0,0.47472842259795356
1,121.09,121.09,1,231,0,1.0,1,1,0.549409219357492
1,175.56,175.56,1,84,0,1.0,1,1,0.6062553719792066
1,34.089999999999996,34.089999999999996,1,295,0,1.0,1,1,0.6494074790841657
1,77.57,77.57,1,98,0,1.0,1,1,0.6474234156751941
1,26.71,26.71,1,333,0,1.0,1,1,0.7219174162740599
1,37.1,37.1,1,293,0,1.0,1,1,0.625994599939048
1,1137.11,1137.11,1,184,0,1.0,1,1,0.9752570272511879
1,49.510000000000005,49.510000000000005,1,342,0,1.0,1,1,0.6643169768934426
1,74.05,74.05,1,275,0,1.0,1,1,0.5480111731948077
1,26.27,26.27,1,40,0,1.0,1,0,0.3806729964778404
1,125.42,125.42,1,98,0,1.0,1,1,0.5900578648027354
1,53.0,53.0,1,10,0,1.0,1,0,0.49325218884002664
1,167.20000000000002,167.20000000000002,1,210,0,1.0,1,1,0.5868320726630325
1,315.76,315.76,1,134,0,1.0,1,1,0.8133656333301446
2,68.63,34.315,2,19,1,1.0,1,1,0.9291242382709561
1,135.92000000000002,135.92000000000002,1,230,0,1.0,1,1,0.5677291327003894
1,289.79,289.79,2,118,0,1.0,1,1,0.7979643541816553
1,2288.31,2288.31,1,298,0,1.0,1,1,0.9866290784735372
1,252.89,252.89,1,315,0,1.0,1,1,0.8536345624816891
1,64.1,64.1,1,93,0,1.0,1,1,0.5235721358895253
1,62.68,62.68,1,280,0,1.0,1,1,0.549200977850809
1,29.1,29.1,1,202,0,1.0,1,1,0.7006766878748294
1,28.85,28.85,1,285,0,1.0,1,1,0.6534655313513679
1,196.12,196.12,1,75,0,1.0,1,1,0.5904326206844651
1,84.59,84.59,1,39,0,1.0,1,1,0.5763315025263712
1,102.64,102.64,1,44,0,1.0,1,1,0.5308237170460232
1,376.28999999999996,376.28999999999996,1,222,0,1.0,1,1,0.9259681234941636
1,50.75,50.75,1,99,0,1.0,1,0,0.4717204020619837
1,195.91,195.91,1,181,0,1.0,1,1,0.7454062419582315
1,149.74,149.74,2,12,0,1.0,1,1,0.5151768710470549
1,96.8,96.8,1,219,0,1.0,1,1,0.5314758131790895
1,65.1,65.1,1,162,0,1.0,0,1,0.5407663892789717
1,115.89999999999999,115.89999999999999,1,318,0,1.0,1,1,0.7871460948946817
2,324.43,162.215,2,15,31,0.0625,1,1,0.7658146049570977
1,126.11000000000001,126.11000000000001,1,94,0,1.0,1,1,0.5930294764215499
1,29.1,29.1,1,177,0,1.0,1,1,0.6127882787540241
1,65.71000000000001,65.71000000000001,1,52,0,1.0,1,1,0.5400459604471528
1,235.27,235.27,2,35,0,1.0,1,1,0.6457839157443637
1,71.53,71.53,1,3,0,1.0,1,1,0.5659300792446235
1,36.64,36.64,1,342,0,1.0,1,1,0.781241089916756
1,193.91,193.91,1,77,0,1.0,1,1,0.7972325352979486
1,64.1,64.1,1,288,0,1.0,1,1,0.540804072953089
1,99.22,99.22,1,151,0,1.0,1,1,0.5592343429496108
1,144.43,144.43,1,81,0,1.0,1,1,0.6177765521149817
1,66.82,66.82,1,153,0,1.0,1,1,0.5119280325608153
1,161.23,161.23,1,203,0,1.0,1,1,0.588181627509263
1,37.5,37.5,1,80,0,1.0,1,1,0.5516406923390046
1,92.83000000000001,92.83000000000001,1,0,0,1.0,0,1,0.8110921860735456
1,322.56,322.56,1,338,0,1.0,1,1,0.8339373254946256
1,32.1,32.1,1,129,0,1.0,1,1,0.6148971673372424
1,398.90000000000003,398.90000000000003,1,239,0,1.0,1,1,0.9618873047527142
1,51.0,51.0,1,6,0,1.0,1,0,0.49021074929286923
1,188.89000000000001,188.89000000000001,1,387,0,1.0,1,1,0.7260977647826607
1,91.67,91.67,1,227,0,1.0,1,1,0.658013745061986
1,43.0,43.0,1,254,0,1.0,1,1,0.6486021181095141
1,212.05,212.05,1,224,0,1.0,1,1,0.6763370105464159
1,107.02,107.02,2,114,0,1.0,1,1,0.6681878556440239
1,23.86,23.86,1,326,0,1.0,1,1,0.8001802625501053
1,162.9,162.9,1,57,0,1.0,1,1,0.5461593324788016
1,51.040000000000006,51.040000000000006,1,333,0,1.0,1,1,0.6595443162931522
1,111.03,111.03,1,292,0,1.0,1,1,0.5554693553176555
1,6929.31,6929.31,1,381,0,1.0,1,1,0.9907373947756813
1,52.28,52.28,1,70,0,1.0,1,1,0.5095443598586259
1,123.78999999999999,123.78999999999999,1,193,0,1.0,1,1,0.5730538180372061
1,178.98,178.98,1,20,0,1.0,1,1,0.7115289908096422
1,135.59,135.59,1,354,0,1.0,1,1,0.6049058200997869
1,144.12,144.12,1,2,0,1.0,1,1,0.7455841118210431
1,96.19,96.19,1,168,0,1.0,1,1,0.5663387809093212
1,77.08,77.08,1,232,0,1.0,1,1,0.5042888975397013
1,104.7,104.7,1,323,0,1.0,1,1,0.8137599396320235
1,74.17999999999999,74.17999999999999,2,3,0,1.0,1,1,0.5817574531209021
1,224.94,224.94,1,186,0,1.0,1,1,0.7316375880778235
1,133.36,133.36,1,220,0,1.0,1,1,0.5298652247492357
1,111.41,111.41,1,31,0,1.0,1,0,0.4916215694724293
1,76.08,76.08,1,269,0,1.0,1,1,0.525145577348719
1,168.29000000000002,168.29000000000002,1,155,0,1.0,1,1,0.5810159789213358
1,275.98,275.98,2,96,0,1.0,1,1,0.8011999904444964
1,179.6,179.6,1,156,0,1.0,1,1,0.6134936069512548
2,76.72,38.36,2,410,0,2.0,1,1,0.9674390414573695
1,31.75,31.75,1,189,0,1.0,1,1,0.6569722835207649
1,93.52000000000001,93.52000000000001,1,100,0,1.0,1,1,0.6647479300635906
1,155.39000000000001,155.39000000000001,1,314,0,1.0,1,1,0.7652351103586575
1,49.4,49.4,1,43,0,1.0,1,0,0.48312020785174364
1,47.089999999999996,47.089999999999996,1,132,0,1.0,1,1,0.5499798109797116
1,192.66,192.66,1,218,0,1.0,1,1,0.7813200035452103
1,262.52,262.52,1,275,0,1.0,1,1,0.8549596372959268
1,89.75,89.75,1,58,0,1.0,1,1,0.6312375505963043
1,35.089999999999996,35.089999999999996,1,13,0,1.0,1,0,0.3890213866883164
2,106.42999999999999,53.214999999999996,2,99,213,0.009345794392523364,1,0,0.20242636089500476
1,373.97999999999996,373.97999999999996,1,96,0,1.0,1,1,0.7040750462632337
1,31.6,31.6,1,279,0,1.0,1,1,0.6375769177160642
1,368.91999999999996,368.91999999999996,1,133,0,1.0,1,1,0.7172331629885236
1,155.5,155.5,2,390,0,1.0,1,1,0.8065387255406058
1,359.19000000000005,359.19000000000005,1,96,0,1.0,1,1,0.6398975572326097
1,92.78,92.78,1,173,0,1.0,1,1,0.6596055586043857
1,51.989999999999995,51.989999999999995,1,386,0,1.0,1,1,0.5744836933141548
1,102.64,102.64,1,45,0,1.0,1,1,0.5272737150165683
1,186.72,186.72,1,24,0,1.0,1,1,0.7194853817567173
1,121.9,121.9,2,342,0,1.0,1,1,0.7638876372625338
1,264.66,264.66,2,238,0,1.0,1,1,0.7862567969996035
1,42.04,42.04,1,303,0,1.0,1,1,0.6750074536439107
1,37.44,37.44,1,22,0,1.0,1,0,0.39066845664341304
1,98.27000000000001,98.27000000000001,1,112,0,1.0,1,1,0.5623328270495674
1,65.09,65.09,1,23,0,1.0,1,1,0.5035990401810617
1,130.26,130.26,2,134,0,1.0,1,1,0.7223841907203515
1,114.84,114.84,1,3,0,1.0,1,1,0.5790129067377459
1,522.62,522.62,1,196,0,1.0,1,1,0.9039481167881043
1,65.81,65.81,1,350,0,1.0,1,1,0.6951481533536162
1,133.05,133.05,1,47,0,1.0,1,0,0.46921254732718704
1,256.31,256.31,1,43,0,1.0,1,1,0.5282583959133587
1,57.989999999999995,57.989999999999995,2,40,0,1.0,1,1,0.6160645598524945
1,63.97,63.97,1,1,0,1.0,1,1,0.8000206356318822
1,463.34000000000003,463.34000000000003,1,49,0,1.0,1,1,0.8754478159560847
1,101.34,101.34,1,89,0,1.0,1,1,0.5792136806348932
2,257.58,128.79,3,244,31,0.0625,1,1,0.623141935159042
1,54.089999999999996,54.089999999999996,1,87,0,1.0,1,0,0.46890179112465546
1,600.43,600.43,1,75,0,1.0,1,1,0.9654458004182671
1,115.10000000000001,115.10000000000001,2,96,0,1.0,1,1,0.7579409105714299
1,188.97,188.97,1,141,0,1.0,1,1,0.7376537301503729
1,121.69,121.69,1,87,0,1.0,1,1,0.5656416926454115
1,26.65,26.65,1,0,0,1.0,1,1,0.8495124475746361
1,51.75,51.75,1,268,0,1.0,1,0,0.47681730746825945
1,65.69,65.69,1,12,0,1.0,1,0,0.45986530320634633
1,375.3,375.3,2,76,0,1.0,1,1,0.8640897132563125
1,176.78,176.78,1,61,0,1.0,1,1,0.771819343501384
1,172.33,172.33,1,14,0,1.0,1,0,0.4907613257485197
1,92.61,92.61,1,95,0,1.0,1,1,0.6754895991828036
1,165.3,165.3,1,29,0,1.0,1,0,0.44109667693789895
1,97.71000000000001,97.71000000000001,1,32,0,1.0,1,1,0.5398794232394567
1,41.62,41.62,1,84,0,1.0,1,1,0.5977318420010341
1,178.36,178.36,1,111,0,1.0,1,1,0.5475383506497833
2,255.10999999999999,127.55499999999999,2,67,148,0.013422818791946308,1,0,0.3083810237305709
1,136.99,136.99,1,77,0,1.0,1,1,0.6081724758357904
1,81.22,81.22,1,29,0,1.0,1,1,0.5099755532262502
1,73.25,73.25,1,94,0,1.0,1,1,0.6529920765982038
1,113.42,113.42,1,211,0,1.0,1,1,0.592252875191826
1,33.72,33.72,1,69,0,1.0,1,0,0.37430028333796256
1,26.0,26.0,1,292,0,1.0,1,1,0.5683091955597643
1,113.81,113.81,1,390,0,1.0,1,1,0.7011621647998392
1,146.3,146.3,2,122,0,1.0,1,1,0.7348832528608596
1,146.38,146.38,1,132,0,1.0,1,1,0.5921570101340583
1,207.76000000000002,207.76000000000002,1,289,0,1.0,1,1,0.7744105474627172
1,61.47,61.47,1,51,0,1.0,1,1,0.5367492311268397
1,99.44,99.44,2,172,0,1.0,1,1,0.5989195711025084
1,108.37,108.37,1,50,0,1.0,1,1,0.5338568556504882
1,50.06,50.06,1,407,0,1.0,1,1,0.5973580865806212
1,105.01,105.01,1,89,0,1.0,1,1,0.5951815991771189
1,618.75,618.75,1,70,0,1.0,1,1,0.9732560488409658
1,47.68,47.68,1,260,0,1.0,1,0,0.4791962426835737
1,274.47,274.47,1,8,0,1.0,1,0,0.49989385991836743
1,59.85,59.85,1,221,0,1.0,1,0,0.48108240742367364
1,162.10000000000002,162.10000000000002,1,342,0,1.0,1,1,0.6079364265398346
1,201.82,201.82,1,33,0,1.0,1,0,0.4387468007374062
1,112.94,112.94,1,95,0,1.0,1,1,0.5674312959663691
1,80.2,80.2,2,24,0,1.0,1,1,0.6150382474914805
1,200.74,200.74,1,205,0,1.0,1,1,0.7554129239620611
1,234.46,234.46,1,1,0,1.0,1,1,0.6412321276101468
1,66.6,66.6,1,119,0,1.0,1,1,0.5043521022756405
1,104.59,104.59,1,33,0,1.0,1,1,0.5147246433546441
1,306.34999999999997,306.34999999999997,1,250,0,1.0,1,1,0.8850144624175171
1,108.0,108.0,1,19,0,1.0,1,1,0.5000987272807821
1,81.12,81.12,1,0,0,1.0,1,1,0.7770641397985414
1,40.53,40.53,1,1,0,1.0,1,1,0.8192259738133675
1,108.0,108.0,1,53,0,1.0,1,1,0.5261807624159576
1,36.769999999999996,36.769999999999996,1,219,0,1.0,1,1,0.6697261871018144
1,195.93,195.93,1,202,0,1.0,1,1,0.7554129239620611
1,77.89,77.89,1,63,0,1.0,1,1,0.5940107880721112
1,90.28,90.28,1,65,0,1.0,1,1,0.6373010166241673
1,96.25999999999999,96.25999999999999,2,11,0,1.0,1,1,0.520104250825803
1,106.29,106.29,1,182,0,1.0,1,1,0.6025613048121637
1,130.31,130.31,2,234,0,1.0,1,1,0.6864134129662373
2,168.12,84.06,2,148,160,0.012422360248447204,1,0,0.37935078770999364
1,273.21999999999997,273.21999999999997,1,194,0,1.0,1,1,0.8423036663248537
1,206.87,206.87,1,49,0,1.0,1,1,0.6673577698211282
1,123.69,123.69,2,265,0,1.0,1,1,0.7061593183349821
1,39.089999999999996,39.089999999999996,1,14,0,1.0,1,1,0.5079151073781764
1,403.81000000000006,403.81000000000006,1,37,0,1.0,1,1,0.7694101508059199
1,85.42,85.42,1,230,0,1.0,1,1,0.544525556802462
1,89.63000000000001,89.63000000000001,1,283,0,1.0,1,1,0.567268233763569
1,61.879999999999995,61.879999999999995,1,98,0,1.0,1,1,0.5258516714961562
1,41.75,41.75,1,90,0,1.0,1,1,0.6074981713275767
1,86.86,86.86,1,30,0,1.0,1,1,0.5519517700233675
1,272.01,272.01,1,22,0,1.0,1,1,0.531905324211634
1,171.44,171.44,1,62,0,1.0,1,1,0.5652650249447786
1,88.28999999999999,88.28999999999999,1,104,0,1.0,1,1,0.6450811896727203
1,137.97,137.97,1,146,0,1.0,1,1,0.5633154014952838
1,44.37,44.37,1,95,0,1.0,1,1,0.6430951552859085
1,73.84,73.84,1,341,0,1.0,1,1,0.7307477403029334
1,54.1,54.1,1,297,0,1.0,1,0,0.4829855276699889
1,303.42,303.42,1,337,0,1.0,1,1,0.7854400140281277
1,223.57,223.57,1,206,0,1.0,1,1,0.7440043875950993
1,32.68,32.68,1,289,0,1.0,1,1,0.6509330422633425
1,64.46,64.46,1,363,0,1.0,1,1,0.6911488502449108
1,47.68,47.68,1,50,0,1.0,1,1,0.5076239694551373
1,85.6,85.6,2,9,0,1.0,1,1,0.5628036224992428
1,145.6,145.6,1,330,0,1.0,1,1,0.7651840950045218
1,144.99,144.99,1,109,0,1.0,1,1,0.593768312104555
1,76.64,76.64,1,155,0,1.0,1,1,0.6410015384029519
1,115.32,115.32,1,91,0,1.0,1,1,0.617488383450285
1,51.84,51.84,1,69,0,1.0,1,1,0.5078686841829502
1,74.63,74.63,1,246,0,1.0,1,1,0.5265122346180178
1,92.78,92.78,1,163,0,1.0,1,1,0.6609034496837584
1,75.77,75.77,1,164,0,1.0,0,1,0.6386576722886674
2,250.57,125.285,3,178,25,0.07692307692307693,1,1,0.6286776226972186
1,50.01,50.01,1,398,0,1.0,1,1,0.5793549806247043
1,50.07,50.07,1,27,0,1.0,1,0,0.4776848980088415
1,991.52,991.52,1,108,0,1.0,1,1,0.9009165199399651
1,68.38,68.38,1,231,0,1.0,1,1,0.5575716410644493
1,27.68,27.68,1,175,0,1.0,1,1,0.6227666673827719
1,207.7,207.7,1,231,0,1.0,1,1,0.7730106348125999
1,36.35,36.35,1,61,0,1.0,1,0,0.4760427299681565
1,45.64,45.64,1,330,0,1.0,1,1,0.7964933120005397
1,151.10999999999999,151.10999999999999,1,377,0,1.0,1,1,0.6147225632827863
1,43.1,43.1,1,122,0,1.0,1,1,0.5926557087935277
1,173.52,173.52,1,74,0,1.0,1,0,0.4329576083082331
1,92.19,92.19,1,279,0,1.0,1,1,0.5736340820719774
1,53.05,53.05,1,123,0,1.0,1,0,0.47637374551469625
1,129.21,129.21,1,189,0,1.0,1,1,0.5837145940595889
1,48.17,48.17,1,189,0,1.0,1,1,0.5179052543911404
1,88.34,88.34,1,163,0,1.0,1,1,0.6392906811667002
1,32.099999999999994,32.099999999999994,1,234,0,1.0,1,1,0.706170244887391
1,47.510000000000005,47.510000000000005,1,363,0,1.0,1,1,0.6465183104275836
1,59.34,59.34,1,136,0,1.0,1,0,0.4579444838595264
1,226.24,226.24,1,195,0,1.0,1,1,0.7316375880778235
1,213.16,213.16,1,328,0,1.0,1,1,0.7555239597735635
1,121.76,121.76,1,77,0,1.0,1,1,0.5754914708146631
1,140.98000000000002,140.98000000000002,1,350,0,1.0,1,1,0.6049058200997869
1,190.53,190.53,1,147,0,1.0,1,1,0.721264452795651
1,57.69,57.69,1,7,0,1.0,1,0,0.49017989224607655
3,191.1,63.699999999999996,3,191,95,0.03125,1,1,0.6751429271176651
1,56.620000000000005,56.620000000000005,1,274,0,1.0,1,1,0.5019174707152496
1,27.689999999999998,27.689999999999998,1,221,0,1.0,1,1,0.7190917712057898
1,219.74,219.74,1,106,0,1.0,1,1,0.7586084132525794
1,216.16000000000003,216.16000000000003,1,106,0,1.0,1,1,0.738504762897202
1,107.95,107.95,1,69,0,1.0,1,1,0.563204662461977
1,443.34,443.34,1,106,0,1.0,1,1,0.7701612557263828
1,104.05,104.05,1,244,0,1.0,1,1,0.582049487660024
1,141.52,141.52,1,105,0,1.0,1,1,0.5746325086573282
1,64.6,64.6,1,225,0,1.0,1,1,0.590292514524375
1,114.0,114.0,2,19,0,1.0,1,1,0.5095457322393461
1,125.42,125.42,1,213,0,1.0,1,1,0.5450769987925177
1,234.46,234.46,1,91,0,1.0,1,1,0.7402183123225972
1,130.74,130.74,1,216,0,1.0,0,1,0.5558323271881133
1,48.69,48.69,1,104,0,1.0,1,0,0.49423927679742397
1,153.70000000000002,153.70000000000002,1,262,0,1.0,1,1,0.5732768707742679
1,123.89,123.89,1,225,0,1.0,1,1,0.5739533914187804
1,52.11,52.11,1,404,0,1.0,1,1,0.5748781376279203
1,101.32,101.32,2,218,0,1.0,1,1,0.6207089248767405
1,135.49,135.49,1,84,0,1.0,1,1,0.598720055390116
1,60.1,60.1,1,45,0,1.0,1,0,0.4641882148794838
1,888.74,888.74,1,114,0,1.0,1,1,0.9065116207924054
1,79.17,79.17,1,15,0,1.0,1,0,0.4932285057124647
1,65.71000000000001,65.71000000000001,1,221,0,1.0,1,1,0.5524795383491835
1,86.02000000000001,86.02000000000001,1,2,0,1.0,1,1,0.8208926266621859
1,44.0,44.0,1,96,0,1.0,1,1,0.6419392683008722
1,136.5,136.5,1,219,0,1.0,1,1,0.5450896906165292
1,77.06,77.06,1,300,0,1.0,1,1,0.5645359747764715
1,72.14,72.14,1,89,0,1.0,1,1,0.6229641782593901
1,21.43,21.43,1,98,0,1.0,1,1,0.5358913523903454
1,45.61,45.61,1,80,0,1.0,1,1,0.5224000348036935
1,61.01,61.01,1,203,0,1.0,1,1,0.5529673447453666
1,191.23,191.23,1,91,0,1.0,1,1,0.7789382522439503
1,40.0,40.0,1,262,0,1.0,1,1,0.6508283898657342
1,1936.5,1936.5,1,165,0,1.0,1,1,0.9760262990452876
1,78.36,78.36,1,163,0,1.0,1,1,0.639574133655809
1,404.05,404.05,1,113,0,1.0,1,1,0.779830431216345
1,125.43,125.43,1,196,0,1.0,1,1,0.5742125277146256
1,74.05,74.05,1,115,0,1.0,1,1,0.6539507461476637
2,108.42,54.21,2,279,22,0.08695652173913043,1,1,0.8144840259981423
1,161.42000000000002,161.42000000000002,1,387,0,1.0,1,1,0.6061412281648512
1,56.37,56.37,1,20,0,1.0,1,0,0.48842172505503667
1,63.11,63.11,1,360,0,1.0,1,1,0.6973653626163435
1,101.03,101.03,1,7,0,1.0,1,0,0.49402386145040994
1,147.15,147.15,1,232,0,1.0,1,1,0.5025447465885132
1,97.50999999999999,97.50999999999999,1,20,0,1.0,1,1,0.5635416409655782
1,299.85,299.85,3,254,0,1.0,1,1,0.7693029810962967
1,231.27,231.27,1,219,0,1.0,1,1,0.7970395082696751
1,290.66,290.66,1,129,0,1.0,1,1,0.7938461140131025
1,111.19,111.19,1,241,0,1.0,1,1,0.5144328567903653
1,356.06,356.06,2,164,0,1.0,1,1,0.857070280397503
1,32.769999999999996,32.769999999999996,1,42,0,1.0,1,0,0.47658418960940613
1,181.26,181.26,1,342,0,1.0,1,1,0.6555031131825272
1,243.4,243.4,1,96,0,1.0,1,1,0.7748485622770928
1,151.18,151.18,1,314,0,1.0,1,1,0.7639017770253242
1,163.7,163.7,1,281,0,1.0,1,1,0.5631944013692899
1,237.48000000000002,237.48000000000002,1,28,0,1.0,1,1,0.5185795941355043
1,291.32,291.32,2,111,0,1.0,1,1,0.8125747886166832
1,52.5,52.5,2,156,0,1.0,1,1,0.7038081698678234
1,24.77,24.77,1,30,0,1.0,1,0,0.39146908033383476
1,68.6,68.6,1,91,0,1.0,1,1,0.6456966745675232
1,194.82,194.82,1,142,0,1.0,1,1,0.7200071646180055
1,68.13,68.13,1,150,0,1.0,1,1,0.6627752238917856
1,152.71,152.71,1,20,0,1.0,1,0,0.4858979402303269
1,159.69,159.69,1,42,0,1.0,1,0,0.46389682635298213
1,196.01000000000002,196.01000000000002,1,56,0,1.0,1,0,0.47712356872736167
1,48.239999999999995,48.239999999999995,1,63,0,1.0,1,1,0.5392644572449363
1,105.56,105.56,2,133,0,1.0,1,1,0.6645472917401513
1,60.85,60.85,1,84,0,1.0,1,1,0.5218458401402091
1,265.49,265.49,1,106,0,1.0,1,1,0.6755462680549049
1,261.45,261.45,1,383,0,1.0,1,1,0.8293752366430945
1,40.0,40.0,1,17,0,1.0,1,0,0.4572230786116013
1,132.59,132.59,1,151,0,1.0,1,1,0.578573805414978
1,74.66,74.66,1,50,0,1.0,1,1,0.554037420784039
1,194.5,194.5,1,45,0,1.0,1,0,0.4436554924220876
2,153.17,76.585,3,112,0,2.0,1,1,0.8140847261214033
1,69.73,69.73,1,37,0,1.0,1,0,0.4833592383001358
1,38.61,38.61,1,23,0,1.0,1,0,0.4858048745975163
1,99.74,99.74,1,24,0,1.0,1,1,0.5313080187921965
1,268.0,268.0,1,95,0,1.0,1,1,0.687478290299834
1,221.79000000000002,221.79000000000002,1,17,0,1.0,1,0,0.393541922643432
1,78.77,78.77,1,250,0,1.0,1,1,0.508086597567771
1,729.3,729.3,2,142,0,1.0,1,0,0.45923271784281194
1,36.78,36.78,1,153,0,1.0,1,1,0.5578277725679447
1,113.31,113.31,3,290,0,1.0,1,1,0.7928072209766454
1,104.11999999999999,104.11999999999999,1,50,0,1.0,1,1,0.5496362090722191
1,214.5,214.5,1,368,0,1.0,1,1,0.667750014282819
1,99.22,99.22,1,212,0,1.0,1,1,0.5374524398966378
1,42.58,42.58,1,40,0,1.0,1,1,0.6160689411489181
1,69.56,69.56,1,211,0,1.0,1,1,0.6601445803551421
1,55.09,55.09,1,27,0,1.0,1,0,0.4846766520556408
1,66.12,66.12,1,353,0,1.0,1,1,0.679720059271903
1,102.03,102.03,1,228,0,1.0,1,1,0.6134766181012701
1,801.11,801.11,1,26,0,1.0,1,1,0.9915885197361667
1,74.74,74.74,1,104,0,1.0,1,1,0.6524571345550779
1,65.43,65.43,1,54,0,1.0,1,1,0.539389244128137
1,22.72,22.72,1,281,0,1.0,1,1,0.5736332707936798
1,28.0,28.0,1,94,0,1.0,1,1,0.6330421114453937
1,406.58,406.58,1,12,0,1.0,1,1,0.7785546596371348
1,32.01,32.01,1,102,0,1.0,1,1,0.6074726576834143
1,42.089999999999996,42.089999999999996,1,110,0,1.0,1,1,0.6319024605051458
1,181.03,181.03,2,87,0,1.0,1,1,0.8053967787948938
1,385.61,385.61,1,340,0,1.0,1,1,0.9565790489574645
1,49.6,49.6,1,178,0,1.0,1,1,0.5016924660664721
1,546.45,546.45,1,106,0,1.0,1,1,0.7372829508438729
1,238.69,238.69,1,77,0,1.0,1,1,0.8353342754996479
1,137.99,137.99,1,221,0,1.0,1,1,0.5314039899436798
1,118.84,118.84,1,45,0,1.0,1,1,0.5241673740173464
1,89.27000000000001,89.27000000000001,1,82,0,1.0,1,1,0.6520688109597047
1,191.46,191.46,1,148,0,1.0,1,1,0.7069332241479583
1,71.05,71.05,1,96,0,1.0,1,1,0.6648655519673053
1,388.0,388.0,5,125,0,1.0,1,1,0.8759164092956909
1,82.71,82.71,1,295,0,1.0,1,1,0.5528614071806512
1,130.81,130.81,1,173,0,1.0,1,1,0.5723875431341967
1,230.10000000000002,230.10000000000002,2,14,0,1.0,1,1,0.714654756865421
1,204.83,204.83,1,178,0,1.0,1,1,0.7203207227090866
1,690.6800000000001,690.6800000000001,1,55,0,1.0,1,1,0.9889835782617195
1,59.34,59.34,1,136,0,1.0,1,0,0.4579444838595264
1,476.34,476.34,1,399,0,1.0,1,1,0.9718294057164204
1,47.59,47.59,1,207,0,1.0,1,1,0.5321281601313962
1,22.240000000000002,22.240000000000002,1,197,0,1.0,1,0,0.45534936413273547
1,37.089999999999996,37.089999999999996,1,96,0,1.0,1,1,0.5581567091434131
1,89.17,89.17,1,50,0,1.0,1,1,0.5842301772926581
1,45.480000000000004,45.480000000000004,1,36,0,1.0,1,1,0.5583048739823999
1,27.85,27.85,1,168,0,1.0,1,1,0.629108787204231
1,30.93,30.93,1,44,0,1.0,1,0,0.31429328709497645
1,124.52,124.52,1,80,0,1.0,1,1,0.5580186757147219
2,337.84999999999997,168.92499999999998,2,280,8,0.2222222222222222,1,1,0.7711478015977907
1,352.98,352.98,1,345,0,1.0,1,1,0.8392196799045267
1,41.07,41.07,1,96,0,1.0,1,1,0.6184612455396693
1,39.089999999999996,39.089999999999996,1,127,0,1.0,1,1,0.588035916875522
1,364.57,364.57,2,253,0,1.0,1,1,0.8349777983053315
1,192.39000000000001,192.39000000000001,1,89,0,1.0,1,1,0.779640186961543
1,39.1,39.1,1,61,0,1.0,1,1,0.5145004873771881
1,115.45,115.45,1,161,0,1.0,1,1,0.5978272581725156
1,130.06,130.06,1,96,0,1.0,1,1,0.6168170379993796
1,83.07,83.07,1,298,0,1.0,1,1,0.5451867879153981
1,79.17,79.17,1,359,0,1.0,1,1,0.7199021648625546
2,585.9100000000001,292.95500000000004,4,16,0,2.0,1,1,0.8234505011189822
1,221.87,221.87,1,8,0,1.0,1,0,0.3963241871727094
1,27.07,27.07,1,218,0,1.0,1,1,0.7182274945762508
1,91.77,91.77,1,238,0,1.0,1,1,0.5551734086560081
1,101.84,101.84,1,9,0,1.0,1,1,0.5088948239614215
1,162.25,162.25,1,82,0,1.0,1,1,0.6110864900344026
1,49.4,49.4,1,28,0,1.0,1,0,0.4776848980088415
1,293.12,293.12,1,326,0,1.0,1,1,0.8042165732779932
1,35.589999999999996,35.589999999999996,1,75,0,1.0,1,0,0.4673632250566547
1,67.5,67.5,1,22,0,1.0,1,0,0.4474079267624373
1,63.1,63.1,1,125,0,1.0,1,1,0.5394138548799262
1,148.22,148.22,1,128,0,1.0,1,1,0.5921570101340583
1,90.75,90.75,1,153,0,1.0,1,1,0.6646338905371026
1,105.38,105.38,1,154,0,1.0,1,1,0.5953658832047108
1,103.14,103.14,1,24,0,1.0,1,1,0.5387678098282579
1,75.08,75.08,1,205,0,1.0,1,1,0.6619471623730085
1,50.09,50.09,1,218,0,1.0,1,1,0.5251081432032876
1,64.47,64.47,1,335,0,1.0,1,1,0.6973202982535591
1,71.53,71.53,1,0,0,1.0,1,1,0.7708966477192378
1,168.14000000000001,168.14000000000001,1,238,0,1.0,1,1,0.6012949257935266
1,64.1,64.1,1,212,0,1.0,1,1,0.5264536779455717
1,119.04,119.04,1,92,0,1.0,1,1,0.6027212072515951
1,85.38,85.38,2,126,0,1.0,1,1,0.5945861833418755
1,164.72,164.72,1,313,0,1.0,1,1,0.7627144213703657
2,262.96000000000004,131.48000000000002,2,155,0,2.0,1,1,0.9685430409179768
1,140.51,140.51,1,350,0,1.0,1,1,0.6049058200997869
1,156.35999999999999,156.35999999999999,4,122,0,1.0,1,1,0.8399947685996134
1,41.07,41.07,1,130,0,1.0,1,1,0.6291954419953845
1,142.54000000000002,142.54000000000002,1,43,0,1.0,1,0,0.48976819893064855
1,197.01000000000002,197.01000000000002,1,62,0,1.0,1,1,0.5064698825254251
1,98.00999999999999,98.00999999999999,1,5,0,1.0,1,1,0.6245248300541131
1,134.95999999999998,134.95999999999998,1,389,0,1.0,1,1,0.6697588301395696
1,74.94,74.94,1,116,0,1.0,1,1,0.6539507461476637
1,168.20000000000002,168.20000000000002,1,161,0,1.0,1,1,0.5757734593325308
1,72.66,72.66,1,223,0,1.0,1,1,0.6136023025995986
1,77.99,77.99,1,107,0,1.0,1,1,0.6431625994044999
1,125.94,125.94,1,107,0,1.0,1,1,0.573673381246656
1,43.62,43.62,1,173,0,1.0,1,1,0.6593553716647523
1,131.44,131.44,1,384,0,1.0,1,1,0.6388214078475516
1,75.16,75.16,1,42,0,1.0,1,1,0.5140849081060443
1,32.589999999999996,32.589999999999996,1,43,0,1.0,1,0,0.47658418960940613
1,256.43,256.43,1,167,0,1.0,1,1,0.8118196403726952
1,192.24,192.24,1,50,0,1.0,1,1,0.5062252917711967
1,97.39,97.39,1,75,0,1.0,1,1,0.5669790554548296
1,73.03,73.03,1,85,0,1.0,1,1,0.6067697791194601
1,102.03,102.03,1,241,0,1.0,1,1,0.5784986726783404
1,67.5,67.5,1,37,0,1.0,1,0,0.47106645163829236
1,90.36,90.36,1,92,0,1.0,1,1,0.673926386079287
1,89.80000000000001,89.80000000000001,1,19,0,1.0,1,1,0.5800560362685959
1,63.91,63.91,1,343,0,1.0,1,1,0.701364665725049
1,144.78,144.78,1,232,0,1.0,1,1,0.5188339289916729
1,116.94,116.94,1,140,0,1.0,1,1,0.5955424095735347
1,80.2,80.2,1,281,0,1.0,1,1,0.5288046897165892
1,162.70000000000002,162.70000000000002,1,194,0,1.0,1,1,0.5862313442422682
1,255.96,255.96,2,301,0,1.0,1,1,0.7683442810901238
1,104.21000000000001,104.21000000000001,1,88,0,1.0,1,1,0.6008302248057462
1,237.4,237.4,1,240,0,1.0,1,1,0.8524189878725889
1,99.67,99.67,1,340,0,1.0,1,1,0.6400978093566088
1,60.0,60.0,1,236,0,1.0,1,0,0.49060224851223133
1,102.26,102.26,1,51,0,1.0,1,1,0.5496362090722191
1,123.06,123.06,1,371,0,1.0,1,1,0.6405969027979186
1,74.14,74.14,1,0,0,1.0,1,1,0.7814319969482981
1,56.78,56.78,1,71,0,1.0,1,0,0.39853235794916175
1,79.02,79.02,2,389,0,1.0,1,1,0.7558411781249755
1,96.22,96.22,1,7,0,1.0,1,1,0.5182795908374397
1,38.089999999999996,38.089999999999996,1,110,0,1.0,1,1,0.5907429353852834
1,154.45,154.45,1,105,0,1.0,1,1,0.5900584732018703
1,597.8,597.8,1,31,0,1.0,1,1,0.9798245223575621
1,174.81,174.81,1,165,0,1.0,1,1,0.535820782596737
1,406.15999999999997,406.15999999999997,1,96,0,1.0,1,1,0.7709048415158655
1,120.03999999999999,120.03999999999999,1,235,0,1.0,1,1,0.5473194775237971
1,307.69,307.69,1,38,0,1.0,1,1,0.5885883485357243
1,33.0,33.0,1,105,0,1.0,1,1,0.6154987407590639
1,178.27,178.27,1,74,0,1.0,1,1,0.6325612445469311
1,45.480000000000004,45.480000000000004,1,54,0,1.0,1,1,0.5471687498306699
1,201.82,201.82,1,41,0,1.0,1,1,0.5052581809642241
1,327.96000000000004,327.96000000000004,2,28,0,1.0,1,1,0.7787606014914
1,73.86,73.86,1,294,0,1.0,1,1,0.5932698340300181
1,137.99,137.99,1,52,0,1.0,1,1,0.5444237605417267
1,47.68,47.68,1,260,0,1.0,1,0,0.4791962426835737
1,148.94,148.94,1,205,0,1.0,1,1,0.5894639454884606
1,62.37,62.37,1,379,0,1.0,1,1,0.6443936181040719
1,65.05,65.05,1,218,0,1.0,1,1,0.5538025940895728
1,37.089999999999996,37.089999999999996,1,90,0,1.0,1,1,0.5592710601659738
2,193.76,96.88,2,79,60,0.03278688524590164,1,1,0.583590360483801
1,65.0,65.0,1,285,0,1.0,1,1,0.5431343220973713
1,96.88,96.88,1,199,0,1.0,1,1,0.5850501661465295
1,1191.48,1191.48,6,44,0,1.0,1,1,0.9912192025907979
1,103.14,103.14,1,22,0,1.0,1,1,0.5352315212530165
1,163.68,163.68,1,39,0,1.0,1,0,0.4661813262544425
1,58.62,58.62,1,93,0,1.0,1,0,0.4756030314408043
1,119.25,119.25,1,50,0,1.0,1,1,0.5054252522594299
1,87.9,87.9,1,149,0,1.0,1,1,0.6401577570224221
1,74.16,74.16,1,90,0,1.0,1,1,0.6539110120875332
1,108.51,108.51,1,50,0,1.0,1,1,0.5338568556504882
1,49.42,49.42,1,338,0,1.0,1,1,0.669071961140549
1,72.65,72.65,1,57,0,1.0,1,1,0.5948546900371525
1,138.6,138.6,1,8,0,1.0,1,0,0.49248386385002885
1,236.21,236.21,1,232,0,1.0,1,1,0.7972754477858697
1,74.17,74.17,1,53,0,1.0,1,1,0.5434271958129814
1,203.43,203.43,1,266,0,1.0,1,1,0.7946439839895107
1,148.06,148.06,1,243,0,1.0,1,1,0.5124833120217274
1,267.99,267.99,1,142,0,1.0,1,1,0.8136227030206968
1,148.32,148.32,1,83,0,1.0,1,1,0.6165930787256261
1,98.89999999999999,98.89999999999999,2,43,0,1.0,1,0,0.46005603845949594
1,77.57,77.57,1,215,0,1.0,1,1,0.6056513894230465
1,138.15,138.15,1,196,0,1.0,1,1,0.5769525589184509
1,210.64000000000001,210.64000000000001,1,181,0,1.0,1,1,0.5956231618762836
1,107.89999999999999,107.89999999999999,1,94,0,1.0,1,1,0.5884984997951549
1,34.0,34.0,1,33,0,1.0,1,0,0.43332621132558585
1,132.56,132.56,1,205,0,1.0,1,1,0.5811979531032434
1,82.88,82.88,1,311,0,1.0,1,1,0.8457418797824964
1,179.78,179.78,1,225,0,1.0,1,1,0.6808649588678413
1,185.84,185.84,1,37,0,1.0,1,1,0.7158602605849219
1,123.0,123.0,1,57,0,1.0,1,1,0.5296803601526182
1,141.12,141.12,1,331,0,1.0,1,1,0.5757766896278641
1,226.22,226.22,1,226,0,1.0,1,1,0.8075691292494802
1,139.07,139.07,1,111,0,1.0,1,1,0.5729090996102659
1,34.0,34.0,1,27,0,1.0,1,0,0.42793958414228994
1,46.84,46.84,1,259,0,1.0,1,1,0.5182655938987678
1,148.15,148.15,1,280,0,1.0,1,1,0.5772183699307819
1,438.82,438.82,1,175,0,1.0,1,1,0.9312268158164491
1,37.8,37.8,1,79,0,1.0,1,1,0.5592303998077579
1,59.69,59.69,1,149,0,1.0,1,0,0.4504037728429726
1,37.019999999999996,37.019999999999996,1,63,0,1.0,1,0,0.35222739426229316
1,166.9,166.9,1,112,0,1.0,1,1,0.5820163367303477
1,99.22,99.22,1,210,0,1.0,1,1,0.5810029057576163
1,162.25,162.25,1,273,0,1.0,1,1,0.5700864992266219
1,115.71000000000001,115.71000000000001,1,412,0,1.0,1,1,0.7077118669519346
1,165.77,165.77,1,229,0,1.0,1,1,0.5658508319934967
1,116.36000000000001,116.36000000000001,1,54,0,1.0,1,1,0.5407586271126168
1,245.35,245.35,1,19,0,1.0,1,1,0.5344864636591231
1,63.11,63.11,1,342,0,1.0,1,1,0.701364665725049
1,125.52,125.52,1,294,0,1.0,1,1,0.5638301972825575
1,343.07,343.07,1,214,0,1.0,1,1,0.8941246983659319
1,77.57,77.57,1,174,0,1.0,1,1,0.6382762425764361
2,142.45999999999998,71.22999999999999,2,182,0,2.0,1,1,0.7862923359751286
1,105.83,105.83,1,96,0,1.0,1,1,0.6136798198442825
1,139.59,139.59,1,406,0,1.0,1,1,0.6753321911807113
1,49.85,49.85,1,82,0,1.0,1,0,0.4693195171672915
1,163.06,163.06,1,55,0,1.0,1,1,0.5298025959676482
1,31.689999999999998,31.689999999999998,1,212,0,1.0,1,1,0.6711272451387665
1,146.68,146.68,2,154,0,1.0,1,1,0.7096254191062825
1,223.26,223.26,1,27,0,1.0,1,1,0.5021997058596642
1,147.64000000000001,147.64000000000001,1,345,0,1.0,1,1,0.6063210309209575
1,181.85999999999999,181.85999999999999,2,323,0,1.0,1,1,0.8208046275671407
1,39.839999999999996,39.839999999999996,1,149,0,1.0,1,1,0.6207610434019262
1,126.48,126.48,1,44,0,1.0,1,0,0.41995594549418314
1,66.6,66.6,1,297,0,1.0,1,1,0.5286304310300075
1,42.69,42.69,1,217,0,1.0,1,1,0.7231593873672987
1,117.12,117.12,1,306,0,1.0,1,1,0.7862532377518245
1,128.84,128.84,2,342,0,1.0,1,1,0.7638876372625338
1,59.29,59.29,1,234,0,1.0,1,0,0.4829174017791901
1,169.39000000000001,169.39000000000001,1,352,0,1.0,1,1,0.6079569829851063
1,53.1,53.1,1,279,0,1.0,1,0,0.49529138812068046
1,92.57,92.57,1,70,0,1.0,1,1,0.6312996693023503
1,117.24000000000001,117.24000000000001,2,337,0,1.0,1,1,0.7861587774880696
1,178.67000000000002,178.67000000000002,1,267,0,1.0,1,1,0.5570185806154474
1,39.089999999999996,39.089999999999996,1,21,0,1.0,1,0,0.48533504549029244
1,120.04,120.04,1,370,0,1.0,1,1,0.6664350490898489
1,95.31,95.31,1,77,0,1.0,1,1,0.6338013781866089
1,251.69,251.69,1,115,0,1.0,1,1,0.7913347190447207
1,373.22,373.22,2,361,0,1.0,1,1,0.9426828450994811
1,186.02999999999997,186.02999999999997,3,22,0,1.0,1,1,0.6519852219495036
1,98.08,98.08,1,348,0,1.0,1,1,0.6574623256951725
1,65.71000000000001,65.71000000000001,1,93,0,1.0,1,1,0.5462791480652761
1,82.69999999999999,82.69999999999999,1,357,0,1.0,1,1,0.7212122139694467
1,67.67999999999999,67.67999999999999,1,99,0,1.0,1,1,0.5541123015223929
1,36.0,36.0,1,99,0,1.0,1,1,0.5745812191581763
1,108.2,108.2,2,171,0,1.0,1,1,0.6131758545674205
1,130.32,130.32,1,80,0,1.0,1,1,0.5986816547073113
1,266.5,266.5,1,77,0,1.0,1,1,0.8174161540731585
1,147.24,147.24,1,328,0,1.0,1,1,0.7651840950045218
1,57.43,57.43,1,13,0,1.0,1,0,0.4967203660521993
1,133.06,133.06,1,219,0,1.0,1,1,0.5510662221031747
1,76.65,76.65,1,199,0,1.0,1,1,0.6468054593595818
1,84.14,84.14,1,173,0,1.0,1,1,0.6075643065897769
1,39.6,39.6,1,95,0,1.0,1,1,0.6059444742240635
1,41.0,41.0,1,99,0,1.0,1,1,0.6076874426518072
1,31.75,31.75,1,148,0,1.0,1,1,0.536477942738585
1,442.74,442.74,3,203,0,1.0,1,1,0.8599890229229792
1,26.77,26.77,1,133,0,1.0,1,0,0.4597493035071098
1,142.96,142.96,1,267,0,1.0,1,1,0.5783735270759482
1,165.8,165.8,1,50,0,1.0,1,1,0.5375588322654639
1,1653.6,1653.6,1,151,0,1.0,1,1,0.9760262990452876
1,65.0,65.0,1,188,0,1.0,1,1,0.5411457401548995
1,93.01,93.01,1,42,0,1.0,1,1,0.5741607525831213
1,57.269999999999996,57.269999999999996,1,110,0,1.0,1,0,0.4839497012568464
1,45.239999999999995,45.239999999999995,1,0,0,1.0,0,1,0.8178026646183304
1,125.82,125.82,2,408,0,1.0,1,1,0.8105988673334817
1,66.00999999999999,66.00999999999999,1,214,0,1.0,1,1,0.5342583863757052
1,84.15,84.15,1,67,0,1.0,1,1,0.5480134295818931
1,100.35,100.35,1,86,0,1.0,1,1,0.5375154300808819
1,51.75,51.75,1,254,0,1.0,1,0,0.4574077655791688
1,33.0,33.0,1,76,0,1.0,1,1,0.5514979751305311
1,45.71,45.71,1,272,0,1.0,1,1,0.5091996306436664
1,159.94,159.94,1,17,0,1.0,1,0,0.4825995792892911
1,108.51,108.51,1,142,0,1.0,1,1,0.5617158864748091
1,142.46,142.46,1,205,0,1.0,1,1,0.5906474188778164
1,104.87,104.87,1,89,0,1.0,1,1,0.5951815991771189
1,47.77,47.77,1,52,0,1.0,1,0,0.4997545541413287
1,35.1,35.1,1,254,0,1.0,1,1,0.6103253493777555
1,207.61,207.61,1,191,0,1.0,1,1,0.7270464105310165
1,141.64,141.64,1,201,0,1.0,1,1,0.5785919486807138
1,169.5,169.5,3,168,0,1.0,1,1,0.7794626442126564
1,121.49,121.49,1,97,0,1.0,1,1,0.59557403583488
1,303.42,303.42,1,407,0,1.0,1,1,0.8586474689870378
2,145.47,72.735,2,140,0,2.0,1,1,0.7868086470229052
1,160.54,160.54,1,30,0,1.0,1,0,0.4412736206594268
1,242.8,242.8,1,282,0,1.0,1,1,0.8674792324640581
1,90.28,90.28,1,51,0,1.0,1,1,0.5858080051204859
1,50.0,50.0,1,132,0,1.0,1,0,0.483785332049398
1,76.08,76.08,1,35,0,1.0,1,0,0.49110420161614693
1,255.33,255.33,1,156,0,1.0,1,1,0.8118196403726952
1,314.34000000000003,314.34000000000003,1,142,0,1.0,1,1,0.826541746427047
1,35.69,35.69,1,78,0,1.0,1,1,0.5253574659970663
1,128.91,128.91,1,276,0,1.0,1,1,0.6105468345123577
1,115.35000000000001,115.35000000000001,1,0,0,1.0,1,1,0.631989112857852
1,190.44,190.44,2,24,0,1.0,1,1,0.5673823539511125
1,25.380000000000003,25.380000000000003,1,232,0,1.0,1,1,0.5306782523789315
1,142.29999999999998,142.29999999999998,1,345,0,1.0,1,1,0.6075045043103133
1,80.77,80.77,1,300,0,1.0,1,1,0.5648867459050643
1,57.77,57.77,1,138,0,1.0,1,1,0.5012564232488164
1,44.69,44.69,1,282,0,1.0,1,1,0.6842759765270112
1,46.75,46.75,1,85,0,1.0,1,1,0.5272064959579993
1,66.5,66.5,1,115,0,1.0,1,1,0.5043521022756405
1,79.03,79.03,1,345,0,1.0,1,1,0.7167146560851525
1,186.85,186.85,1,54,0,1.0,1,1,0.7526892614813593
1,74.14,74.14,1,231,0,1.0,1,1,0.5416171566907955
1,86.72,86.72,1,92,0,1.0,1,1,0.6523136175622288
1,65.28,65.28,1,155,0,1.0,1,1,0.5424068982644886
1,132.02,132.02,1,287,0,1.0,1,1,0.5791798494250008
1,70.72,70.72,1,108,0,1.0,1,1,0.6623696029359979
1,386.79,386.79,3,153,0,1.0,1,1,0.8379062460487834
1,637.49,637.49,1,279,0,1.0,1,1,0.97226949474238
1,33.989999999999995,33.989999999999995,1,90,0,1.0,1,1,0.6068379258537594
1,51.71,51.71,1,382,0,1.0,1,1,0.6193383216562859
1,34.09,34.09,1,93,0,1.0,1,1,0.6000293013637034
1,36.78,36.78,1,110,0,1.0,1,1,0.5692387450610926
1,128.54,128.54,1,214,0,1.0,1,1,0.5558323271881133
1,151.96,151.96,2,64,0,1.0,1,1,0.642327393835541
1,336.38,336.38,2,134,0,1.0,1,1,0.8065251182957576
1,386.72,386.72,4,236,0,1.0,1,1,0.8693574358591991
1,50.95,50.95,1,385,0,1.0,1,1,0.5744836933141548
1,264.54,264.54,1,72,0,1.0,1,0,0.44687345828518404
1,196.37,196.37,1,22,0,1.0,1,0,0.3130209616246018
1,65.0,65.0,1,31,0,1.0,1,1,0.508279098421318
1,29.84,29.84,1,103,0,1.0,1,1,0.6116536463039357
1,45.0,45.0,1,202,0,1.0,1,1,0.7181701650550472
1,336.67999999999995,336.67999999999995,1,302,0,1.0,1,1,0.902328491640773
1,21.17,21.17,1,96,0,1.0,1,1,0.5302797169097702
1,116.94,116.94,1,75,0,1.0,1,1,0.6015039619524952
1,62.0,62.0,2,273,0,1.0,0,1,0.6720791408388478
1,28.0,28.0,1,277,0,1.0,1,1,0.6526169177280673
1,98.51,98.51,1,120,0,1.0,1,1,0.5623328270495674
1,76.66,76.66,1,241,0,1.0,1,0,0.4993487014096604
1,145.53,145.53,1,51,0,1.0,1,1,0.5519344940049362
1,69.44999999999999,69.44999999999999,1,96,0,1.0,1,1,0.6367901502863216
1,55.87,55.87,1,390,0,1.0,1,1,0.573712026252824
1,213.49,213.49,1,279,0,1.0,1,1,0.7121120918103474
1,204.07,204.07,1,207,0,1.0,1,1,0.741428556573377
1,75.16,75.16,1,204,0,1.0,1,1,0.6627534198940676
1,670.3,670.3,1,172,0,1.0,1,1,0.9619038959884496
1,173.41,173.41,1,41,0,1.0,1,0,0.48247921423407614
1,65.1,65.1,1,72,0,1.0,1,1,0.5077431196105291
1,96.31,96.31,1,33,0,1.0,1,1,0.5434751013318561
1,187.0,187.0,1,10,0,1.0,1,1,0.6800848452190341
1,193.39000000000001,193.39000000000001,1,370,0,1.0,1,1,0.7475966817722695
1,160.23,160.23,1,211,0,1.0,1,1,0.5949983097088437
1,129.01,129.01,1,279,0,1.0,1,1,0.6105468345123577
1,44.42,44.42,1,310,0,1.0,1,1,0.8719321455684604
1,396.72999999999996,396.72999999999996,1,355,0,1.0,1,1,0.9691940590592374
1,130.84,130.84,1,378,0,1.0,1,1,0.6421798270170022
1,72.68,72.68,1,145,0,1.0,1,1,0.6470360126600012
1,70.41,70.41,1,286,0,1.0,1,1,0.5546339685747379
1,22.37,22.37,1,42,0,1.0,1,0,0.4373136589126279
1,105.28,105.28,1,283,0,1.0,1,1,0.6152368834251506
1,420.05999999999995,420.05999999999995,2,267,0,1.0,1,1,0.9051304062703293
1,35.0,35.0,1,42,0,1.0,1,0,0.44216500224808036
1,26.09,26.09,1,266,0,1.0,1,1,0.5266184422815332
1,175.64000000000001,175.64000000000001,1,281,0,1.0,1,1,0.627879101456993
1,42.58,42.58,1,43,0,1.0,1,1,0.6138944650871019
1,89.88000000000001,89.88000000000001,1,260,0,1.0,1,1,0.5757529610909893
1,114.26,114.26,1,283,0,1.0,1,1,0.584562183784778
1,108.81,108.81,1,300,0,1.0,1,1,0.5706306453745644
1,96.88,96.88,1,140,0,1.0,1,1,0.5667494839343774
1,91.99,91.99,1,47,0,1.0,1,1,0.5680583422816067
1,474.37,474.37,1,31,0,1.0,1,1,0.7715844462595718
1,91.96000000000001,91.96000000000001,1,95,0,1.0,1,1,0.6754895991828036
1,254.47,254.47,1,27,0,1.0,1,1,0.5183601753012649
1,428.49,428.49,2,17,0,1.0,1,1,0.8537303906232168
1,144.41,144.41,1,164,0,1.0,1,1,0.5824905222971994
1,66.63,66.63,1,155,0,1.0,1,1,0.5150861685478358
1,35.04,35.04,1,149,0,1.0,1,1,0.5518808699667176
1,166.21,166.21,1,328,0,1.0,1,1,0.7627144213703657
1,63.6,63.6,2,48,0,1.0,1,1,0.6337735278046123
1,193.57,193.57,1,97,0,1.0,1,1,0.7848515335335293
1,114.41999999999999,114.41999999999999,1,15,0,1.0,1,1,0.5344382504794082
1,32.41,32.41,1,300,0,1.0,1,1,0.6543429597225584
1,45.089999999999996,45.089999999999996,1,298,0,1.0,1,1,0.5228329876925065
1,54.75,54.75,1,276,0,1.0,1,0,0.49529138812068046
1,117.04,117.04,1,85,0,1.0,1,1,0.6034579022935409
2,812.72,406.36,2,21,0,2.0,1,1,0.9637047709655231
1,102.16,102.16,1,190,0,1.0,1,1,0.6185395627361268
1,96.32,96.32,1,67,0,1.0,1,1,0.5905380538321986
1,121.28,121.28,1,356,0,1.0,1,1,0.6101516965090528
1,176.65,176.65,1,190,0,1.0,1,1,0.5701908037227048
1,135.49,135.49,1,63,0,1.0,1,1,0.5738900456362266
1,116.85000000000001,116.85000000000001,1,11,0,1.0,1,0,0.48973653413230067
1,131.44,131.44,1,148,0,1.0,1,1,0.5688330206559215
1,119.92999999999999,119.92999999999999,1,245,0,1.0,1,1,0.5475183512377755
1,156.64000000000001,156.64000000000001,1,207,0,1.0,0,1,0.5949983097088437
1,147.47,147.47,1,83,0,1.0,1,1,0.6165930787256261
1,62.28,62.28,1,166,0,1.0,1,1,0.5316373354389674
1,66.67,66.67,1,93,0,1.0,1,0,0.4582093373471642
1,90.88000000000001,90.88000000000001,1,188,0,1.0,1,1,0.674654753514632
1,247.88,247.88,1,316,0,1.0,1,1,0.8536345624816891
1,265.12,265.12,2,36,0,1.0,1,1,0.654934675614097
1,77.57,77.57,1,212,0,1.0,1,1,0.6050708118569049
1,160.28,160.28,1,267,0,1.0,1,1,0.5707217187699634
1,631.4599999999999,631.4599999999999,2,78,0,1.0,1,1,0.8669342937890429
1,97.21000000000001,97.21000000000001,1,96,0,1.0,1,1,0.5716080489763609
1,113.03,113.03,1,294,0,1.0,1,1,0.5598306417863588
1,46.01,46.01,1,4,0,1.0,1,1,0.622787888881586
1,95.64,95.64,1,86,0,1.0,1,1,0.574030113590093
1,61.09,61.09,1,89,0,1.0,1,1,0.5285526002123185
1,155.12,155.12,2,91,0,1.0,1,1,0.7579815072837282
1,49.42,49.42,1,350,0,1.0,1,1,0.6643169768934426
1,58.489999999999995,58.489999999999995,1,199,0,1.0,1,1,0.5185199201499782
1,143.83,143.83,1,169,0,1.0,1,1,0.5838556407054859
1,218.55,218.55,1,44,0,1.0,1,0,0.48740685283299257
1,374.28,374.28,1,401,0,1.0,1,1,0.9443210723285578
1,217.3,217.3,3,91,0,1.0,1,1,0.8489886483261224
1,95.31,95.31,1,53,0,1.0,1,1,0.5657977902716715
1,66.67,66.67,1,95,0,1.0,1,0,0.4694602325773092
1,270.64,270.64,1,168,0,1.0,1,1,0.8494989907762935
1,125.50999999999999,125.50999999999999,1,168,0,1.0,1,1,0.562716185541684
1,323.87,323.87,1,14,0,1.0,1,1,0.5701450055463045
1,120.53999999999999,120.53999999999999,1,49,0,1.0,1,0,0.4935548990240275
1,118.75,118.75,1,222,0,1.0,1,1,0.5377120464980698
1,273.2,273.2,2,72,0,1.0,1,1,0.7800802737091268
1,90.75,90.75,1,61,0,1.0,1,1,0.6384620420705002
1,74.17,74.17,1,35,0,1.0,1,1,0.5252249198532681
1,208.77,208.77,1,102,0,1.0,1,1,0.7335418872981551
1,647.4,647.4,1,290,0,1.0,1,1,0.9744391320952565
1,322.89,322.89,1,172,0,1.0,1,1,0.8713285472988688
1,28.75,28.75,1,40,0,1.0,1,1,0.5496978186164696
2,168.06,84.03,2,16,0,2.0,1,1,0.5931414014831047
1,262.94,262.94,1,7,0,1.0,1,1,0.5008888900472265
1,47.519999999999996,47.519999999999996,1,57,0,1.0,1,1,0.5392993291006204
1,101.8,101.8,2,57,0,1.0,1,1,0.5119976099716955
1,58.76,58.76,2,289,0,1.0,1,1,0.7184463592199581
1,26.68,26.68,1,168,0,1.0,1,0,0.47563062118610666
1,197.82,197.82,1,95,0,1.0,1,1,0.7848515335335293
1,206.76,206.76,1,119,0,1.0,1,1,0.7445876408210352
1,113.62,113.62,1,61,0,1.0,1,1,0.5899152924492728
1,73.36,73.36,1,211,0,1.0,1,1,0.664691217565923
1,85.14,85.14,1,239,0,1.0,1,1,0.508476113217058
1,55.18,55.18,1,297,0,1.0,1,0,0.48615032167747957
1,168.20000000000002,168.20000000000002,1,131,0,1.0,1,1,0.5848352567922355
1,335.47,335.47,1,34,0,1.0,1,1,0.5840436950475127
1,165.60000000000002,165.60000000000002,1,123,0,1.0,1,1,0.5811979497143874
1,327.62,327.62,2,23,0,1.0,1,1,0.7786550067392708
1,71.14,71.14,1,165,0,1.0,1,1,0.671264321156103
1,335.47,335.47,1,156,0,1.0,1,1,0.8713285472988688
1,206.08,206.08,1,171,0,1.0,1,1,0.7310926483206324
1,20.86,20.86,1,336,0,1.0,1,1,0.6017527190367333
1,57.05,57.05,1,17,0,1.0,1,0,0.4848205418969593
1,68.33,68.33,1,119,0,1.0,1,1,0.6501642324291599
1,52.620000000000005,52.620000000000005,1,38,0,1.0,1,0,0.4944103621034003
1,244.34,244.34,1,213,0,1.0,1,1,0.849050691087078
1,142.1,142.1,1,34,0,1.0,1,0,0.4649459379068059
1,68.02,68.02,1,142,0,1.0,1,1,0.6642915710337678
1,55.09,55.09,1,95,0,1.0,1,0,0.4760927487208395
1,28.619999999999997,28.619999999999997,1,8,0,1.0,1,1,0.6143355329843468
1,29.33,29.33,1,42,0,1.0,1,1,0.5032078601808327
1,63.269999999999996,63.269999999999996,1,17,0,1.0,1,1,0.51832634447328
1,51.75,51.75,1,71,0,1.0,1,0,0.455330383020627
1,74.16,74.16,1,35,0,1.0,1,1,0.5252249198532681
1,46.69,46.69,1,49,0,1.0,1,1,0.5099806689144051
1,116.94,116.94,1,163,0,1.0,1,1,0.5978272581725156
1,95.31,95.31,1,96,0,1.0,1,1,0.6406116292635476
1,38.9,38.9,1,71,0,1.0,1,1,0.5019182835822963
1,82.7,82.7,1,125,0,1.0,1,1,0.6501474454696609
1,178.27,178.27,1,95,0,1.0,1,1,0.6150376817861692
1,80.2,80.2,1,19,0,1.0,1,1,0.514933116400811
1,349.56,349.56,1,36,0,1.0,1,1,0.5714217853553005
1,50.5,50.5,1,249,0,1.0,1,0,0.46616193401277767
1,91.05,91.05,1,148,0,1.0,1,1,0.6600697367283141
1,32.089999999999996,32.089999999999996,1,288,0,1.0,1,1,0.6509330422633425
1,315.32,315.32,1,181,0,1.0,1,1,0.8652372197430441
1,96.23,96.23,1,509,0,1.0,1,1,0.7109963907883687
1,324.44,324.44,1,56,0,1.0,1,1,0.7670604242755499
1,76.89,76.89,1,47,0,1.0,1,1,0.5063677738503642
1,623.68,623.68,1,16,0,1.0,1,1,0.981807428340468
1,196.81,196.81,1,87,0,1.0,1,1,0.7976452856319319
1,120.5,120.5,1,190,0,1.0,1,1,0.5740351643470197
1,99.0,99.0,1,79,0,1.0,1,1,0.5589487402358402
1,54.09,54.09,1,109,0,1.0,1,0,0.4759536504775563
1,54.0,54.0,1,106,0,1.0,1,0,0.4760519005297501
1,151.6,151.6,1,56,0,1.0,1,1,0.5329060332491906
1,195.02999999999997,195.02999999999997,3,86,0,1.0,1,1,0.8486028053263673
1,86.19,86.19,2,96,0,1.0,1,1,0.6073961312315219
1,141.48,141.48,1,125,0,1.0,1,1,0.5754487276103185
1,121.17999999999999,121.17999999999999,1,145,0,1.0,1,1,0.5587510112669474
1,39.239999999999995,39.239999999999995,1,18,0,1.0,1,0,0.4906786250126508
1,140.32999999999998,140.32999999999998,1,43,0,1.0,1,0,0.48976819893064855
1,155.63,155.63,1,18,0,1.0,1,0,0.4858979402303269
1,218.55,218.55,1,135,0,1.0,1,1,0.7575677028847477
1,84.00999999999999,84.00999999999999,1,36,0,1.0,1,0,0.4864763126708244
1,165.70000000000002,165.70000000000002,1,162,0,1.0,1,1,0.5721361522546827
1,61.05,61.05,1,61,0,1.0,1,1,0.5739930756018692
1,91.26,91.26,1,257,0,1.0,1,1,0.576134598375157
1,45.7,45.7,1,300,0,1.0,1,1,0.5459935132485093
1,923.4499999999999,923.4499999999999,1,55,0,1.0,1,1,0.9889835782617195
1,148.76,148.76,1,349,0,1.0,1,1,0.6063210309209575
1,217.64000000000001,217.64000000000001,1,296,0,1.0,1,1,0.8158810418554362
1,48.0,48.0,1,294,0,1.0,1,1,0.5202447024379234
1,140.41,140.41,1,250,0,1.0,1,1,0.5526059773790634
1,39.6,39.6,1,54,0,1.0,1,0,0.4672686636153575
1,127.28999999999999,127.28999999999999,1,91,0,1.0,1,1,0.5980751258355752
1,217.54,217.54,1,48,0,1.0,1,1,0.5665428563726443
1,124.89000000000001,124.89000000000001,1,387,0,1.0,1,1,0.6302466146113914
1,55.09,55.09,1,136,0,1.0,1,0,0.48781642472394926
1,28.259999999999998,28.259999999999998,2,229,0,1.0,1,1,0.8433241975439446
1,51.730000000000004,51.730000000000004,1,367,0,1.0,1,1,0.6460087391347675
1,110.97,110.97,1,176,0,1.0,1,1,0.5452612867966397
1,50.09,50.09,1,100,0,1.0,1,0,0.47108609356068837
1,108.31,108.31,1,90,0,1.0,1,1,0.5807523995222236
1,916.02,916.02,1,155,0,1.0,1,1,0.9721788782771491
1,42.77,42.77,1,132,0,1.0,1,1,0.6364398367461073
1,974.17,974.17,1,238,0,1.0,1,1,0.9801784058329435
1,29.68,29.68,1,96,0,1.0,1,1,0.5961878307111257
1,57.800000000000004,57.800000000000004,1,139,0,1.0,1,1,0.5012564232488164
1,138.36,138.36,1,34,0,1.0,1,0,0.4649459379068059
1,86.42,86.42,1,175,0,1.0,1,1,0.6379927900873277
1,42.379999999999995,42.379999999999995,1,72,0,1.0,1,1,0.5994224830882836
1,232.71,232.71,2,197,0,1.0,1,1,0.6402125182236518
1,60.54,60.54,2,71,0,1.0,1,1,0.6819249222438222
1,71.72,71.72,1,109,0,1.0,1,1,0.6044956051448541
2,140.55,70.275,2,27,16,0.11764705882352941,1,0,0.452014775400849
1,35.36,35.36,1,86,0,1.0,1,1,0.5682716859720207
1,30.6,30.6,1,282,0,1.0,1,1,0.6371710382599919
1,132.53,132.53,1,146,0,1.0,1,1,0.570077436636422
1,77.66,77.66,1,147,0,1.0,1,1,0.6396230256377913
1,209.54000000000002,209.54000000000002,2,187,0,1.0,1,0,0.39471863782572325
1,24.86,24.86,1,347,0,1.0,1,1,0.7005802205635462
1,100.93,100.93,1,10,0,1.0,1,1,0.5014350329253601
1,54.510000000000005,54.510000000000005,1,314,0,1.0,1,1,0.7936355048105265
1,282.38,282.38,1,92,0,1.0,1,1,0.7170102031093933
1,257.3,257.3,1,50,0,1.0,1,1,0.5976560356143975
1,246.79,246.79,1,325,0,1.0,1,1,0.8536345624816891
1,104.19,104.19,1,35,0,1.0,1,1,0.5139272060998925
1,228.9,228.9,2,20,0,1.0,1,1,0.7094846975709912
1,137.95999999999998,137.95999999999998,4,397,0,1.0,1,1,0.913364781224093
1,100.54,100.54,1,311,0,1.0,1,1,0.769499156321584
1,2429.68,2429.68,1,96,0,1.0,1,1,0.9257102530290522
1,371.59,371.59,1,12,0,1.0,1,1,0.5336007982197117
1,112.71000000000001,112.71000000000001,1,70,0,1.0,1,1,0.5712348777726598
1,21.81,21.81,1,231,0,1.0,1,0,0.46533486411858044
1,1192.04,1192.04,1,100,0,1.0,1,1,0.9257102530290522
1,149.15,149.15,1,27,0,1.0,1,0,0.4833672753466096
1,126.2,126.2,2,99,0,1.0,1,1,0.7266067287185872
1,225.24,225.24,1,52,0,1.0,1,1,0.6077067028007734
1,212.24,212.24,1,367,0,1.0,1,1,0.667750014282819
1,57.09,57.09,1,197,0,1.0,1,1,0.5233338559958715
1,397.41,397.41,1,261,0,1.0,1,1,0.9631704839961676
1,31.43,31.43,1,44,0,1.0,1,0,0.2846463139375589
1,53.68,53.68,1,1,0,1.0,1,1,0.793068372327652
1,237.98000000000002,237.98000000000002,2,122,0,1.0,1,1,0.8066011822314042
1,127.02,127.02,1,259,0,1.0,1,1,0.6043509026756123
1,50.86,50.86,1,303,0,1.0,1,1,0.5377571971910551
1,103.73,103.73,1,309,0,1.0,1,1,0.8106902117408672
1,253.87,253.87,1,236,0,1.0,1,1,0.8519228377623538
1,240.09,240.09,2,67,0,1.0,1,1,0.7593545767562837
1,87.08,87.08,1,93,0,1.0,1,1,0.6523136175622288
1,217.74,217.74,1,37,0,1.0,1,0,0.42244817263427836
1,175.5,175.5,1,114,0,1.0,1,1,0.5430018875180577
1,62.08,62.08,1,96,0,1.0,1,1,0.5303864962184872
1,370.8,370.8,5,9,0,1.0,1,1,0.8266180195889196
1,75.17,75.17,1,261,0,1.0,1,1,0.5393796953813574
1,49.989999999999995,49.989999999999995,2,163,0,1.0,1,1,0.7012759152199063
1,54.62,54.62,1,193,0,1.0,1,0,0.4989938440248315
1,175.26,175.26,1,232,0,1.0,1,1,0.589111456848379
1,59.96,59.96,1,318,0,1.0,1,1,0.7817594363741662
1,368.59999999999997,368.59999999999997,1,21,0,1.0,1,0,0.45210927738810935
1,216.62,216.62,1,63,0,1.0,1,1,0.5779489158069094
1,171.27,171.27,1,37,0,1.0,1,0,0.4836535753691754
1,901.06,901.06,2,22,0,1.0,1,1,0.9086501075161628
1,92.57,92.57,1,57,0,1.0,1,1,0.6312375505963043
1,174.86,174.86,1,161,0,1.0,1,1,0.5362438279549604
1,294.54,294.54,1,361,0,1.0,1,1,0.8301682306472147
1,101.93,101.93,1,215,0,1.0,1,1,0.5882607408689948
1,118.93,118.93,1,113,0,1.0,1,1,0.5802676374085913
1,77.16,77.16,1,307,0,1.0,1,1,0.8440246382443133
1,104.12,104.12,2,329,0,1.0,1,1,0.8523152949132057
1,45.089999999999996,45.089999999999996,1,18,0,1.0,1,1,0.5616238258954195
1,60.01,60.01,1,280,0,1.0,1,1,0.500704178478953
1,71.42,71.42,1,127,0,1.0,1,1,0.6340145072779272
1,90.17,90.17,1,237,0,1.0,1,1,0.5551734086560081
1,125.42,125.42,1,92,0,1.0,1,1,0.5930294764215499
1,316.26,316.26,2,48,0,1.0,1,1,0.8441858775150998
1,38.589999999999996,38.589999999999996,1,77,0,1.0,1,1,0.5421863191158246
1,115.35000000000001,115.35000000000001,1,213,0,1.0,1,1,0.5829093458608089
1,233.93,233.93,1,21,0,1.0,1,0,0.49063832880250186
1,57.53,57.53,1,148,0,1.0,1,0,0.4841614298937741
1,117.78999999999999,117.78999999999999,1,1,0,1.0,1,1,0.7389773622880337
1,148.15,148.15,1,242,0,1.0,1,1,0.5124833120217274
1,186.6,186.6,1,89,0,1.0,1,1,0.7809346462082681
1,55.1,55.1,1,93,0,1.0,1,0,0.47394837319086436
1,21.48,21.48,1,68,0,1.0,1,0,0.4457864593877387
1,842.4300000000001,842.4300000000001,1,287,0,1.0,1,1,0.9818372464399533
1,87.84,87.84,1,27,0,1.0,1,1,0.5678856323257692
1,83.23,83.23,1,288,0,1.0,1,0,0.4313258819785898
1,144.54,144.54,1,0,0,1.0,1,1,0.6492981212889194
1,96.02,96.02,1,91,0,1.0,1,1,0.5751106892867651
1,53.0,53.0,1,147,0,1.0,1,0,0.4825778691477121
1,41.089999999999996,41.089999999999996,1,134,0,1.0,1,1,0.6364398367461073
1,54.07,54.07,1,104,0,1.0,1,0,0.4760519005297501
1,33.85,33.85,1,96,0,1.0,1,1,0.5802372445923993
1,40.78,40.78,1,184,0,1.0,1,1,0.6749910151633746
1,216.89,216.89,3,229,0,1.0,1,1,0.7365351650231894
1,45.239999999999995,45.239999999999995,1,91,0,1.0,1,1,0.5287613854528705
1,133.11,133.11,1,149,0,1.0,1,1,0.5721261399556282
1,56.1,56.1,1,146,0,1.0,1,0,0.48986344031243373
1,28.77,28.77,1,146,0,1.0,1,1,0.6404214509352012
1,48.79,48.79,1,19,0,1.0,1,0,0.4767911329381965
1,41.79,41.79,1,100,0,1.0,1,1,0.6200437922748803
1,85.82000000000001,85.82000000000001,1,9,0,1.0,1,1,0.5331179275257726
1,69.03999999999999,69.03999999999999,1,385,0,1.0,1,1,0.5896011369705902
1,266.75,266.75,2,166,0,1.0,1,1,0.8492386082647755
1,174.32000000000002,174.32000000000002,2,113,0,1.0,1,1,0.7198887635192396
1,38.21,38.21,1,45,0,1.0,1,0,0.4829538791298138
1,106.39,106.39,1,43,0,1.0,1,0,0.4849111241036629
1,64.42,64.42,1,344,0,1.0,1,1,0.6951481533536162
1,83.17,83.17,1,148,0,1.0,1,1,0.6142286104392563
1,29.0,29.0,1,100,0,1.0,1,1,0.6387954081677127
1,86.02000000000001,86.02000000000001,1,110,0,1.0,1,1,0.6270736595125229
1,80.72,80.72,1,53,0,1.0,1,1,0.5431172672357579
1,31.689999999999998,31.689999999999998,1,187,0,1.0,1,1,0.6584831129886052
1,450.53,450.53,1,84,0,1.0,1,1,0.9153938894887494
1,132.63,132.63,1,269,0,1.0,1,1,0.6075296648707831
1,112.71000000000001,112.71000000000001,1,85,0,1.0,1,1,0.5470051533904681
1,135.07999999999998,135.07999999999998,1,85,0,1.0,1,1,0.598720055390116
1,209.48000000000002,209.48000000000002,1,224,0,1.0,1,1,0.7384831811749789
1,65.53,65.53,1,201,0,1.0,1,1,0.5714483906647733
1,95.99,95.99,1,86,0,1.0,1,1,0.5709278062933012
1,74.97,74.97,1,89,0,1.0,1,1,0.6440012906321124
1,134.5,134.5,1,336,0,1.0,1,1,0.5941544961419603
1,115.36000000000001,115.36000000000001,1,44,0,1.0,1,1,0.5153970236677186
1,111.93,111.93,1,77,0,1.0,1,1,0.5565607480618734
1,56.760000000000005,56.760000000000005,1,31,0,1.0,1,0,0.4842638271055523
1,502.23,502.23,1,103,0,1.0,1,1,0.7701612557263828
1,125.97,125.97,1,89,0,1.0,1,1,0.5555307254908409
1,83.41000000000001,83.41000000000001,1,77,0,1.0,1,1,0.6099804871820009
1,59.0,59.0,1,104,0,1.0,1,0,0.4758581072424649
1,268.36,268.36,1,22,0,1.0,1,1,0.531905324211634
1,51.64,51.64,1,374,0,1.0,1,1,0.6193383216562859
1,149.56,149.56,1,91,0,1.0,1,1,0.620803182765098
1,175.99,175.99,1,53,0,1.0,1,1,0.5316524917280256
1,217.64000000000001,217.64000000000001,1,170,0,1.0,1,1,0.7391849564085451
1,63.199999999999996,63.199999999999996,2,5,0,1.0,1,1,0.5938699500629614
1,134.82999999999998,134.82999999999998,1,228,0,1.0,1,1,0.570205028571607
1,63.510000000000005,63.510000000000005,2,13,0,1.0,1,1,0.6322285064101859
1,133.34,133.34,2,96,0,1.0,1,1,0.7486865256850497
1,85.22999999999999,85.22999999999999,1,110,0,1.0,1,1,0.6270736595125229
1,47.519999999999996,47.519999999999996,1,334,0,1.0,1,1,0.6600538875859686
1,20.080000000000002,20.080000000000002,1,108,0,1.0,1,1,0.7050682380408217
1,101.92000000000002,101.92000000000002,2,263,0,1.0,1,1,0.6566978918855026
1,90.84,90.84,2,106,0,1.0,1,1,0.5662195640223406
1,101.9,101.9,1,24,0,1.0,1,1,0.5387678098282579
1,40.59,40.59,1,76,0,1.0,1,1,0.5808625833430958
1,189.42000000000002,189.42000000000002,1,213,0,1.0,1,1,0.7789278122035544
1,247.02,247.02,1,364,0,1.0,1,1,0.8400352337253063
1,127.22999999999999,127.22999999999999,1,117,0,1.0,1,1,0.573634266049977
1,689.52,689.52,3,100,0,1.0,1,1,0.6802327994925675
1,262.38,262.38,1,0,0,1.0,1,1,0.5905899413630367
1,58.62,58.62,1,50,0,1.0,1,1,0.5073369917053767
1,86.73,86.73,1,201,0,1.0,1,1,0.6500441716933137
1,57.53,57.53,1,290,0,1.0,1,1,0.5077504537890399
1,121.09,121.09,1,43,0,1.0,1,0,0.40613370506370844
1,195.51000000000002,195.51000000000002,1,93,0,1.0,1,1,0.7832883204300126
1,1253.86,1253.86,1,226,0,1.0,1,1,0.9833103217081155
1,3184.55,3184.55,1,100,0,1.0,1,1,0.9257102530290522
1,112.43,112.43,1,278,0,1.0,1,1,0.5843528024685896
1,116.84,116.84,1,208,0,1.0,1,1,0.6193996307740254
1,218.96,218.96,1,125,0,1.0,1,1,0.7575677028847477
1,71.03999999999999,71.03999999999999,1,126,0,1.0,1,1,0.6627332392459485
1,114.33000000000001,114.33000000000001,1,150,0,1.0,1,1,0.5728107939899317
1,143.1,143.1,1,369,0,1.0,1,1,0.6261825623049532
1,294.78,294.78,3,40,0,1.0,1,1,0.7124896821919787
1,75.08,75.08,1,31,0,1.0,1,1,0.5266587711517373
1,241.22,241.22,1,0,0,1.0,1,1,0.6342980588082332
1,65.71000000000001,65.71000000000001,1,37,0,1.0,1,1,0.5254517133772311
1,233.45,233.45,1,361,0,1.0,1,1,0.7845604704390896
1,134.24,134.24,1,5,0,1.0,1,1,0.5347563757471718
1,77.89,77.89,1,169,0,1.0,1,1,0.639574133655809
1,93.58000000000001,93.58000000000001,1,373,0,1.0,1,1,0.7440669159547657
1,22.84,22.84,1,95,0,1.0,1,1,0.529190780134395
1,425.85,425.85,1,138,0,1.0,1,1,0.8631375372415757
1,34.51,34.51,1,388,0,1.0,1,1,0.7725842229768183
1,255.97,255.97,1,89,0,1.0,1,1,0.776231015370599
1,45.86,45.86,1,365,0,1.0,1,1,0.6469944189124409
1,256.65,256.65,1,508,0,1.0,0,1,0.86135549728973
1,25.5,25.5,1,31,0,1.0,1,0,0.39146908033383476
1,113.07,113.07,1,377,0,1.0,1,1,0.6746226640110617
1,77.75,77.75,1,370,0,1.0,1,1,0.7316998630224113
1,161.85999999999999,161.85999999999999,1,7,0,1.0,0,0,0.4960302555293789
1,455.39,455.39,1,91,0,1.0,1,1,0.8143812262582205
1,226.9,226.9,1,35,0,1.0,1,0,0.47228507130500236
1,251.82,251.82,1,69,0,1.0,1,1,0.6221363012684269
1,242.8,242.8,1,75,0,1.0,1,1,0.6981796971630108
1,62.910000000000004,62.910000000000004,1,48,0,1.0,1,1,0.5396937872401859
1,212.03,212.03,1,78,0,1.0,1,1,0.751956667481721
1,156.16,156.16,1,127,0,1.0,1,1,0.5908746921548607
1,66.79,66.79,1,329,0,1.0,1,1,0.8004566949086068
1,166.71,166.71,1,212,0,1.0,1,1,0.5510873246091585
1,40.79,40.79,1,75,0,1.0,1,1,0.5935133922054816
1,45.01,45.01,1,112,0,1.0,1,1,0.6562167571322803
1,53.269999999999996,53.269999999999996,1,52,0,1.0,1,1,0.5010948025702643
1,259.06,259.06,1,371,0,1.0,1,1,0.8297416580508424
1,210.07999999999998,210.07999999999998,1,389,0,1.0,1,1,0.7185607343691541
1,184.95,184.95,1,40,0,1.0,1,1,0.7037094889256007
1,75.53,75.53,1,398,0,1.0,1,1,0.7338758919988263
1,55.53,55.53,1,98,0,1.0,1,0,0.4764669252808999
1,481.07,481.07,5,22,0,1.0,1,1,0.9275212200669184
1,57.379999999999995,57.379999999999995,1,15,0,1.0,1,0,0.48848578707050005
1,287.4,287.4,1,82,0,1.0,1,1,0.8128676570486283
3,704.09,234.6966666666667,3,22,0,3.0,1,1,0.6102402734884615
1,308.53,308.53,1,8,0,1.0,1,0,0.49959991225991446
1,155.14,155.14,2,127,0,1.0,1,1,0.733600934881662
1,92.9,92.9,1,16,0,1.0,1,1,0.5764548531105186
1,84.63000000000001,84.63000000000001,1,141,0,1.0,1,1,0.615865461007424
1,102.03,102.03,1,227,0,1.0,1,1,0.6134766181012701
1,1057.29,1057.29,1,312,0,1.0,1,1,0.9923145335787456
1,240.13,240.13,2,53,0,1.0,1,1,0.7274710115566906
1,104.2,104.2,2,17,0,1.0,1,1,0.5809125601878782
1,362.96000000000004,362.96000000000004,2,250,0,1.0,1,1,0.751354393256472
1,97.91999999999999,97.91999999999999,1,100,0,1.0,1,1,0.5623328270495674
1,31.169999999999998,31.169999999999998,1,171,0,1.0,1,1,0.6059062352060379
1,137.3,137.3,1,268,0,1.0,1,1,0.5988792724728669
1,33.24,33.24,2,72,0,1.0,1,1,0.7784736873050027
1,185.9,185.9,1,142,0,1.0,1,1,0.7176149732763497
1,30.839999999999996,30.839999999999996,1,282,0,1.0,1,1,0.6371710382599919
1,63.6,63.6,1,12,0,1.0,1,0,0.48364754052605957
1,71.14,71.14,1,39,0,1.0,1,0,0.49289778555174696
1,223.81,223.81,1,130,0,1.0,1,1,0.7590534566065263
1,202.28,202.28,2,330,0,1.0,1,1,0.6075034973680996
1,70.74,70.74,1,96,0,1.0,1,1,0.6648655519673053
1,567.3,567.3,1,142,0,1.0,1,1,0.8937003119404969
1,618.6,618.6,1,97,0,1.0,1,1,0.8749654112257751
1,93.92,93.92,2,171,0,1.0,1,1,0.5034111185352665
1,54.0,54.0,1,154,0,1.0,1,0,0.48900420515231663
1,74.96000000000001,74.96000000000001,1,5,0,1.0,1,1,0.5827677937481301
1,35.86,35.86,1,303,0,1.0,1,1,0.6455801194367631
1,40.0,40.0,1,49,0,1.0,1,0,0.4592900373515804
1,192.48,192.48,3,190,0,1.0,1,1,0.7377018894378041
1,121.39,121.39,1,8,0,1.0,1,0,0.40876350835384323
1,383.79,383.79,1,164,0,1.0,1,1,0.9312268158164491
1,112.30000000000001,112.30000000000001,1,89,0,1.0,1,1,0.5431899723851223
1,170.60000000000002,170.60000000000002,1,262,0,1.0,1,1,0.6366727627347195
1,21.75,21.75,1,118,0,1.0,1,1,0.5377872639173854
1,116.67,116.67,1,218,0,1.0,1,1,0.5841787645045289
1,118.98,118.98,1,106,0,1.0,1,1,0.5815677264557864
1,25.509999999999998,25.509999999999998,1,367,0,1.0,1,1,0.6898758706004492
1,60.0,60.0,1,5,0,1.0,1,1,0.5737059748756197
1,249.62,249.62,1,22,0,1.0,1,1,0.5463718872624296
1,58.82,58.82,1,16,0,1.0,1,0,0.4883246101790405
1,137.07,137.07,1,204,0,1.0,1,1,0.5744359179621054
1,227.27,227.27,1,232,0,1.0,1,1,0.8062761090818147
1,54.59,54.59,1,14,0,1.0,1,1,0.504188642505311
1,114.28,114.28,1,89,0,1.0,1,1,0.5696978158001784
1,84.2,84.2,1,332,0,1.0,1,1,0.6963028229726798
1,226.14000000000001,226.14000000000001,1,16,0,1.0,1,0,0.49126001966885013
1,82.12,82.12,1,226,0,1.0,1,1,0.6315560411328505
1,55.86,55.86,1,314,0,1.0,1,1,0.7928638377491958
1,114.9,114.9,1,337,0,1.0,1,1,0.6392809079029701
1,124.96,124.96,1,305,0,1.0,1,1,0.7726795294355789
1,220.19,220.19,1,282,0,1.0,1,1,0.820585318904103
1,63.1,63.1,1,325,0,1.0,1,1,0.8325391745613638
1,51.84,51.84,1,17,0,1.0,1,0,0.48659937906278466
1,92.77,92.77,1,69,0,1.0,1,1,0.6312996693023503
1,44.08,44.08,1,11,0,1.0,1,1,0.5646647540019291
1,184.06,184.06,2,359,0,1.0,1,1,0.759846622948688
1,257.11,257.11,1,272,0,1.0,1,1,0.8636671299866945
1,67.62,67.62,1,209,0,1.0,1,1,0.5710220649844785
1,36.69,36.69,1,126,0,1.0,1,1,0.5770796652956713
1,155.1,155.1,1,96,0,1.0,1,1,0.6275088261576367
1,65.71000000000001,65.71000000000001,1,81,0,1.0,1,1,0.5384735748712762
1,43.68,43.68,1,200,0,1.0,1,1,0.7181701650550472
1,89.88000000000001,89.88000000000001,1,5,0,1.0,1,1,0.6410392253571309
1,754.59,754.59,1,171,0,1.0,1,1,0.9721788782771491
1,36.85,36.85,1,6,0,1.0,1,0,0.4210964008818094
1,322.17,322.17,1,385,0,1.0,1,1,0.8667102471740342
1,68.89,68.89,1,30,0,1.0,1,0,0.4875660931547216
1,43.089999999999996,43.089999999999996,1,63,0,1.0,1,0,0.4767530553572943
1,37.769999999999996,37.769999999999996,1,3,0,1.0,1,0,0.42500271802617456
1,291.37,291.37,1,120,0,1.0,1,1,0.7198329620590479
1,41.85,41.85,1,87,0,1.0,1,1,0.5980637314136982
1,96.71000000000001,96.71000000000001,1,259,0,1.0,1,1,0.5146012175568537
1,157.73,157.73,4,125,0,1.0,1,1,0.8399947685996134
1,137.57,137.57,1,324,0,1.0,1,1,0.7663675683938775
1,76.78999999999999,76.78999999999999,1,25,0,1.0,1,0,0.49499538262517556
1,192.0,192.0,3,107,0,1.0,1,1,0.7991573254192361
1,270.0,270.0,6,295,0,1.0,1,1,0.8641827687842781
1,259.56,259.56,1,82,0,1.0,1,1,0.7436058575491213
1,29.0,29.0,1,78,0,1.0,1,1,0.5945784991650239
1,39.78,39.78,1,134,0,1.0,1,1,0.6244434580904178
1,35.69,35.69,1,124,0,1.0,1,1,0.5770796652956713
1,37.0,37.0,1,96,0,1.0,1,1,0.5581567091434131
1,88.56,88.56,2,93,0,1.0,1,1,0.6065431128588185
1,53.269999999999996,53.269999999999996,1,58,0,1.0,1,1,0.5426583568722789
1,100.33999999999999,100.33999999999999,1,79,0,1.0,1,1,0.5365707937962461
1,318.40000000000003,318.40000000000003,1,99,0,1.0,1,1,0.6687553878643311
1,203.63,203.63,1,247,0,1.0,1,1,0.7729312268195686
1,145.71,145.71,1,356,0,1.0,1,1,0.6014074409998853
1,121.09,121.09,1,195,0,1.0,1,1,0.5740351643470197
1,180.34,180.34,2,20,0,1.0,0,1,0.7755800043981452
1,111.43,111.43,1,238,0,1.0,1,1,0.5144328567903653
1,45.089999999999996,45.089999999999996,1,34,0,1.0,1,1,0.5576695195089388
1,142.14000000000001,142.14000000000001,1,41,0,1.0,1,0,0.49459175969823926
1,183.94,183.94,2,21,0,1.0,1,1,0.7740489274600684
1,329.98,329.98,1,121,0,1.0,1,1,0.7203815871848257
1,37.769999999999996,37.769999999999996,1,1,0,1.0,1,1,0.8133627560602548
1,150.34,150.34,2,287,0,1.0,1,1,0.6657526734065872
1,42.099999999999994,42.099999999999994,1,398,0,1.0,1,1,0.6651355681217326
1,68.02,68.02,1,40,0,1.0,1,0,0.4935271660282188
1,101.93,101.93,1,2,0,1.0,1,1,0.7954152104467763
1,47.68,47.68,1,1,0,1.0,1,1,0.7906094552442046
1,92.8,92.8,1,46,0,1.0,1,1,0.569395219970852
1,97.86,97.86,1,35,0,1.0,1,1,0.5390819859847051
1,49.33,49.33,1,105,0,1.0,1,0,0.49423927679742397
1,69.81,69.81,1,155,0,1.0,1,1,0.658634175767609
1,47.59,47.59,1,185,0,1.0,1,1,0.5018522379083752
1,315.84,315.84,1,79,0,1.0,1,1,0.832409908774325
1,298.04999999999995,298.04999999999995,1,77,0,1.0,1,1,0.8138190340223135
1,195.13,195.13,1,158,0,1.0,1,1,0.7555832257730877
1,286.15,286.15,1,79,0,1.0,1,1,0.8196426408104464
1,190.62,190.62,2,23,0,1.0,1,1,0.5673823539511125
1,58.22,58.22,1,83,0,1.0,1,0,0.47697003428057705
1,230.74,230.74,1,223,0,1.0,1,1,0.7976065108829247
1,117.71,117.71,1,220,0,1.0,1,1,0.5348141344505889
2,291.32,145.66,2,183,71,0.027777777777777776,1,1,0.8392862682361107
1,27.619999999999997,27.619999999999997,1,326,0,1.0,1,1,0.8653201391326474
1,230.25,230.25,1,70,0,1.0,1,1,0.6293384767456885
1,33.78,33.78,1,240,0,1.0,1,1,0.6946977591925881
1,88.26,88.26,1,165,0,1.0,1,1,0.6392906811667002
1,23.61,23.61,1,89,0,1.0,1,1,0.5929112867641725
1,41.72,41.72,1,13,0,1.0,1,1,0.6159426158514577
1,86.15,86.15,1,184,0,1.0,1,1,0.6218239909634288
1,87.71000000000001,87.71000000000001,1,237,0,1.0,1,1,0.5244558019612459
1,270.98,270.98,2,52,0,1.0,1,1,0.7430892277114507
1,29.47,29.47,1,254,0,1.0,1,1,0.614315839068733
1,136.13,136.13,1,379,0,1.0,1,1,0.6261825623049532
1,120.47,120.47,1,155,0,1.0,1,1,0.5705807133788366
1,149.59,149.59,1,106,0,1.0,1,1,0.5900584732018703
1,113.72,113.72,1,215,0,1.0,1,1,0.5539905160981023
1,135.67000000000002,135.67000000000002,1,66,0,1.0,1,1,0.5738900456362266
1,191.68,191.68,1,99,0,1.0,1,1,0.7803167088111982
1,35.769999999999996,35.769999999999996,1,95,0,1.0,1,1,0.5754890085986676
1,111.99000000000001,111.99000000000001,1,303,0,1.0,1,1,0.5262272219683904
1,124.33000000000001,124.33000000000001,1,287,0,1.0,1,1,0.5748473986764061
1,47.82,47.82,1,96,0,1.0,1,0,0.4870630348570388
1,190.44,190.44,2,96,0,1.0,1,1,0.7286325271323781
1,64.0,64.0,1,81,0,1.0,1,1,0.5458460036162565
1,256.43,256.43,1,6,0,1.0,1,0,0.499652993563978
1,56.15,56.15,1,73,0,1.0,1,0,0.4521250283393903
1,99.24000000000001,99.24000000000001,1,114,0,1.0,1,1,0.5623328270495674
1,57.739999999999995,57.739999999999995,1,303,0,1.0,1,1,0.5512970263797253
1,42.58,42.58,1,47,0,1.0,1,1,0.6123310007936059
1,44.42,44.42,1,304,0,1.0,1,1,0.8710392884256032
1,100.33999999999999,100.33999999999999,1,81,0,1.0,1,1,0.5400915697513198
1,288.26,288.26,1,219,0,1.0,1,1,0.8677388045709963
1,132.48,132.48,1,13,0,1.0,1,0,0.48785985067786736
1,96.3,96.3,2,281,0,1.0,1,1,0.5473061353589983
1,322.94,322.94,2,103,0,1.0,1,1,0.8044880729410728
1,391.68,391.68,3,7,0,1.0,1,1,0.90069685245529
1,89.27000000000001,89.27000000000001,1,77,0,1.0,1,1,0.6582386947908716
1,349.57,349.57,1,126,0,1.0,1,1,0.8083162515505768
2,296.76,148.38,2,126,0,2.0,1,1,0.9739589239163687
1,66.05,66.05,1,96,0,1.0,1,1,0.5457457097875735
1,636.46,636.46,1,185,0,1.0,1,1,0.9611346241943499
1,61.05,61.05,1,313,0,1.0,1,1,0.7932672886945876
1,159.76,159.76,1,47,0,1.0,1,0,0.4807168315209547
1,65.1,65.1,1,124,0,1.0,1,1,0.5285882548778656
1,21.43,21.43,1,92,0,1.0,0,1,0.5303608916437671
1,223.14,223.14,1,226,0,1.0,1,1,0.8075691292494802
1,84.24,84.24,1,49,0,1.0,1,1,0.5369908946566637
2,106.1,53.05,2,86,11,0.16666666666666666,1,1,0.6369222552615802
1,111.02000000000001,111.02000000000001,1,119,0,1.0,1,1,0.5506937500333544
1,98.14,98.14,1,90,0,1.0,1,1,0.5678964398192986
1,127.92,127.92,1,196,0,1.0,1,1,0.5767603757144049
1,54.0,54.0,1,13,0,1.0,1,0,0.4984992032180247
1,51.0,51.0,1,209,0,1.0,1,1,0.5204902270586786
1,42.379999999999995,42.379999999999995,1,151,0,1.0,1,1,0.639778849730346
1,80.2,80.2,1,244,0,1.0,1,1,0.5094433682844423
1,115.44999999999999,115.44999999999999,1,295,0,1.0,1,1,0.595360488839342
1,119.41000000000001,119.41000000000001,1,103,0,1.0,1,1,0.5787782190981408
1,62.01,62.01,1,172,0,1.0,1,1,0.5243753231075154
1,212.02,212.02,1,109,0,1.0,1,1,0.6548147235488893
1,384.04,384.04,1,317,0,1.0,1,1,0.9537221559955458
1,340.49,340.49,1,295,0,1.0,1,1,0.9021995766808372
1,171.13,171.13,1,225,0,1.0,1,1,0.6127300784274196
1,176.26,176.26,1,348,0,1.0,1,1,0.6205775569480299
1,50.14,50.14,1,284,0,1.0,1,0,0.49755000537992383
1,125.97,125.97,1,107,0,1.0,0,1,0.573673381246656
1,81.92,81.92,1,157,0,1.0,1,1,0.6489680728215772
1,253.08,253.08,1,198,0,1.0,1,1,0.8002226900205119
1,156.60000000000002,156.60000000000002,3,26,0,1.0,1,0,0.4986265540005842
1,73.34,73.34,1,268,0,1.0,1,1,0.5422751810180123
1,276.49,276.49,1,248,0,1.0,1,1,0.888997124962314
1,199.51000000000002,199.51000000000002,1,248,0,1.0,1,1,0.7921950066518139
1,184.5,184.5,1,44,0,1.0,1,1,0.7174494430176012
1,128.72,128.72,1,22,0,1.0,1,0,0.46332579534091073
1,98.02000000000001,98.02000000000001,1,86,0,1.0,1,1,0.5585911413406898
1,162.46,162.46,2,95,0,1.0,1,1,0.7568262937206569
1,173.82,173.82,1,96,0,1.0,1,1,0.614471921338469
1,164.79,164.79,1,33,0,1.0,1,0,0.44070288545628233
1,379.5,379.5,2,292,0,1.0,1,1,0.9108342998928077
1,32.089999999999996,32.089999999999996,1,255,0,1.0,1,1,0.6484181682162984
1,89.17,89.17,1,173,0,1.0,1,1,0.6534543575394435
1,255.84,255.84,2,68,0,1.0,1,1,0.745244907851726
1,122.57000000000001,122.57000000000001,1,301,0,1.0,1,1,0.5608763917390875
1,86.81,86.81,1,337,0,1.0,1,1,0.7115708881570216
2,1483.26,741.63,2,7,88,0.02247191011235955,1,1,0.9270648015535969
1,47.81,47.81,1,91,0,1.0,1,0,0.48764821907549133
1,276.65000000000003,276.65000000000003,1,79,0,1.0,1,1,0.8196426408104464
1,40.089999999999996,40.089999999999996,1,9,0,1.0,1,0,0.4035538702759917
1,80.87,80.87,1,319,0,1.0,1,1,0.8452682665157631
1,52.379999999999995,52.379999999999995,1,79,0,1.0,1,0,0.4720790084737243
1,50.68,50.68,1,89,0,1.0,1,0,0.47155976631919894
1,126.99,126.99,3,96,0,1.0,1,1,0.8037505563016183
1,132.02,132.02,1,230,0,1.0,1,1,0.5763795250983057
1,39.0,39.0,1,13,0,1.0,1,0,0.49946366112331947
1,143.14000000000001,143.14000000000001,2,178,0,1.0,1,1,0.7070619170787786
1,41.75,41.75,1,288,0,1.0,1,1,0.6601582416147678
1,134.07999999999998,134.07999999999998,1,256,0,1.0,1,1,0.598145679892917
1,42.64,42.64,1,334,0,1.0,1,1,0.7183601580700821
2,391.19,195.595,2,3,290,0.006872852233676976,1,1,0.5311985136292239
1,114.44,114.44,1,210,0,1.0,1,1,0.592252875191826
1,38.839999999999996,38.839999999999996,1,260,0,1.0,1,1,0.637305946579962
1,186.82,186.82,1,87,0,1.0,1,1,0.797808937951667
1,125.53,125.53,1,188,0,1.0,1,1,0.5730538180372061
1,74.65,74.65,1,142,0,1.0,1,1,0.6521879259607164
1,595.94,595.94,1,344,0,1.0,1,1,0.9779408401900025
1,66.74,66.74,1,150,0,1.0,1,1,0.5119280325608153
1,103.55000000000001,103.55000000000001,1,87,0,1.0,1,1,0.6008302248057462
1,141.12,141.12,1,370,0,1.0,1,1,0.6261825623049532
1,54.05,54.05,1,236,0,1.0,1,1,0.5066944662923154
1,227.44,227.44,1,88,0,1.0,1,1,0.8272462936877373
1,24.84,24.84,1,285,0,1.0,1,1,0.5392878512878972
1,66.28999999999999,66.28999999999999,1,223,0,1.0,1,1,0.5454336389870565
1,198.56,198.56,1,182,0,1.0,1,1,0.7454062419582315
1,80.52,80.52,1,208,0,1.0,1,1,0.6574390523232505
1,33.34,33.34,1,91,0,1.0,1,1,0.6050074235495323
1,170.3,170.3,2,263,0,1.0,1,1,0.7076202416878832
1,44.239999999999995,44.239999999999995,1,265,0,1.0,1,1,0.6812497562831463
1,122.98,122.98,1,30,0,1.0,1,0,0.4313054999890295
1,236.21,236.21,1,198,0,1.0,1,1,0.7464983550741696
1,135.85,135.85,1,317,0,1.0,1,1,0.7663675683938775
1,36.0,36.0,1,94,0,1.0,1,1,0.5671784774400892
1,35.69,35.69,1,145,0,1.0,1,1,0.5806162470924855
1,180.25,180.25,1,77,0,1.0,1,1,0.7132143412006668
1,91.05,91.05,1,124,0,1.0,1,1,0.6670575944997291
1,78.99000000000001,78.99000000000001,1,28,0,1.0,1,0,0.493556130288727
1,97.8,97.8,1,254,0,1.0,1,0,0.48049331139191415
1,137.13,137.13,1,200,0,1.0,1,1,0.5769525589184509
1,156.15,156.15,1,96,0,1.0,1,1,0.6275088261576367
1,132.27,132.27,1,168,0,1.0,1,1,0.5729082404679495
1,106.87,106.87,1,17,0,1.0,1,1,0.5003691019557883
1,142.61,142.61,1,87,0,1.0,1,1,0.6159029732154819
2,182.03,91.015,2,115,0,2.0,1,1,0.86323516213258
1,98.62,98.62,1,82,0,1.0,1,1,0.5611672810111277
1,66.89,66.89,1,157,0,1.0,1,0,0.49672684229795644
1,86.25,86.25,1,94,0,1.0,1,1,0.6523136175622288
1,28.42,28.42,1,368,0,1.0,1,1,0.7805869858051234
1,35.4,35.4,1,58,0,1.0,1,0,0.4760427299681565
1,63.06,63.06,1,219,0,1.0,1,1,0.5585723003170457
1,44.84,44.84,1,50,0,1.0,1,1,0.5637809711111673
1,286.56,286.56,1,0,0,1.0,1,1,0.6063907103251022
1,45.95,45.95,1,331,0,1.0,1,1,0.6590184829549561
2,119.36,59.68,2,202,0,2.0,1,1,0.7206245703447353
1,172.81,172.81,2,80,0,1.0,1,1,0.74213652573406
1,21.68,21.68,1,55,0,1.0,1,0,0.47192497130212474
1,137.99,137.99,1,12,0,1.0,1,0,0.4673069896072125
1,400.65000000000003,400.65000000000003,1,94,0,1.0,1,1,0.8151528199417138
1,148.97,148.97,1,379,0,1.0,1,1,0.6249990889155974
1,128.04000000000002,128.04000000000002,1,284,0,1.0,1,1,0.6027171628985419
1,160.99,160.99,1,311,0,1.0,1,1,0.7652351103586575
1,64.42,64.42,1,335,0,1.0,1,1,0.6973202982535591
1,342.04,342.04,1,103,0,1.0,1,1,0.6662694862864528
1,83.84,83.84,1,298,0,1.0,1,1,0.5241277704128385
1,51.42,51.42,1,340,0,1.0,1,1,0.6547893320460461
1,159.39000000000001,159.39000000000001,1,290,0,1.0,1,1,0.540663034591043
1,219.58,219.58,2,45,0,1.0,1,1,0.6423455223474385
1,283.78,283.78,2,171,0,1.0,1,1,0.8536749909915462
1,28.099999999999998,28.099999999999998,1,122,0,1.0,1,1,0.6419577353083513
1,111.02000000000001,111.02000000000001,1,2,0,1.0,1,1,0.709004115450064
1,113.00999999999999,113.00999999999999,2,141,0,1.0,1,1,0.6496547831690443
1,74.03,74.03,1,250,0,1.0,1,1,0.5273531403704121
1,56.05,56.05,1,137,0,1.0,1,0,0.4967700614565973
1,45.0,45.0,1,90,0,1.0,1,1,0.6252259879012589
1,101.14,101.14,1,315,0,1.0,1,1,0.7669662716628565
1,77.57,77.57,1,224,0,1.0,1,1,0.5996818396640068
1,255.24,255.24,1,32,0,1.0,1,0,0.4864450200830453
1,71.38,71.38,1,342,0,1.0,1,1,0.6490761903795094
1,90.67,90.67,1,361,0,1.0,1,1,0.7333236452428294
1,142.43,142.43,1,200,0,1.0,1,1,0.5931640598341618
1,161.54000000000002,161.54000000000002,1,155,0,1.0,1,1,0.5810779846659587
1,63.1,63.1,1,264,0,1.0,1,1,0.5386065501286023
1,106.89,106.89,1,97,0,1.0,1,1,0.6136798198442825
1,80.91,80.91,1,138,0,1.0,1,1,0.6442151231252456
1,416.56,416.56,1,8,0,1.0,1,1,0.7738303325345406
1,69.09,69.09,1,99,0,1.0,1,1,0.6292178142526046
1,39.089999999999996,39.089999999999996,1,20,0,1.0,1,0,0.4906786250126508
1,71.14,71.14,1,92,0,1.0,1,1,0.6602859924292804
1,32.69,32.69,1,232,0,1.0,1,1,0.706170244887391
1,385.37,385.37,1,131,0,1.0,1,1,0.8631375372415757
1,79.33,79.33,1,234,0,1.0,1,0,0.49447699047268723
1,112.39,112.39,1,46,0,1.0,1,1,0.5087095673080437
1,51.1,51.1,1,277,0,1.0,1,0,0.49315128267082986
1,177.58,177.58,1,13,0,1.0,1,1,0.7214942712116129
1,28.619999999999997,28.619999999999997,1,360,0,1.0,1,1,0.7811483203859608
1,34.089999999999996,34.089999999999996,1,294,0,1.0,1,1,0.6494074790841657
1,73.34,73.34,1,133,0,1.0,1,1,0.6489124885747973
1,48.0,48.0,1,6,0,1.0,1,0,0.4960848588541653
1,367.10999999999996,367.10999999999996,1,153,0,1.0,1,1,0.8182523846100647
1,132.06,132.06,1,96,0,1.0,1,1,0.6168170379993796
1,140.01999999999998,140.01999999999998,1,220,0,1.0,1,1,0.5323588132046249
1,99.78,99.78,1,243,0,1.0,1,0,0.4587233841869323
1,34.71,34.71,1,304,0,1.0,1,1,0.8816843779396593
1,61.6,61.6,1,127,0,1.0,1,1,0.5211448441836556
1,27.68,27.68,1,146,0,1.0,1,1,0.636546224328117
1,431.56,431.56,2,207,0,1.0,1,1,0.9003122283125816
1,38.42,38.42,1,373,0,1.0,1,1,0.7739181193236989
1,41.0,41.0,1,149,0,1.0,1,1,0.6213595366021827
1,112.71000000000001,112.71000000000001,1,45,0,1.0,1,1,0.5108934753540207
1,175.77,175.77,1,197,0,1.0,1,1,0.5564833904167772
1,82.07,82.07,1,177,0,1.0,1,1,0.636390836684315
1,87.64,87.64,1,233,0,1.0,1,1,0.5204289325271948
1,2487.2400000000002,2487.2400000000002,2,215,0,1.0,1,1,0.8787240384045713
1,188.2,188.2,1,224,0,1.0,1,1,0.7785549163175556
1,72.14,72.14,1,84,0,1.0,1,1,0.5901727406288848
1,32.769999999999996,32.769999999999996,1,117,0,1.0,1,1,0.6175473398607461
1,138.06,138.06,1,215,0,1.0,1,1,0.5517441529582462
1,73.34,73.34,1,255,0,1.0,1,1,0.5354870127306766
1,38.1,38.1,1,103,0,1.0,1,1,0.5788842671550176
1,43.0,43.0,1,2,0,1.0,1,1,0.8192259738133675
1,40.85,40.85,1,78,0,1.0,1,1,0.5716596802067871
1,41.69,41.69,1,149,0,1.0,1,1,0.6327574220576158
1,45.86,45.86,1,332,0,1.0,1,1,0.665172853213683
1,94.66000000000001,94.66000000000001,1,245,0,1.0,1,1,0.5529616385169204
1,95.1,95.1,2,338,0,1.0,1,1,0.7405942667564477
1,133.95,133.95,1,256,0,1.0,1,1,0.598145679892917
1,112.39,112.39,1,44,0,1.0,1,1,0.5000680610909217
1,44.75,44.75,1,38,0,1.0,1,1,0.5645694760275677
1,144.11,144.11,1,260,0,1.0,1,1,0.5809286790802528
1,176.32999999999998,176.32999999999998,1,7,0,1.0,1,1,0.6679365082260819
1,123.89,123.89,1,48,0,1.0,1,0,0.4936905752321464
1,64.0,64.0,1,233,0,1.0,1,1,0.5353522109032712
1,116.36000000000001,116.36000000000001,1,134,0,1.0,1,1,0.6068609988240815
1,136.6,136.6,1,235,0,1.0,1,1,0.5448096969223075
1,69.24,69.24,1,174,0,1.0,1,1,0.6431203131449295
1,80.11000000000001,80.11000000000001,1,165,0,1.0,1,1,0.6429218151627628
1,201.9,201.9,2,17,0,1.0,1,1,0.5663411736048071
1,504.34999999999997,504.34999999999997,1,0,0,1.0,1,1,0.8538112669916142
1,145.83,145.83,1,293,0,1.0,1,1,0.5279172995117349
1,103.55000000000001,103.55000000000001,1,142,0,1.0,1,1,0.5968655081274507
1,46.85,46.85,1,35,0,1.0,1,0,0.4888684407069082
1,54.0,54.0,1,262,0,1.0,1,0,0.48229453314704784
1,254.82000000000002,254.82000000000002,2,225,0,1.0,1,1,0.7290638949837548
1,188.41,188.41,1,276,0,1.0,1,1,0.8091671099314452
1,73.56,73.56,2,20,0,1.0,1,1,0.6517591518729876
1,64.28,64.28,1,40,0,1.0,1,1,0.5123973137939395
1,75.53,75.53,1,348,0,1.0,1,1,0.7193167449590965
1,79.2,79.2,1,78,0,1.0,1,1,0.621710617212105
1,205.07,205.07,1,34,0,1.0,1,0,0.4418237238143293
1,83.41000000000001,83.41000000000001,1,114,0,1.0,1,1,0.621389935923352
1,65.91,65.91,1,95,0,1.0,1,1,0.5457457097875735
1,583.3,583.3,1,327,0,1.0,1,1,0.9796551522359086
1,65.48,65.48,1,136,0,1.0,1,1,0.5449746232629986
1,55.62,55.62,1,264,0,1.0,1,0,0.4786363926557654
1,105.17999999999999,105.17999999999999,2,197,0,1.0,1,1,0.6385271970906906
1,94.78,94.78,1,230,0,1.0,1,1,0.5692949874354281
1,25.46,25.46,1,402,0,1.0,1,1,0.6934370678319434
1,45.0,45.0,1,276,0,1.0,1,1,0.6842759765270112
1,136.99,136.99,1,9,0,1.0,1,0,0.49248386385002885
1,38.01,38.01,1,48,0,1.0,1,0,0.4853708443031384
1,82.98,82.98,1,44,0,1.0,1,1,0.5232387079684877
1,77.57,77.57,1,184,0,1.0,1,1,0.6490045720194996
1,66.59,66.59,1,331,0,1.0,1,1,0.6884014560709724
1,181.24,181.24,1,92,0,1.0,1,1,0.6726396193057063
1,86.02000000000001,86.02000000000001,1,258,0,1.0,1,1,0.5287425490443257
1,136.5,136.5,1,192,0,1.0,1,1,0.5769525589184509
1,159.7,159.7,2,117,0,1.0,1,1,0.7269278683803615
1,298.32,298.32,1,89,0,1.0,1,1,0.7972079882105816
1,419.06,419.06,1,507,0,1.0,1,1,0.9718294057164204
1,150.19,150.19,2,39,0,1.0,1,1,0.5144701242764751
1,187.65,187.65,1,71,0,1.0,1,1,0.6470205993077067
1,62.05,62.05,1,243,0,1.0,1,0,0.4770059507175809
1,123.56,123.56,1,77,0,1.0,1,1,0.5753198697925466
1,106.06,106.06,1,70,0,1.0,1,1,0.5678242037997604
1,103.84,103.84,1,182,0,1.0,1,1,0.6119499587621658
1,78.73,78.73,1,87,0,1.0,1,1,0.6339550857754788
1,219.63,219.63,1,101,0,1.0,1,1,0.7586084132525794
1,55.75,55.75,1,224,0,1.0,1,1,0.5304089545486026
1,101.03,101.03,1,15,0,1.0,1,1,0.5380168446778798
1,162.25,162.25,1,5,0,1.0,1,1,0.5833970141452277
1,83.23,83.23,1,187,0,1.0,1,1,0.6293104034852138
1,43.1,43.1,1,229,0,1.0,1,1,0.7373928437856129
1,77.84,77.84,1,313,0,1.0,1,1,0.8444318306756042
1,218.66,218.66,1,280,0,1.0,1,1,0.820585318904103
1,177.38,177.38,1,199,0,1.0,1,1,0.5701908037227048
1,85.15,85.15,1,133,0,1.0,1,1,0.6263656275841025
1,38.01,38.01,1,52,0,1.0,1,0,0.4827963218653256
1,68.89,68.89,1,200,0,1.0,1,1,0.6729381235206965
1,201.95,201.95,2,16,0,1.0,1,1,0.5663411736048071
1,95.22,95.22,1,80,0,1.0,1,1,0.6248655553589223
1,46.9,46.9,1,284,0,1.0,1,1,0.526924094277281
1,188.94,188.94,1,126,0,1.0,1,1,0.7562959522212668
1,115.35000000000001,115.35000000000001,1,263,0,1.0,1,1,0.6384070475404288
1,125.29,125.29,1,133,0,1.0,1,1,0.572201028359612
1,143.65,143.65,1,74,0,1.0,1,0,0.49761529422875733
1,106.38,106.38,1,271,0,1.0,1,1,0.6185855620919843
1,77.98,77.98,1,134,0,1.0,1,1,0.6465590824112089
1,108.0,108.0,1,59,0,1.0,1,1,0.5674974712977962
1,33.1,33.1,1,24,0,1.0,1,0,0.43670264710953915
1,128.08,128.08,1,273,0,1.0,1,1,0.6044165059212394
1,139.72,139.72,1,84,0,1.0,1,1,0.5958258430157932
1,157.32,157.32,1,168,0,1.0,1,1,0.5813898493369326
1,111.19,111.19,1,11,0,1.0,1,0,0.4767455775807351
1,106.2,106.2,2,168,0,1.0,1,1,0.6231438600807608
1,169.70000000000002,169.70000000000002,1,38,0,1.0,1,0,0.47290194584821205
1,132.94,132.94,1,150,0,1.0,1,1,0.578573805414978
1,126.48,126.48,1,25,0,1.0,1,0,0.4583734430930939
2,120.14,60.07,2,19,0,2.0,1,1,0.7724279138256092
1,116.24,116.24,1,86,0,1.0,1,1,0.6034579022935409
1,140.0,140.0,1,106,0,1.0,1,1,0.570083335014432
1,158.38,158.38,1,228,0,1.0,1,1,0.5727407491254365
1,115.05,115.05,1,181,0,1.0,1,1,0.5985999752651986
1,131.82,131.82,2,242,0,1.0,1,1,0.6864134129662373
1,147.66,147.66,1,89,0,1.0,1,1,0.5990129790088452
1,102.11999999999999,102.11999999999999,1,248,0,1.0,1,1,0.5852297125079886
1,34.51,34.51,1,308,0,1.0,1,1,0.8816843779396593
1,75.27,75.27,1,45,0,1.0,1,1,0.5029734708320875
1,79.05,79.05,1,69,0,1.0,1,1,0.5837380567697412
1,71.88,71.88,1,56,0,1.0,1,1,0.5606458125962663
1,97.89999999999999,97.89999999999999,1,149,0,1.0,1,1,0.5563709779519883
1,87.64,87.64,1,184,0,1.0,1,1,0.6488803404129291
1,50.87,50.87,1,127,0,1.0,1,0,0.47298526013877523
1,31.0,31.0,1,29,0,1.0,1,0,0.285553162182668
1,328.41,328.41,1,102,0,1.0,1,1,0.6687553878643311
1,204.07,204.07,1,33,0,1.0,1,0,0.4418237238143293
1,233.64,233.64,1,135,0,1.0,1,1,0.7493370122210445
1,55.519999999999996,55.519999999999996,1,169,0,1.0,1,0,0.4872960109778266
1,25.75,25.75,1,104,0,1.0,1,0,0.4118475545909983
1,137.6,137.6,1,80,0,1.0,1,1,0.597072858334542
1,336.99,336.99,1,226,0,1.0,1,1,0.8994769695492483
1,62.37,62.37,1,205,0,1.0,1,1,0.5504034781276301
1,204.07,204.07,1,18,0,1.0,1,0,0.47700341809413943
1,51.75,51.75,1,25,0,1.0,1,0,0.48909501732319616
1,106.29,106.29,1,53,0,1.0,1,1,0.5374916275020907
1,55.0,55.0,1,113,0,1.0,1,0,0.4759536504775563
1,186.62,186.62,1,20,0,1.0,1,1,0.7115289908096422
1,91.28999999999999,91.28999999999999,1,50,0,1.0,1,1,0.5858080051204859
1,78.37,78.37,1,275,0,1.0,1,1,0.5222807275696987
1,53.2,53.2,2,29,0,1.0,1,1,0.6284952888658412
1,71.03999999999999,71.03999999999999,1,259,0,1.0,1,1,0.5554675108923152
1,165.48,165.48,1,230,0,1.0,1,1,0.5298289266993009
1,101.12,101.12,1,280,0,1.0,1,0,0.4824040446818978
1,57.800000000000004,57.800000000000004,1,254,0,1.0,1,0,0.4758588398213663
1,74.03,74.03,1,143,0,1.0,1,1,0.6521879259607164
1,153.2,153.2,1,78,0,1.0,1,1,0.6144669682283321
1,136.82999999999998,136.82999999999998,3,134,0,1.0,1,1,0.7968603407189984
1,312.38,312.38,1,328,0,1.0,1,1,0.8299114754629124
1,45.089999999999996,45.089999999999996,1,93,0,1.0,1,1,0.5248755112065312
1,104.53,104.53,1,289,0,1.0,1,1,0.5971814594654283
1,417.45,417.45,1,130,0,1.0,1,1,0.8631375372415757
1,72.85,72.85,1,146,0,1.0,1,1,0.6470360126600012
1,121.5,121.5,1,181,0,1.0,1,1,0.5644702489441805
1,75.08,75.08,1,79,0,1.0,1,1,0.6245139863322762
1,91.66000000000001,91.66000000000001,1,138,0,1.0,1,1,0.6613141527088146
1,152.16,152.16,2,195,0,1.0,1,1,0.7070609143530712
1,77.57,77.57,1,225,0,1.0,1,1,0.623941262522073
3,214.97,71.65666666666667,3,196,19,0.15,1,1,0.6659317551829256
1,103.33000000000001,103.33000000000001,1,205,0,1.0,1,1,0.6197064177631378
1,76.08,76.08,1,233,0,1.0,1,0,0.4974732809498226
1,107.78,107.78,1,193,0,1.0,1,1,0.581101805490265
1,264.16,264.16,1,70,0,1.0,1,1,0.5440910088457059
1,56.78,56.78,1,47,0,1.0,1,0,0.4791690410030339
1,25.65,25.65,1,1,0,1.0,1,1,0.8665797946458743
1,100.33,100.33,1,258,0,1.0,1,0,0.48526870329269867
1,134.46,134.46,1,228,0,1.0,1,1,0.570205028571607
1,56.69,56.69,1,47,0,1.0,1,0,0.4791690410030339
1,231.12,231.12,1,101,0,1.0,1,1,0.7600941669743579
1,237.87,237.87,1,223,0,1.0,1,1,0.8486314659121048
1,97.86999999999999,97.86999999999999,1,243,0,1.0,1,0,0.4696901657219201
1,303.10999999999996,303.10999999999996,1,330,0,1.0,1,1,0.8078017038311254
1,134.01,134.01,1,223,0,1.0,1,1,0.529960815933348
1,42.78,42.78,1,84,0,1.0,1,1,0.5977318420010341
1,61.69,61.69,1,242,0,1.0,0,0,0.47695002108555445
1,56.01,56.01,1,145,0,1.0,1,0,0.4967700614565973
1,165.3,165.3,1,18,0,1.0,1,0,0.47726105035508143
1,38.5,38.5,1,117,0,1.0,1,1,0.5892091663221025
1,66.68,66.68,1,378,0,1.0,1,1,0.6382169160831029
1,86.83000000000001,86.83000000000001,1,208,0,1.0,1,1,0.6552410157926315
1,73.34,73.34,1,168,0,1.0,1,1,0.6439534890112439
1,58.09,58.09,1,76,0,1.0,1,0,0.4881701986686575
1,139.07,139.07,1,293,0,1.0,1,1,0.5595122556332357
1,164.79,164.79,1,108,0,1.0,1,1,0.5816257782955283
1,296.63,296.63,1,88,0,1.0,1,1,0.8085142353430725
1,20.68,20.68,1,155,0,1.0,1,1,0.7145010539764189
1,162.65,162.65,1,83,0,1.0,1,1,0.6110864900344026
1,174.68,174.68,1,206,0,1.0,1,1,0.5607834316600124
1,42.58,42.58,1,41,0,1.0,1,1,0.6138944650871019
1,62.129999999999995,62.129999999999995,1,5,0,1.0,1,1,0.5926927354695749
1,181.24,181.24,1,114,0,1.0,1,1,0.6127835211392678
1,44.1,44.1,1,46,0,1.0,1,1,0.5552820788580762
1,98.35000000000001,98.35000000000001,1,20,0,1.0,1,1,0.5635416409655782
1,187.96,187.96,1,66,0,1.0,1,1,0.6501332767225568
1,59.42,59.42,1,372,0,1.0,1,1,0.6263604782749943
2,105.99,52.995,3,140,0,2.0,1,1,0.878848130016929
1,138.48,138.48,2,107,0,1.0,1,1,0.7181869729074716
1,153.9,153.9,1,87,0,1.0,1,1,0.6147194998261263
1,75.07,75.07,1,0,0,1.0,1,1,0.7814319969482981
1,51.0,51.0,1,294,0,1.0,1,1,0.5044341768674263
1,71.72,71.72,1,252,0,1.0,1,0,0.4352251750645729
1,62.01,62.01,1,97,0,1.0,1,1,0.5303864962184872
1,45.86,45.86,1,356,0,1.0,1,1,0.6469944189124409
1,338.01,338.01,1,92,0,1.0,1,1,0.726512085402118
1,37.769999999999996,37.769999999999996,1,62,0,1.0,1,0,0.38803677637855377
1,87.16000000000001,87.16000000000001,1,36,0,1.0,1,1,0.5600016751170928
1,60.1,60.1,1,28,0,1.0,1,0,0.4689280848757583
1,101.73,101.73,1,108,0,1.0,1,1,0.6088191896021452
1,24.84,24.84,1,295,0,1.0,1,1,0.545884407536072
1,105.36999999999999,105.36999999999999,1,237,0,1.0,1,1,0.570049387251413
1,251.64999999999998,251.64999999999998,1,91,0,1.0,1,1,0.7700719673432868
1,77.8,77.8,1,212,0,1.0,1,1,0.6050708118569049
1,57.269999999999996,57.269999999999996,1,191,0,1.0,1,0,0.4975905400641296
1,91.28,91.28,1,91,0,1.0,1,1,0.6674705474810174
1,113.44,113.44,1,108,0,1.0,1,1,0.5772128918063982
1,363.95,363.95,1,197,0,1.0,1,1,0.8107353642128127
1,62.1,62.1,1,178,0,1.0,1,1,0.5290630149237736
1,158.32,158.32,1,175,0,1.0,1,1,0.5837342312473037
1,40.089999999999996,40.089999999999996,1,255,0,1.0,1,1,0.6510903689729335
1,420.07,420.07,1,273,0,1.0,1,1,0.9615211483520312
1,36.65,36.65,1,68,0,1.0,1,0,0.44347346836273394
1,97.03,97.03,1,93,0,1.0,1,1,0.5837098079323999
1,225.70000000000002,225.70000000000002,1,218,0,1.0,1,1,0.7975776897014805
1,137.99,137.99,1,138,0,1.0,1,1,0.564312458894193
1,114.41999999999999,114.41999999999999,1,17,0,1.0,1,1,0.5373776696665864
1,54.1,54.1,1,2,0,1.0,1,1,0.793068372327652
1,175.28,175.28,2,280,0,1.0,1,1,0.6981792128731771
1,63.5,63.5,2,283,0,1.0,1,1,0.7118582111412111
1,27.77,27.77,1,255,0,1.0,1,1,0.6526804933704378
1,37.8,37.8,1,6,0,1.0,1,0,0.4798739121526676
1,104.37,104.37,1,35,0,1.0,1,1,0.5139272060998925
1,291.37,291.37,1,20,0,1.0,1,1,0.5739655705981512
1,37.769999999999996,37.769999999999996,1,23,0,1.0,1,0,0.3801282840402008
1,34.0,34.0,1,43,0,1.0,1,0,0.4477778702574605
1,100.75999999999999,100.75999999999999,1,300,0,1.0,1,0,0.4733770314186512
1,80.11000000000001,80.11000000000001,1,1,0,1.0,1,1,0.7897535051266175
1,124.42,124.42,1,297,0,1.0,1,1,0.5597106531881518
1,45.46,45.46,1,330,0,1.0,1,1,0.7964933120005397
1,37.769999999999996,37.769999999999996,1,15,0,1.0,1,0,0.39369292401376205
1,42.269999999999996,42.269999999999996,1,67,0,1.0,1,1,0.6013374984007153
1,835.55,835.55,3,96,0,1.0,1,1,0.6820806130169165
1,96.93,96.93,1,2,0,1.0,1,1,0.8108628341910034
3,807.45,269.15000000000003,4,188,111,0.026785714285714284,1,1,0.8165542334652274
1,34.989999999999995,34.989999999999995,1,92,0,1.0,1,1,0.5934730855930315
1,83.41000000000001,83.41000000000001,1,122,0,1.0,1,1,0.6212176720835029
1,70.15,70.15,1,215,0,1.0,1,1,0.6230587394517999
1,40.379999999999995,40.379999999999995,1,96,0,1.0,1,1,0.6070633600842361
1,100.61999999999999,100.61999999999999,1,137,0,1.0,1,1,0.5296680497488155
1,88.74,88.74,1,239,0,1.0,1,1,0.5454389118972941
1,49.05,49.05,1,106,0,1.0,1,0,0.49423927679742397
1,62.34,62.34,1,317,0,1.0,1,1,0.8057359707638958
1,312.07,312.07,1,1,0,1.0,1,1,0.7067092923165167
1,21.77,21.77,1,146,0,1.0,1,0,0.4763297481701984
1,88.08,88.08,1,282,0,1.0,1,1,0.5422217214853337
1,831.72,831.72,3,100,0,1.0,1,1,0.6991401879776816
1,118.00999999999999,118.00999999999999,1,92,0,1.0,1,1,0.6027212072515951
1,165.70000000000002,165.70000000000002,1,204,0,1.0,1,1,0.5800153904634517
1,413.83000000000004,413.83000000000004,2,23,0,1.0,1,1,0.8621819085241378
1,76.08,76.08,1,21,0,1.0,1,0,0.4771569093179646
1,71.65,71.65,1,85,0,1.0,1,1,0.5697929038662474
1,37.769999999999996,37.769999999999996,1,32,0,1.0,1,0,0.38532519819503225
1,230.06,230.06,2,271,0,1.0,0,1,0.6131922078628492
1,73.75999999999999,73.75999999999999,1,284,0,1.0,1,1,0.5483395443851792
1,49.0,49.0,1,60,0,1.0,0,1,0.5433784913842298
1,83.82,83.82,2,51,0,1.0,1,1,0.5453740462726892
1,98.16,98.16,1,351,0,1.0,1,1,0.6574623256951725
1,41.589999999999996,41.589999999999996,1,237,0,1.0,1,1,0.7130945252152853
1,87.23,87.23,1,40,0,1.0,1,1,0.5747831746434022
1,71.85,71.85,1,138,0,1.0,1,1,0.6315434712156197
1,148.16,148.16,1,23,0,1.0,1,1,0.5063505496739069
1,22.0,22.0,1,16,0,1.0,1,0,0.39400914496285916
1,472.40999999999997,472.40999999999997,1,97,0,1.0,1,1,0.7669245623098515
2,294.72,147.36,3,5,0,2.0,1,0,0.4948763098879627
1,121.59,121.59,3,236,0,1.0,1,1,0.8086444941964528
1,92.78,92.78,1,20,0,1.0,1,1,0.5800560362685959
1,29.490000000000002,29.490000000000002,1,408,0,1.0,1,1,0.7647944641401373
1,131.16,131.16,1,62,0,1.0,1,1,0.5641758765851944
1,187.52,187.52,1,364,0,1.0,1,1,0.7282453209253292
1,87.34,87.34,1,49,0,1.0,1,1,0.5761813312355087
1,35.769999999999996,35.769999999999996,1,147,0,1.0,1,1,0.5543168098384103
1,273.39,273.39,1,149,0,1.0,1,1,0.8494989907762935
1,101.34,101.34,1,99,0,1.0,1,1,0.5895290806469615
2,144.69,72.345,2,27,0,2.0,1,1,0.7031785026863477
1,763.23,763.23,3,111,0,1.0,1,1,0.6932899862348952
1,188.79,188.79,3,12,0,1.0,1,1,0.5001710165769931
1,32.0,32.0,1,165,0,1.0,1,1,0.5990702789492781
1,64.24,64.24,1,227,0,1.0,1,1,0.590292514524375
1,31.75,31.75,1,215,0,1.0,1,1,0.6695863985948982
1,94.39999999999999,94.39999999999999,1,72,0,1.0,1,1,0.6145974751637935
1,60.42,60.42,1,304,0,1.0,1,1,0.7767584909348564
1,76.09,76.09,1,49,0,1.0,1,1,0.5392262185421882
1,68.7,68.7,1,50,0,1.0,1,1,0.5205456657728594
1,108.44,108.44,1,282,0,1.0,1,1,0.6035565140346026
1,164.26000000000002,164.26000000000002,1,271,0,1.0,1,1,0.5685511604602367
1,111.02,111.02,1,203,0,1.0,1,1,0.5644549358656028
1,75.66,75.66,1,0,0,1.0,1,1,0.748403365085537
1,69.49,69.49,1,38,0,1.0,1,0,0.4811754706562705
1,57.800000000000004,57.800000000000004,1,104,0,1.0,1,0,0.4872330755252053
1,152.74,152.74,1,327,0,1.0,1,1,0.7652351103586575
1,91.26,91.26,1,195,0,1.0,1,1,0.674654753514632
1,257.04,257.04,1,271,0,1.0,1,1,0.8636671299866945
1,226.14000000000001,226.14000000000001,1,164,0,1.0,1,1,0.7406707101303237
1,36.04,36.04,1,314,0,1.0,1,1,0.8591117671172313
1,142.4,142.4,1,13,0,1.0,1,1,0.5212217449277041
1,118.84,118.84,1,40,0,1.0,1,1,0.508973863206949
1,60.09,60.09,1,62,0,1.0,1,1,0.5313778115167017
1,191.92000000000002,191.92000000000002,2,7,0,1.0,1,1,0.5750662995303814
1,397.02,397.02,3,119,0,1.0,1,1,0.7225651985919299
1,73.34,73.34,1,208,0,1.0,1,1,0.6571907848196623
1,155.73,155.73,1,8,0,1.0,1,0,0.4804167632771092
1,232.9,232.9,1,96,0,1.0,1,1,0.6736620861951235
1,729.65,729.65,1,125,0,1.0,1,1,0.9210727698475109
1,27.689999999999998,27.689999999999998,1,233,0,1.0,1,1,0.7142163122345928
1,105.38,105.38,1,90,0,1.0,1,1,0.6043705064678343
1,225.71,225.71,1,86,0,1.0,1,1,0.8272462936877373
1,552.85,552.85,1,14,0,1.0,1,1,0.9776236107252381
1,66.6,66.6,1,169,0,1.0,1,1,0.5114994636816967
1,63.599999999999994,63.599999999999994,1,78,0,1.0,1,1,0.5437842258655836
1,40.15,40.15,2,270,0,1.0,1,1,0.7782024455677213
1,664.63,664.63,1,359,0,1.0,1,1,0.981654373082273
1,79.9,79.9,1,295,0,1.0,1,1,0.5712917194737563
1,253.02,253.02,2,99,0,1.0,1,1,0.8216218836976742
1,65.71000000000001,65.71000000000001,1,131,0,1.0,1,1,0.5449746232629986
1,86.64,86.64,1,95,0,1.0,1,1,0.6538768306657455
1,46.989999999999995,46.989999999999995,1,366,0,1.0,1,1,0.6510919861037621
1,246.26,246.26,1,190,0,1.0,1,1,0.806802301869733
1,37.72,37.72,1,83,0,1.0,1,1,0.5562447621904129
1,87.64,87.64,1,29,0,1.0,1,1,0.5670461909521386
1,624.59,624.59,1,294,0,1.0,1,1,0.9752578869192573
1,22.75,22.75,1,138,0,1.0,1,1,0.5553951637698432
1,242.07999999999998,242.07999999999998,1,203,0,1.0,1,1,0.8002226900205119
1,128.83,128.83,1,184,0,1.0,1,1,0.5845238753272743
1,231.27,231.27,1,225,0,1.0,1,1,0.8075691292494802
1,388.24,388.24,2,30,0,1.0,1,1,0.8562816716315863
1,207.31,207.31,1,67,0,1.0,1,1,0.6804505089584031
1,107.53,107.53,1,45,0,1.0,1,0,0.49954512172952337
1,66.67,66.67,1,96,0,1.0,1,0,0.4694602325773092
1,58.84,58.84,1,25,0,1.0,1,0,0.48209564023494894
1,265.94,265.94,2,52,0,1.0,1,1,0.7430892277114507
1,205.5,205.5,2,16,0,1.0,1,1,0.6769331793215776
1,395.58,395.58,1,282,0,1.0,1,1,0.9632148314250245
1,256.09000000000003,256.09000000000003,2,43,0,1.0,1,1,0.6812440776980478
1,102.66000000000001,102.66000000000001,1,101,0,1.0,1,1,0.6088191896021452
1,106.32,106.32,1,386,0,1.0,1,1,0.6802047343209086
1,80.0,80.0,2,280,0,1.0,1,0,0.452367555594069
1,78.09,78.09,1,296,0,1.0,1,1,0.5625760300973635
1,143.66,143.66,2,99,0,1.0,1,1,0.7584913266628934
1,53.1,53.1,1,37,0,1.0,1,0,0.49659412974726574
1,13.68,13.68,1,101,0,1.0,1,1,0.693931453570092
1,47.46,47.46,1,319,0,1.0,1,1,0.7979068382748292
1,113.80000000000001,113.80000000000001,1,329,0,1.0,1,1,0.7858723492237887
1,58.379999999999995,58.379999999999995,1,18,0,1.0,1,0,0.48983514468226663
1,73.34,73.34,1,225,0,1.0,1,1,0.6352134198757221
1,128.65,128.65,1,294,0,1.0,1,1,0.5681626480311521
1,151.3,151.3,1,93,0,1.0,1,1,0.62594561305412
1,316.35,316.35,5,47,0,1.0,1,1,0.8720749192348312
1,145.14,145.14,1,101,0,1.0,1,1,0.5925242645704238
1,166.67000000000002,166.67000000000002,1,12,0,1.0,1,0,0.4287937455131826
1,56.379999999999995,56.379999999999995,1,114,0,1.0,1,0,0.48490728721020426
1,147.15,147.15,1,147,0,1.0,1,1,0.5785969475041021
1,135.05,135.05,1,223,0,1.0,1,1,0.529960815933348
1,41.47,41.47,1,181,0,1.0,1,1,0.6189129317911771
1,40.17,40.17,1,166,0,1.0,1,1,0.6267404552893961
1,71.14,71.14,1,204,0,1.0,1,1,0.683067729770531
2,1019.41,509.705,2,167,0,2.0,1,1,0.9774605148233316
1,273.63,273.63,1,20,0,1.0,1,1,0.535719904305507
1,67.0,67.0,1,164,0,1.0,1,1,0.5692194632833941
1,28.08,28.08,1,48,0,1.0,1,1,0.5689773828476318
1,126.28999999999999,126.28999999999999,1,254,0,1.0,1,1,0.5788280607690932
1,34.0,34.0,1,49,0,1.0,1,0,0.4547243682246762
1,421.12,421.12,4,84,0,1.0,1,1,0.8745264174992432
1,114.44,114.44,1,97,0,1.0,1,1,0.5953871411933631
1,185.84,185.84,1,134,0,1.0,1,1,0.7562959522212668
1,152.38,152.38,1,275,0,1.0,1,1,0.5706261923377894
1,54.62,54.62,1,21,0,1.0,1,0,0.48150538999555
1,264.24,264.24,3,108,0,1.0,1,1,0.6022790019291041
1,39.839999999999996,39.839999999999996,1,122,0,1.0,1,1,0.6171990633396951
1,512.19,512.19,3,219,0,1.0,1,1,0.8619214796015364
1,105.73,105.73,1,51,0,1.0,1,1,0.5365899559770981
1,41.75,41.75,1,196,0,1.0,1,1,0.7003573389540164
1,153.17000000000002,153.17000000000002,1,96,0,1.0,1,1,0.6275088261576367
1,106.87,106.87,1,18,0,1.0,1,1,0.5019648466366394
1,105.36999999999999,105.36999999999999,1,169,0,1.0,1,1,0.5916354423513667
1,81.89,81.89,1,186,0,1.0,1,1,0.6558829427919322
1,76.78,76.78,1,93,0,1.0,1,1,0.6463177142235443
1,145.12,145.12,2,47,0,1.0,1,0,0.43394402325315157
1,55.96,55.96,1,358,0,1.0,1,1,0.6468117254074786
1,236.92000000000002,236.92000000000002,1,116,0,1.0,1,1,0.7507977667013868
1,151.12,151.12,1,23,0,1.0,1,0,0.4833672753466096
2,98.47999999999999,49.239999999999995,2,35,0,2.0,1,1,0.9108640921701544
1,119.66000000000001,119.66000000000001,1,226,0,1.0,1,1,0.5721452303709483
1,348.72999999999996,348.72999999999996,1,118,0,1.0,1,1,0.715332205405258
1,22.07,22.07,1,160,0,1.0,1,0,0.47470480415481575
1,34.0,34.0,1,178,0,1.0,1,1,0.5761113538883212
1,38.96,38.96,1,310,0,1.0,1,1,0.865609495622651
1,56.78,56.78,1,198,0,1.0,1,1,0.5242914419492292
1,119.81,119.81,1,331,0,1.0,1,1,0.6084625651542608
1,511.74,511.74,1,219,0,1.0,1,1,0.9571379883489758
1,24.75,24.75,1,166,0,1.0,1,0,0.4486375005568119
1,89.88000000000001,89.88000000000001,1,51,0,1.0,1,1,0.5858080051204859
1,81.89,81.89,1,207,0,1.0,1,1,0.6609697415887293
1,175.82,175.82,1,99,0,1.0,1,1,0.6043971323628509
1,70.08,70.08,1,82,0,1.0,1,1,0.6080605238099381
1,188.94,188.94,1,151,0,1.0,1,1,0.7531910344314318
1,331.40000000000003,331.40000000000003,2,8,0,1.0,1,1,0.709337700864014
1,32.089999999999996,32.089999999999996,1,261,0,1.0,1,1,0.6481561891090991
1,81.88,81.88,1,347,0,1.0,1,1,0.7180247051920446
1,96.65,96.65,1,400,0,1.0,1,1,0.7030523255212221
1,36.75,36.75,1,50,0,1.0,1,0,0.3459219004149662
1,26.71,26.71,1,338,0,1.0,1,1,0.7219174162740599
1,41.1,41.1,1,50,0,1.0,1,1,0.6147119814525329
1,162.25,162.25,1,46,0,1.0,1,0,0.4805213486393152
1,197.64000000000001,197.64000000000001,1,95,0,1.0,1,1,0.7848515335335293
1,184.26,184.26,3,100,0,1.0,1,1,0.7977368380565837
1,81.69,81.69,1,388,0,1.0,1,1,0.7319701078729889
1,180.26,180.26,1,68,0,1.0,1,1,0.736542818540074
1,56.78,56.78,1,32,0,1.0,1,0,0.4836274130618345
1,61.589999999999996,61.589999999999996,1,133,0,1.0,1,1,0.5411005883403402
1,101.28,101.28,1,300,0,1.0,1,1,0.5620951950684524
1,167.29,167.29,1,236,0,1.0,1,1,0.5035189246277502
1,226.46,226.46,1,104,0,1.0,1,1,0.7600941669743579
1,154.63,154.63,1,132,0,1.0,1,1,0.5908746921548607
1,166.74,166.74,1,157,0,1.0,1,1,0.5773786718434877
1,73.34,73.34,1,168,0,1.0,1,1,0.6439534890112439
1,55.92,55.92,1,69,0,1.0,1,1,0.5041426132144806
1,85.24,85.24,1,98,0,1.0,1,1,0.6313344757832169
1,1367.5,1367.5,1,380,0,1.0,1,1,0.9907373947756813
1,189.33,189.33,1,204,0,1.0,1,1,0.7530207326204053
1,34.89,34.89,1,47,0,1.0,1,0,0.4509219796968781
1,241.93,241.93,1,106,0,1.0,1,1,0.7657548245630716
1,62.25,62.25,1,218,0,1.0,1,1,0.533040307921366
1,83.56,83.56,2,160,0,1.0,1,1,0.5873297134348906
1,24.17,24.17,1,219,0,1.0,1,1,0.6062370969469445
1,654.74,654.74,2,121,0,1.0,1,0,0.3646312633130683
1,72.45,72.45,1,216,0,1.0,1,1,0.6145648702969347
1,91.66000000000001,91.66000000000001,1,146,0,1.0,1,1,0.6613141527088146
1,94.39999999999999,94.39999999999999,1,77,0,1.0,1,1,0.662443867729626
1,366.9,366.9,1,85,0,1.0,1,1,0.80300277458639
1,74.67,74.67,1,261,0,1.0,1,1,0.5502997853092817
1,157.21,157.21,1,8,0,1.0,1,0,0.4804167632771092
1,63.54,63.54,2,67,0,1.0,1,1,0.7237639680403044
1,28.41,28.41,1,154,0,1.0,1,1,0.6317652702086588
1,82.12,82.12,1,266,0,1.0,1,1,0.5253272394637107
1,231.27,231.27,1,231,0,1.0,1,1,0.8062761090818147
1,115.32,115.32,1,85,0,1.0,1,1,0.6034579022935409
1,160.16,160.16,1,33,0,1.0,1,0,0.4363900700746682
1,152.57,152.57,1,7,0,1.0,1,0,0.49773287178956355
1,54.0,54.0,1,124,0,1.0,1,0,0.47637374551469625
1,125.23,125.23,1,195,0,1.0,1,1,0.5730538180372061
1,183.53,183.53,1,202,0,1.0,1,1,0.6266147077060061
1,81.00999999999999,81.00999999999999,1,16,0,1.0,1,1,0.5113319332427336
1,53.1,53.1,1,77,0,1.0,1,0,0.480822065088384
1,56.86,56.86,1,388,0,1.0,1,1,0.5699272830979142
1,21.43,21.43,1,18,0,1.0,1,0,0.3475507535651207
1,85.03999999999999,85.03999999999999,1,358,0,1.0,1,1,0.7086088518069414
1,120.87,120.87,1,280,0,1.0,1,1,0.6071957300735765
1,142.92,142.92,1,55,0,1.0,1,1,0.5503380477739768
1,106.06,106.06,1,288,0,1.0,1,1,0.5880022658410252
1,143.26,143.26,2,104,0,1.0,1,1,0.7353890432546839
1,271.83,271.83,1,11,0,1.0,1,0,0.4837362242531854
1,89.46,89.46,1,121,0,1.0,1,1,0.6670575944997291
1,243.82999999999998,243.82999999999998,1,329,0,1.0,1,1,0.8536345624816891
1,149.39999999999998,149.39999999999998,1,274,0,1.0,1,1,0.5706261923377894
2,401.06,200.53,3,119,18,0.10526315789473684,0,0,0.43100784586591934
1,59.1,59.1,1,104,0,1.0,1,0,0.4758581072424649
1,119.92999999999999,119.92999999999999,1,210,0,1.0,1,1,0.5758981503889697
1,122.97,122.97,1,195,0,1.0,1,1,0.5730538180372061
1,410.26,410.26,1,185,0,1.0,1,1,0.9304575440223495
1,173.28,173.28,2,246,0,1.0,1,1,0.6884650451742942
1,34.589999999999996,34.589999999999996,1,265,0,1.0,1,1,0.6424221775094235
1,44.239999999999995,44.239999999999995,1,293,0,1.0,1,1,0.6909103995480242
1,28.18,28.18,1,38,0,1.0,1,1,0.5496978186164696
1,102.0,102.0,3,2,0,1.0,1,1,0.6678118185089797
1,164.94,164.94,1,190,0,1.0,1,1,0.5825320314197973
1,209.1,209.1,1,282,0,1.0,1,1,0.775245646891641
1,99.5,99.5,2,137,0,1.0,1,1,0.6256323250485958
1,137.99,137.99,1,228,0,1.0,1,1,0.570205028571607
1,200.21,200.21,1,112,0,1.0,1,1,0.7570652603910215
1,291.28,291.28,1,64,0,1.0,1,1,0.7615201421589505
1,185.94,185.94,1,87,0,1.0,1,1,0.797808937951667
1,102.03,102.03,1,60,0,1.0,1,1,0.5913754442998828
1,524.24,524.24,1,161,0,1.0,1,1,0.9134620357420346
1,122.22,122.22,2,2,0,1.0,1,1,0.6142596669421616
1,107.27000000000001,107.27000000000001,1,410,0,1.0,1,1,0.7204775128993158
1,56.85,56.85,1,228,0,1.0,1,1,0.5569223037994161
1,42.0,42.0,2,148,0,1.0,1,1,0.7763804362314197
1,220.58,220.58,1,51,0,1.0,1,1,0.5814871918307255
1,103.85,103.85,1,251,0,1.0,1,1,0.5808859718924677
1,27.84,27.84,1,24,0,1.0,1,1,0.524425589825413
1,336.94,336.94,2,191,0,1.0,1,1,0.8569186594802367
1,79.17,79.17,1,76,0,1.0,1,1,0.6322892092857074
1,190.33,190.33,1,279,0,1.0,1,1,0.811559301273101
1,197.0,197.0,1,51,0,1.0,1,0,0.4779888681488784
1,217.82,217.82,1,54,0,1.0,1,1,0.56843302792961
1,157.41000000000003,157.41000000000003,1,135,0,1.0,1,1,0.5908746921548607
1,58.83,58.83,1,182,0,1.0,1,0,0.4833461281241717
1,69.33,69.33,1,80,0,1.0,1,1,0.5990456739677485
1,136.59,136.59,1,296,0,1.0,1,1,0.550577843062704
2,133.31,66.655,2,94,0,2.0,1,1,0.7868108953798653
1,44.53,44.53,1,267,0,1.0,1,1,0.6598894770671662
1,192.66,192.66,1,181,0,1.0,1,1,0.7454062419582315
1,170.84,170.84,1,104,0,1.0,1,1,0.5839658912355106
1,37.769999999999996,37.769999999999996,1,27,0,1.0,1,0,0.38753004022175846
1,286.64,286.64,1,18,0,1.0,1,1,0.5460862133075373
1,163.79,163.79,1,156,0,1.0,1,1,0.578538730580639
1,66.28999999999999,66.28999999999999,1,227,0,1.0,1,1,0.5703078937783936
1,383.09999999999997,383.09999999999997,1,321,0,1.0,1,1,0.9537221559955458
1,357.52,357.52,1,218,0,1.0,1,1,0.6997428925080688
1,27.75,27.75,1,350,0,1.0,1,1,0.791852670349058
1,226.74,226.74,3,134,0,1.0,1,1,0.7991079497632569
1,127.63,127.63,1,182,0,1.0,1,1,0.5704904700650082
1,48.95,48.95,1,342,0,1.0,1,1,0.6643169768934426
1,134.15,134.15,1,238,0,1.0,1,1,0.548628062123161
1,139.09,139.09,1,290,0,1.0,1,1,0.553835183733536
1,54.239999999999995,54.239999999999995,2,355,0,1.0,1,1,0.831638955752717
1,28.0,28.0,1,0,0,1.0,1,1,0.8931453504123759
1,84.11000000000001,84.11000000000001,1,377,0,1.0,1,1,0.7120077418246809
1,53.05,53.05,1,208,0,1.0,1,1,0.5221659027343543
1,52.72,52.72,1,88,0,1.0,1,0,0.4711606146540673
1,89.56,89.56,2,233,0,1.0,1,0,0.39544834843074117
1,127.01,127.01,1,184,0,1.0,1,1,0.5765883106722767
1,26.6,26.6,1,243,0,1.0,1,1,0.5275835237508292
1,283.22,283.22,1,286,0,1.0,1,1,0.8900232932369347
1,670.85,670.85,1,363,0,1.0,1,1,0.981654373082273
1,86.83000000000001,86.83000000000001,1,37,0,1.0,1,1,0.5813986789778944
1,636.74,636.74,1,220,0,1.0,1,1,0.9676595673465737
1,106.10000000000001,106.10000000000001,2,76,0,1.0,1,1,0.6570970861586353
1,168.08999999999997,168.08999999999997,2,16,0,1.0,1,1,0.6448893789288658
1,780.6800000000001,780.6800000000001,1,379,0,1.0,1,1,0.9907373947756813
1,167.8,167.8,2,54,0,1.0,1,1,0.519235101436496
1,117.03999999999999,117.03999999999999,2,103,0,1.0,1,1,0.7416440998736692
1,60.1,60.1,1,198,0,1.0,1,0,0.49983403110676494
1,77.57,77.57,1,193,0,1.0,1,1,0.648195290751814
1,44.239999999999995,44.239999999999995,1,231,0,1.0,1,1,0.7376967235066219
2,219.67000000000002,109.83500000000001,3,509,0,2.0,1,1,0.9834608241085726
1,232.53,232.53,1,110,0,1.0,1,1,0.7556323994721685
1,35.31,35.31,1,225,0,1.0,1,1,0.712604414479167
1,563.64,563.64,4,43,0,1.0,1,1,0.9359086425941081
1,42.68,42.68,1,151,0,1.0,1,1,0.639778849730346
1,76.08,76.08,1,221,0,1.0,1,1,0.5833295741261915
1,34.0,34.0,1,173,0,1.0,1,1,0.5908693741352277
1,132.04999999999998,132.04999999999998,1,89,0,1.0,1,1,0.5888280968975097
1,137.09,137.09,1,126,0,1.0,1,1,0.5756310481447396
1,148.15,148.15,1,244,0,1.0,1,1,0.51076670767396
1,33.7,33.7,1,124,0,1.0,1,1,0.6148971673372424
1,88.72,88.72,1,87,0,1.0,1,1,0.6506862152463401
1,81.63000000000001,81.63000000000001,1,37,0,1.0,1,1,0.5147069284770407
1,151.09,151.09,1,194,0,1.0,1,1,0.5906982684656085
1,82.7,82.7,1,212,0,1.0,1,1,0.6125378206220817
1,101.34,101.34,1,92,0,1.0,1,1,0.5940699538350376
1,27.75,27.75,1,48,0,1.0,1,1,0.5689773828476318
1,44.089999999999996,44.089999999999996,1,18,0,1.0,1,1,0.5616238258954195
1,29.509999999999998,29.509999999999998,1,341,0,1.0,1,1,0.7891956934357715
1,84.64,84.64,1,27,0,1.0,1,1,0.5645105471865903
1,85.15,85.15,1,133,0,1.0,1,1,0.6263656275841025
1,85.84,85.84,1,14,0,1.0,1,1,0.5832937532290234
1,296.32,296.32,2,23,0,1.0,1,1,0.7749285236042707
1,72.99,72.99,1,201,0,1.0,1,1,0.6573983028307943
1,115.92000000000002,115.92000000000002,1,133,0,1.0,1,1,0.6068609988240815
1,321.58,321.58,1,103,0,1.0,1,1,0.6687553878643311
1,188.06,188.06,2,117,0,1.0,1,1,0.7979735257037355
1,315.72999999999996,315.72999999999996,1,211,0,1.0,1,1,0.8966184891353307
1,89.17,89.17,1,138,0,1.0,1,1,0.6551629516438723
1,38.01,38.01,1,8,0,1.0,1,1,0.5144465905744685
1,164.84,164.84,1,345,0,1.0,1,1,0.6067966834422336
1,58.730000000000004,58.730000000000004,1,356,0,1.0,1,1,0.6348419856418065
1,65.71000000000001,65.71000000000001,1,183,0,1.0,1,1,0.5434532975257292
1,358.53999999999996,358.53999999999996,1,107,0,1.0,1,1,0.6069615265877011
1,1031.15,1031.15,1,206,0,1.0,1,1,0.9746640353374414
1,156.09,156.09,1,301,0,1.0,1,1,0.5436161143499565
1,115.39,115.39,1,311,0,1.0,1,1,0.7871460948946817
1,90.56,90.56,1,230,0,1.0,1,1,0.5910300094131719
1,34.089999999999996,34.089999999999996,1,148,0,1.0,1,1,0.5867413670585371
1,70.12,70.12,1,217,0,1.0,1,1,0.6248226653037413
1,250.0,250.0,2,90,0,1.0,1,1,0.871135080449136
1,446.82,446.82,1,270,0,1.0,1,1,0.9631704839961676
1,65.71000000000001,65.71000000000001,1,163,0,1.0,1,1,0.5407663892789717
1,190.33,190.33,1,88,0,1.0,1,1,0.795782685348096
1,33.42,33.42,1,341,0,1.0,1,1,0.8105882750740061
1,30.96,30.96,1,276,0,1.0,1,1,0.6371710382599919
1,127.92,127.92,1,9,0,1.0,1,0,0.41031661090863686
1,307.27,307.27,1,263,0,1.0,1,1,0.8862976416609702
1,73.34,73.34,1,155,0,1.0,1,1,0.6476839298645881
1,648.82,648.82,2,175,0,1.0,1,1,0.7607724196809
1,50.1,50.1,1,160,0,1.0,1,0,0.4843316174682093
1,164.84,164.84,1,88,0,1.0,1,1,0.6085305637126465
1,69.15,69.15,1,138,0,1.0,1,1,0.6475750603518011
1,287.38,287.38,1,155,0,1.0,1,1,0.839967287785045
1,236.71,236.71,1,96,0,1.0,0,1,0.7517631182306239
1,249.04,249.04,2,14,0,1.0,1,1,0.7307363824484623
1,132.51,132.51,1,389,0,1.0,1,1,0.684361573879633
1,82.59,82.59,1,71,0,1.0,1,1,0.5422554236329307
1,257.93,257.93,1,102,0,1.0,1,0,0.4192743619249995
1,69.03,69.03,1,219,0,1.0,1,1,0.6015811985660258
1,100.54,100.54,1,313,0,1.0,1,1,0.769499156321584
1,80.10000000000001,80.10000000000001,1,178,0,1.0,1,1,0.6333379345976542
1,44.1,44.1,1,120,0,1.0,1,1,0.6546829880690995
1,121.17999999999999,121.17999999999999,1,145,0,1.0,1,1,0.5587510112669474
1,27.68,27.68,1,22,0,1.0,1,0,0.32676500873035924
1,158.69,158.69,1,267,0,1.0,1,1,0.5707217187699634
1,59.34,59.34,1,7,0,1.0,1,0,0.4751672836819705
1,93.57,93.57,1,146,0,1.0,1,1,0.6593681245826268
1,72.15,72.15,1,47,0,1.0,1,1,0.5195356653810902
1,114.74,114.74,1,104,0,1.0,1,1,0.5772128918063982
1,38.05,38.05,1,179,0,1.0,1,1,0.5609141387074014
1,919.46,919.46,1,338,0,1.0,1,1,0.9856723784493838
1,182.60000000000002,182.60000000000002,1,157,0,1.0,1,1,0.6134936069512548
1,911.62,911.62,2,94,0,1.0,1,1,0.7400187266113594
2,349.28000000000003,174.64000000000001,2,231,68,0.028985507246376812,1,1,0.8684800794807266
1,283.46999999999997,283.46999999999997,2,137,0,1.0,1,1,0.8140018592006927
1,155.7,155.7,2,135,0,1.0,1,1,0.733600934881662
1,30.689999999999998,30.689999999999998,1,284,0,1.0,1,1,0.6360132273713083
1,86.72999999999999,86.72999999999999,1,298,0,1.0,1,1,0.5425268739737338
1,76.08,76.08,1,254,0,1.0,1,0,0.4977083182742439
1,193.27,193.27,1,161,0,1.0,1,1,0.751215089777628
1,222.06,222.06,1,175,0,1.0,1,1,0.7406707101303237
1,80.38,80.38,1,11,0,1.0,1,0,0.47458111887480386
1,43.8,43.8,1,14,0,1.0,0,0,0.4953952373912598
1,183.73000000000002,183.73000000000002,1,96,0,1.0,1,1,0.674202832409223
1,179.26,179.26,1,147,0,1.0,1,1,0.5686554094916038
1,173.82,173.82,1,14,0,1.0,1,0,0.4907613257485197
1,216.87,216.87,1,53,0,1.0,1,1,0.5279196078618947
1,32.769999999999996,32.769999999999996,1,61,0,1.0,1,1,0.5091501553810354
1,704.32,704.32,1,44,0,1.0,1,1,0.9947007818646573
1,548.45,548.45,1,262,0,1.0,1,1,0.9730439021375239
1,76.78999999999999,76.78999999999999,1,250,0,1.0,1,1,0.5079899368207799
1,94.31,94.31,1,114,0,1.0,1,1,0.6652838302133904
1,76.57,76.57,1,14,0,1.0,1,1,0.5079722949278034
1,296.19,296.19,1,96,0,1.0,1,1,0.6782267814507141
1,133.76,133.76,1,78,0,1.0,1,1,0.5973295764408939
1,138.07999999999998,138.07999999999998,1,199,0,1.0,1,1,0.5769525589184509
1,250.84,250.84,2,254,0,1.0,1,1,0.7020838520418902
1,34.86,34.86,1,327,0,1.0,1,1,0.8825772350825165
2,156.07,78.035,2,254,0,2.0,1,1,0.8453642350987367
1,124.52,124.52,1,2,0,1.0,1,1,0.7111145463280967
1,54.09,54.09,3,9,0,1.0,1,1,0.6753911506504867
1,42.68,42.68,1,241,0,1.0,1,1,0.6875658306585528
1,105.5,105.5,1,287,0,1.0,1,1,0.6038944803052622
1,87.64,87.64,1,188,0,1.0,1,1,0.6480710591452439
1,169.33999999999997,169.33999999999997,2,120,0,1.0,1,1,0.7305861099315283
1,24.42,24.42,1,419,0,1.0,1,1,0.7238516198958004
1,55.269999999999996,55.269999999999996,1,43,0,1.0,1,0,0.4835590818731066
1,137.99,137.99,1,190,0,1.0,1,1,0.5769525589184509
1,127.41000000000001,127.41000000000001,1,332,0,1.0,1,1,0.6043016286976309
1,263.13,263.13,1,304,0,1.0,1,1,0.8486189426530759
1,47.589999999999996,47.589999999999996,1,231,0,1.0,1,1,0.5299927102672088
1,175.05,175.05,1,100,0,1.0,1,1,0.5714553029708417
1,66.67,66.67,1,95,0,1.0,1,0,0.4694602325773092
1,172.52,172.52,1,212,0,1.0,1,1,0.574576959169772
1,258.9,258.9,1,296,0,1.0,1,1,0.8419710023836776
1,57.77,57.77,1,112,0,1.0,1,0,0.4893936490024232
1,317.8,317.8,1,262,0,1.0,1,1,0.9081963746068681
1,80.2,80.2,1,72,0,1.0,1,1,0.5898119648895291
1,1423.55,1423.55,1,508,0,1.0,1,1,0.9916032742791628
1,703.63,703.63,1,111,0,1.0,1,1,0.9065116207924054
1,401.26,401.26,2,104,0,1.0,1,1,0.8107551284676483
1,126.30000000000001,126.30000000000001,1,275,0,1.0,1,1,0.6015478784780522
1,154.65,154.65,1,104,0,1.0,1,1,0.5900584732018703
1,50.0,50.0,1,100,0,1.0,1,0,0.47108609356068837
1,79.56,79.56,1,118,0,1.0,1,1,0.6475851866856602
2,381.53,190.765,2,174,48,0.04081632653061224,1,1,0.7335598582628674
1,94.3,94.3,1,242,0,1.0,1,1,0.5532273805298203
1,41.75,41.75,1,198,0,1.0,1,1,0.7003573389540164
1,196.89,196.89,1,106,0,1.0,1,1,0.7584545802093391
1,96.32,96.32,1,44,0,1.0,1,1,0.5450521891897405
1,179.05,179.05,1,293,0,1.0,1,1,0.694402930423528
1,125.29,125.29,1,40,0,1.0,1,0,0.41725974696490215
1,120.68,120.68,2,112,0,1.0,1,1,0.7140041067813162
1,61.699999999999996,61.699999999999996,1,184,0,1.0,1,1,0.5360818527824024
1,360.03000000000003,360.03000000000003,1,355,0,1.0,1,1,0.7148878216277383
1,195.0,195.0,1,72,0,1.0,1,0,0.43447159625206266
1,423.15999999999997,423.15999999999997,2,392,0,1.0,1,1,0.9672104497211922
1,70.61,70.61,1,79,0,1.0,1,1,0.612478825187337
1,167.79000000000002,167.79000000000002,1,336,0,1.0,1,1,0.5806664873835441
1,26.84,26.84,1,248,0,1.0,1,1,0.6793609874686874
1,1058.1,1058.1,5,274,0,1.0,1,1,0.9707468165633183
1,49.6,49.6,1,123,0,1.0,1,0,0.49386917408904185
1,39.089999999999996,39.089999999999996,1,109,0,1.0,1,1,0.5907429353852834
1,60.48,60.48,2,46,0,1.0,1,1,0.5860597515066126
1,149.92,149.92,2,356,0,1.0,1,1,0.7642633121122657
1,55.0,55.0,1,209,0,1.0,1,1,0.5199070792049425
1,89.7,89.7,1,358,0,1.0,1,1,0.7333236452428294
1,34.089999999999996,34.089999999999996,1,147,0,1.0,1,1,0.5867413670585371
1,96.22,96.22,1,143,0,1.0,1,1,0.5667494839343774
1,40.089999999999996,40.089999999999996,1,96,0,1.0,1,1,0.6059444742240635
1,197.58,197.58,1,49,0,1.0,1,0,0.467619500299804
1,118.41000000000001,118.41000000000001,1,237,0,1.0,1,1,0.5596227324013023
1,34.51,34.51,1,315,0,1.0,1,1,0.8825772350825165
1,192.66,192.66,1,209,0,1.0,1,1,0.7600998034284584
1,77.89,77.89,1,129,0,1.0,1,1,0.6465590824112089
1,64.84,64.84,1,140,0,1.0,1,1,0.5425697986949218
1,51.89,51.89,1,93,0,1.0,1,0,0.47726108079302804
1,57.68,57.68,1,285,0,1.0,1,1,0.5119137958326625
1,68.45,68.45,1,352,0,1.0,1,1,0.6955574783230534
1,108.28999999999999,108.28999999999999,1,75,0,1.0,1,1,0.5684451801209639
1,106.38,106.38,1,51,0,1.0,1,1,0.5451677207366215
1,181.51,181.51,1,218,0,1.0,1,1,0.6587396140454239
1,71.75,71.75,1,128,0,1.0,1,1,0.5925180292375091
1,761.8199999999999,761.8199999999999,1,387,0,1.0,1,1,0.9907373947756813
1,279.1,279.1,5,86,0,1.0,1,1,0.9182144299126683
1,104.19,104.19,1,243,0,1.0,1,1,0.5784986726783404
1,215.56,215.56,2,201,0,1.0,1,1,0.5609257842436288
1,51.05,51.05,1,507,0,1.0,1,1,0.5924867992700718
1,155.14,155.14,2,193,0,1.0,1,1,0.7070609143530712
1,71.05,71.05,1,149,0,1.0,1,1,0.6700414651439976
1,68.04,68.04,1,216,0,1.0,1,1,0.6287977257203066
1,55.239999999999995,55.239999999999995,1,64,0,1.0,1,1,0.5390451259763152
1,178.56,178.56,1,280,0,1.0,1,1,0.6034833104269107
1,158.36,158.36,1,226,0,1.0,1,1,0.5727407491254365
1,155.22,155.22,1,13,0,1.0,1,0,0.4982384706004068
1,35.089999999999996,35.089999999999996,1,241,0,1.0,1,1,0.6465837479171322
1,251.09,251.09,1,253,0,1.0,1,1,0.858053363533534
1,46.69,46.69,1,274,0,1.0,1,1,0.523415399880254
1,119.4,119.4,1,76,0,1.0,1,1,0.5909255587701973
1,92.78,92.78,1,93,0,1.0,1,1,0.673926386079287
1,87.61,87.61,1,103,0,1.0,1,1,0.6450811896727203
1,70.66,70.66,2,9,0,1.0,1,1,0.5621892965626405
1,27.75,27.75,1,11,0,1.0,1,1,0.5917705209866634
1,125.42,125.42,1,295,0,1.0,1,1,0.5638301972825575
1,1575.05,1575.05,1,328,0,1.0,1,1,0.9923145335787456
1,69.33,69.33,1,100,0,1.0,1,1,0.6306860639947289
1,44.72,44.72,1,259,0,1.0,1,1,0.680152032052892
1,96.27000000000001,96.27000000000001,1,282,0,1.0,1,1,0.5148783792594354
1,167.87,167.87,1,75,0,1.0,1,1,0.5574572386557832
1,51.0,51.0,1,95,0,1.0,1,0,0.4766758965745756
1,181.55,181.55,1,143,0,1.0,1,1,0.5732331588054376
1,143.43,143.43,1,42,0,1.0,1,0,0.48976819893064855
1,97.99,97.99,1,361,0,1.0,1,1,0.6621630932699292
1,55.0,55.0,1,93,0,1.0,1,0,0.47394837319086436
1,264.19,264.19,2,64,0,1.0,1,1,0.7248465068707951
1,147.96,147.96,1,155,0,1.0,1,1,0.5883377322631587
1,148.22,148.22,1,297,0,1.0,1,1,0.5237977554173293
1,135.6,135.6,1,0,0,1.0,1,1,0.6492981212889194
1,52.01,52.01,1,96,0,1.0,1,0,0.4766758965745756
1,368.10999999999996,368.10999999999996,1,77,0,1.0,1,1,0.8033919783538312
1,242.47,242.47,3,21,0,1.0,1,1,0.6967288930065231
1,68.11,68.11,1,96,0,1.0,1,1,0.6535066609682882
1,64.75,64.75,1,211,0,1.0,1,1,0.5753735547248593
1,24.94,24.94,1,302,0,1.0,1,1,0.5488839678615289
1,78.9,78.9,1,248,0,1.0,1,1,0.5040198853637636
1,73.03,73.03,1,68,0,1.0,1,1,0.588604964275222
1,39.1,39.1,1,96,0,1.0,1,1,0.5773123164930376
1,66.04,66.04,1,342,0,1.0,1,1,0.6951481533536162
1,77.28999999999999,77.28999999999999,1,344,0,1.0,1,1,0.7172003207967187
1,243.57000000000002,243.57000000000002,2,209,0,1.0,1,1,0.729098616513884
1,43.78,43.78,1,154,0,1.0,1,1,0.6634627738646441
1,137.6,137.6,1,29,0,1.0,1,0,0.4683380876930238
1,165.3,165.3,3,209,0,1.0,1,1,0.7957100321959135
2,318.56,159.28,2,18,0,2.0,1,1,0.8824687831328439
1,41.089999999999996,41.089999999999996,1,102,0,1.0,1,1,0.6200437922748803
1,151.7,151.7,1,279,0,1.0,1,1,0.5752926976235002
1,232.32,232.32,1,338,0,1.0,1,1,0.779176841228966
1,189.37,189.37,1,42,0,1.0,1,0,0.37615983092095234
1,74.0,74.0,2,78,0,1.0,1,1,0.7139908288775192
1,100.61999999999999,100.61999999999999,1,88,0,1.0,1,1,0.5353345790170521
1,145.28,145.28,2,134,0,1.0,1,1,0.7348832528608596
1,106.16000000000001,106.16000000000001,1,94,0,1.0,1,1,0.6121166067407657
1,53.269999999999996,53.269999999999996,1,128,0,1.0,1,0,0.47466093581445096
1,504.51,504.51,3,107,0,1.0,1,1,0.726139986966381
1,295.52,295.52,1,42,0,1.0,1,1,0.6785638375449762
1,135.59,135.59,1,0,0,1.0,1,1,0.6492981212889194
1,204.15,204.15,1,301,0,1.0,1,1,0.7794541014219458
1,36.239999999999995,36.239999999999995,1,120,0,1.0,1,1,0.5810619035062967
1,69.76,69.76,1,209,0,1.0,1,1,0.6727200429129322
1,86.24,86.24,1,80,0,1.0,1,1,0.6343887027323013
1,163.7,163.7,1,48,0,1.0,1,1,0.5223981510049087
1,135.49,135.49,1,98,0,1.0,1,1,0.6081409485808655
1,86.15,86.15,1,268,0,1.0,1,1,0.5178646174132258
1,52.95,52.95,1,44,0,1.0,1,0,0.48653819480421334
1,43.9,43.9,1,98,0,1.0,1,1,0.6405082803513179
2,144.45999999999998,72.22999999999999,2,159,0,2.0,1,1,0.780766214171401
1,49.09,49.09,1,199,0,1.0,1,1,0.5458376299454799
1,62.510000000000005,62.510000000000005,1,357,0,1.0,1,1,0.6697308885565705
1,205.75,205.75,1,204,0,1.0,1,1,0.7367416771069795
1,632.48,632.48,2,38,0,1.0,1,1,0.8825578696231822
1,219.63,219.63,1,83,0,1.0,1,1,0.8246790584844772
1,193.8,193.8,1,16,0,1.0,1,0,0.38449071350134595
1,205.88,205.88,1,179,0,1.0,1,1,0.7252838005012358
1,228.08,228.08,1,157,0,1.0,1,1,0.7435267673903225
1,85.14,85.14,1,96,0,1.0,1,1,0.6358693005055481
1,37.0,37.0,1,12,0,1.0,1,0,0.4214796241863621
1,107.37,107.37,1,218,0,1.0,1,1,0.5795609279965711
1,148.71,148.71,1,149,0,1.0,1,1,0.5858360281050128
1,55.620000000000005,55.620000000000005,1,507,0,1.0,1,1,0.591715132208741
1,51.14,51.14,1,17,0,1.0,1,0,0.48659937906278466
1,156.19,156.19,1,112,0,1.0,1,1,0.591693079170821
1,244.35,244.35,1,189,0,1.0,1,1,0.806802301869733
1,36.769999999999996,36.769999999999996,1,292,0,1.0,1,1,0.6205788747951362
1,218.45,218.45,1,2,0,1.0,1,1,0.5232420631459902
1,62.79,62.79,1,70,0,1.0,1,1,0.554483728979849
1,193.45,193.45,1,210,0,1.0,1,1,0.7423666642544942
1,136.0,136.0,4,267,0,1.0,1,1,0.8469960993324054
1,166.71,166.71,1,212,0,1.0,1,1,0.5510873246091585
1,55.1,55.1,1,197,0,1.0,1,1,0.5167582288861102
2,199.39999999999998,99.69999999999999,2,208,5,0.3333333333333333,1,1,0.7530461225444431
1,65.71000000000001,65.71000000000001,1,197,0,1.0,1,1,0.5714483906647733
1,266.0,266.0,1,96,0,1.0,1,1,0.6888809875327198
1,140.07999999999998,140.07999999999998,1,63,0,1.0,1,1,0.5738900456362266
1,59.79,59.79,1,36,0,1.0,1,0,0.46536010197555394
1,94.50999999999999,94.50999999999999,1,158,0,1.0,1,1,0.6626878624109147
1,42.089999999999996,42.089999999999996,1,84,0,1.0,1,1,0.5977318420010341
1,74.18,74.18,1,398,0,1.0,1,1,0.7392140910969018
1,77.94,77.94,1,170,0,1.0,1,1,0.639574133655809
1,26.27,26.27,1,287,0,1.0,1,1,0.5632126592692792
1,87.64,87.64,1,229,0,1.0,1,1,0.6298481897190555
1,190.43,190.43,1,112,0,1.0,1,1,0.7570652603910215
1,116.0,116.0,1,89,0,1.0,1,1,0.5985412509173631
1,21.17,21.17,1,50,0,1.0,1,0,0.4235036428746422
1,125.88000000000001,125.88000000000001,1,333,0,1.0,1,1,0.6043016286976309
1,112.71000000000001,112.71000000000001,1,96,0,1.0,1,1,0.5674312959663691
1,45.03,45.03,1,177,0,1.0,1,1,0.6400164565547379
1,32.61,32.61,1,164,0,1.0,1,1,0.5990702789492781
1,156.19,156.19,1,132,0,1.0,1,1,0.5908746921548607
1,40.089999999999996,40.089999999999996,1,265,0,1.0,1,1,0.6508283898657342
1,67.69,67.69,2,1,0,1.0,1,1,0.79445143717849
1,177.37,177.37,1,35,0,1.0,1,1,0.6858824496912856
1,43.78,43.78,1,8,0,1.0,1,0,0.4877355072492492
2,77.06,38.53,2,303,0,2.0,1,1,0.9350671073390591
1,33.85,33.85,1,246,0,1.0,1,1,0.6596568321383852
1,205.9,205.9,3,96,0,1.0,1,1,0.7813981547224603
1,266.76,266.76,1,358,0,1.0,1,1,0.8448476565623055
1,163.06,163.06,1,92,0,1.0,1,1,0.617721258783971
1,67.59,67.59,1,47,0,1.0,1,0,0.47740517202102345
1,33.42,33.42,1,299,0,1.0,1,1,0.6543429597225584
1,43.78,43.78,1,108,0,1.0,1,1,0.6562167571322803
1,72.05,72.05,1,137,0,1.0,1,1,0.6299242325711835
1,208.78,208.78,2,6,0,1.0,1,1,0.7215088584286317
1,104.36999999999999,104.36999999999999,1,265,0,1.0,1,1,0.6318076360358004
1,85.8,85.8,1,40,0,1.0,1,1,0.5714080895042234
1,22.03,22.03,1,127,0,1.0,1,1,0.5019115091480036
1,102.15,102.15,1,402,0,1.0,1,1,0.7178267826756123
1,61.11,61.11,1,127,0,1.0,1,1,0.5211448441836556
1,129.0,129.0,1,286,0,1.0,1,1,0.5812188565171994
1,173.27,173.27,1,34,0,1.0,1,0,0.4454503120676485
1,44.75,44.75,1,296,0,1.0,1,1,0.681369422803783
1,90.28,90.28,1,231,0,1.0,1,1,0.5612010242340248
2,295.04,147.52,2,20,28,0.06896551724137931,1,1,0.757517707491998
1,195.91,195.91,1,211,0,1.0,1,1,0.7787019704559718
1,214.01,214.01,1,375,0,1.0,1,1,0.681686618480543
1,216.23,216.23,1,224,0,1.0,1,1,0.7887407005441937
1,59.690000000000005,59.690000000000005,1,98,0,1.0,1,0,0.44449912691901344
1,45.089999999999996,45.089999999999996,1,30,0,1.0,1,1,0.5583059335526567
1,65.05,65.05,1,188,0,1.0,1,1,0.5411457401548995
1,67.22,67.22,1,104,0,1.0,1,1,0.5508711545089389
1,104.26,104.26,1,1,0,1.0,1,1,0.7954152104467763
1,175.77,175.77,1,205,0,1.0,1,1,0.5539667494604317
1,102.86,102.86,1,149,0,1.0,1,1,0.6018911721570904
1,39.089999999999996,39.089999999999996,1,15,0,1.0,1,0,0.487409624700434
1,430.54999999999995,430.54999999999995,1,104,0,1.0,1,1,0.7701612557263828
1,108.77000000000001,108.77000000000001,1,91,0,1.0,1,1,0.5798993811495201
1,34.0,34.0,1,258,0,1.0,1,1,0.6426841566166229
1,183.1,183.1,1,142,0,1.0,1,1,0.5732331588054376
1,128.24,128.24,1,187,0,1.0,1,1,0.5837145940595889
1,118.84,118.84,1,26,0,1.0,1,1,0.5379826399950683
1,196.78,196.78,1,8,0,1.0,1,0,0.3277099592789278
1,58.230000000000004,58.230000000000004,1,0,0,1.0,1,1,0.7805130016049482
1,455.82,455.82,1,246,0,1.0,1,1,0.9618873047527142
1,189.15,189.15,1,126,0,1.0,1,1,0.7562959522212668
1,57.9,57.9,2,340,0,1.0,1,1,0.8324458950052266
1,79.33,79.33,1,386,0,1.0,1,1,0.7174763537447943
1,94.21000000000001,94.21000000000001,1,168,0,1.0,1,1,0.6589574215575706
1,53.79,53.79,1,196,0,1.0,1,1,0.5190170524155219
1,105.2,105.2,1,138,0,1.0,1,1,0.5874768541774485
1,83.41000000000001,83.41000000000001,1,6,0,1.0,1,0,0.3906240948679312
1,187.89000000000001,187.89000000000001,1,30,0,1.0,1,1,0.609308208404984
1,405.72,405.72,2,85,0,1.0,1,1,0.9293078482748128
1,39.75,39.75,1,45,0,1.0,1,0,0.4539946136968332
1,128.93,128.93,1,90,0,1.0,1,1,0.6099842252840282
1,106.81,106.81,1,375,0,1.0,1,1,0.6912385855758427
1,216.72,216.72,2,116,0,1.0,1,1,0.7572803851465458
1,38.0,38.0,1,371,0,1.0,1,1,0.7739181193236989
1,478.66999999999996,478.66999999999996,1,185,0,1.0,1,1,0.9304575440223495
1,106.16000000000001,106.16000000000001,1,159,0,1.0,1,1,0.5953658832047108
1,34.839999999999996,34.839999999999996,1,149,0,1.0,1,1,0.5893944282830269
1,111.01,111.01,1,382,0,1.0,1,1,0.6746226640110617
1,65.71000000000001,65.71000000000001,1,91,0,1.0,1,1,0.5452722609455556
1,113.86,113.86,1,399,0,1.0,1,1,0.7001967369160141
1,19.78,19.78,1,125,0,1.0,1,1,0.7070089214708669
1,93.3,93.3,1,95,0,1.0,1,1,0.6735435710566159
1,134.79999999999998,134.79999999999998,1,511,0,1.0,1,1,0.6723614875175634
1,35.089999999999996,35.089999999999996,1,33,0,1.0,1,0,0.3815104962327846
1,27.08,27.08,1,42,0,1.0,1,0,0.40914240688358705
1,42.41,42.41,1,99,0,1.0,1,1,0.6190853281072404
1,1242.57,1242.57,7,99,0,1.0,1,1,0.9250540021162639
1,31.6,31.6,1,230,0,1.0,1,1,0.7114295284536616
1,34.0,34.0,1,8,0,1.0,1,0,0.4785552627005476
1,98.9,98.9,1,117,0,1.0,1,1,0.5623328270495674
1,123.69,123.69,1,95,0,1.0,1,1,0.5945926895250665
1,24.68,24.68,1,74,0,1.0,1,1,0.5037274588295568
1,28.08,28.08,1,51,0,1.0,1,1,0.5691542468211361
1,140.07999999999998,140.07999999999998,1,113,0,1.0,1,1,0.5729090996102659
1,250.99,250.99,1,67,0,1.0,0,1,0.6368422384728282
1,64.42,64.42,1,366,0,1.0,1,1,0.6911488502449108
1,84.02000000000001,84.02000000000001,1,361,0,1.0,1,1,0.7009978886995887
1,180.6,180.6,1,266,0,1.0,1,1,0.7026275661744651
1,273.18,273.18,1,386,0,1.0,1,1,0.8472886434415586
2,82.82,41.41,2,149,27,0.07142857142857142,1,1,0.5403214511945884
1,244.15,244.15,1,92,0,1.0,1,1,0.7748485622770928
1,164.79,164.79,1,248,0,1.0,1,1,0.5155499508180776
1,45.86,45.86,1,346,0,1.0,1,1,0.6604178689665767
1,189.86999999999998,189.86999999999998,4,268,0,1.0,1,1,0.7381136471086794
1,96.8,96.8,1,100,0,1.0,1,1,0.5746694920021789
1,61.709999999999994,61.709999999999994,1,172,0,1.0,1,1,0.5314487486550228
1,84.62,84.62,1,241,0,1.0,1,1,0.5062986303477719
1,75.17,75.17,1,166,0,1.0,1,1,0.6390863856253081
1,181.81,181.81,1,135,0,1.0,1,1,0.6143323317956637
1,117.85000000000001,117.85000000000001,1,96,0,1.0,1,1,0.6042844203551119
1,48.68,48.68,1,343,0,1.0,1,1,0.6643169768934426
1,448.05,448.05,5,403,0,1.0,1,1,0.9849094524792
1,315.84,315.84,1,6,0,1.0,1,1,0.5615914669140006
1,504.34999999999997,504.34999999999997,1,2,0,1.0,1,1,0.8771674816787498
1,76.17999999999999,76.17999999999999,2,82,0,1.0,1,1,0.6986402816036982
1,24.7,24.7,1,70,0,1.0,1,0,0.4618065618783574
1,132.13,132.13,1,97,0,1.0,1,1,0.6168170379993796
1,198.77,198.77,1,333,0,1.0,1,1,0.733789541574536
1,48.62,48.62,1,240,0,1.0,1,1,0.5276653694510826
1,214.44,214.44,1,157,0,1.0,1,1,0.5959386673850703
1,190.88,190.88,1,4,0,1.0,1,0,0.43091142044436803
1,77.06,77.06,1,403,0,1.0,1,1,0.7307940399526237
1,96.71000000000001,96.71000000000001,1,196,0,1.0,1,1,0.5850501661465295
1,131.96,131.96,1,88,0,1.0,1,1,0.6003288517628853
1,40.75,40.75,1,266,0,1.0,1,1,0.6514268830659907
1,85.14,85.14,1,276,0,1.0,1,1,0.526242032741146
1,79.58,79.58,1,31,0,1.0,1,1,0.5080525648005696
1,138.26,138.26,1,330,0,1.0,1,1,0.7663675683938775
1,246.35000000000002,246.35000000000002,1,22,0,1.0,1,1,0.5463718872624296
1,456.74,456.74,2,109,0,1.0,1,1,0.8068382677731369
1,98.9,98.9,1,299,0,1.0,1,0,0.49727601009841577
1,151.87,151.87,1,290,0,1.0,1,1,0.540663034591043
1,168.36,168.36,1,139,0,1.0,1,1,0.5735166675416888
1,38.9,38.9,1,88,0,1.0,1,1,0.5612016404222595
1,315.11,315.11,1,111,0,1.0,1,1,0.7203815871848257
1,76.66,76.66,1,248,0,1.0,1,1,0.5039232246167726
1,431.06,431.06,1,66,0,1.0,1,1,0.8788772310357551
1,132.59,132.59,1,100,0,1.0,1,1,0.580983630064024
1,73.7,73.7,1,28,0,1.0,1,1,0.5236776541258042
1,246.23,246.23,1,278,0,1.0,1,1,0.8674792324640581
1,127.11000000000001,127.11000000000001,1,133,0,1.0,1,1,0.573462002210128
1,93.48,93.48,1,86,0,1.0,1,1,0.6548913881850945
1,200.28,200.28,2,44,0,1.0,1,0,0.18099864236751143
1,84.15,84.15,1,333,0,1.0,1,1,0.6862714643829687
1,74.07,74.07,1,43,0,1.0,1,1,0.5328939198100356
1,42.58,42.58,1,42,0,1.0,1,1,0.6138944650871019
1,87.96000000000001,87.96000000000001,1,157,0,1.0,1,1,0.6430211220200444
1,85.00999999999999,85.00999999999999,1,48,0,1.0,1,1,0.548434323010762
2,140.55,70.275,2,21,0,2.0,1,1,0.7572875427195207
1,132.59,132.59,1,117,0,1.0,1,1,0.5825653471257267
1,20.77,20.77,1,199,0,1.0,1,1,0.7306301175012134
1,57.800000000000004,57.800000000000004,1,205,0,1.0,1,1,0.5177136626289192
1,41.95,41.95,1,92,0,1.0,1,1,0.6060593469940155
1,257.02,257.02,2,385,0,1.0,1,1,0.8329494984871857
1,65.53999999999999,65.53999999999999,2,48,0,1.0,1,1,0.6327162590821453
1,65.11,65.11,1,281,0,1.0,1,1,0.5422857084740708
1,67.74000000000001,67.74000000000001,1,338,0,1.0,1,1,0.6577991978965788
1,28.0,28.0,1,135,0,1.0,1,1,0.6490080798410722
1,64.17,64.17,1,5,0,1.0,1,1,0.5725943394144559
1,65.24,65.24,1,89,0,1.0,1,1,0.5400602206066603
1,44.1,44.1,1,98,0,1.0,1,1,0.6416641673363542
1,41.0,41.0,1,38,0,1.0,1,1,0.6177734980853634
1,78.09,78.09,1,93,0,1.0,1,1,0.6503950272940084
1,187.34,187.34,1,100,0,1.0,1,1,0.7569183581887703
1,92.68,92.68,1,351,0,1.0,1,1,0.7303994590947214
1,112.13,112.13,1,210,0,1.0,1,1,0.5732704403379243
1,104.11999999999999,104.11999999999999,1,5,0,1.0,1,1,0.6113245697955438
1,558.92,558.92,2,30,0,1.0,1,1,0.9494714463411318
1,168.51000000000002,168.51000000000002,1,110,0,1.0,1,1,0.5860680687899495
2,351.15999999999997,175.57999999999998,2,244,60,0.03278688524590164,1,1,0.8684800794807266
1,122.4,122.4,1,52,0,1.0,1,0,0.4816441032074994
1,52.1,52.1,1,355,0,1.0,1,1,0.6460087391347675
1,220.04,220.04,1,224,0,1.0,1,1,0.796120757161146
1,49.6,49.6,1,263,0,1.0,1,0,0.49678286818831263
1,340.12,340.12,1,55,0,1.0,1,1,0.7599004052270215
1,56.78,56.78,1,104,0,1.0,1,0,0.4827467137329863
1,38.69,38.69,1,88,0,1.0,1,1,0.5612016404222595
1,216.15000000000003,216.15000000000003,3,74,0,1.0,1,1,0.8147061082637926
1,85.03999999999999,85.03999999999999,1,88,0,1.0,1,1,0.6124740565505785
1,721.63,721.63,1,358,0,1.0,1,1,0.9889679276219798
1,58.589999999999996,58.589999999999996,1,97,0,1.0,1,0,0.48953274724570645
1,150.70000000000002,150.70000000000002,1,107,0,1.0,1,1,0.5900584732018703
1,1411.13,1411.13,1,211,0,1.0,1,1,0.9798495137248545
1,249.67,249.67,1,60,0,1.0,0,1,0.6155927740361478
1,72.71000000000001,72.71000000000001,1,45,0,1.0,1,1,0.5230565017711186
1,45.78,45.78,1,137,0,1.0,1,1,0.5486804912518204
1,57.1,57.1,1,161,0,1.0,1,0,0.4923292563553473
1,69.88,69.88,1,121,0,1.0,1,1,0.6458509204651344
1,309.12,309.12,1,328,0,1.0,1,1,0.8033334618334717
1,623.34,623.34,1,115,0,1.0,1,1,0.8763435512795356
1,494.65999999999997,494.65999999999997,1,365,0,1.0,1,1,0.9691940590592374
1,465.23,465.23,1,53,0,1.0,1,1,0.8703379835561412
1,146.44,146.44,1,267,0,1.0,1,1,0.572647391077245
1,165.24,165.24,1,21,0,1.0,1,0,0.4647695479131123
1,228.23999999999998,228.23999999999998,3,268,0,1.0,1,1,0.7195004680025501
1,176.78,176.78,1,75,0,1.0,1,1,0.6893382731335408
1,84.52,84.52,1,328,0,1.0,1,1,0.8322938253872895
1,84.19999999999999,84.19999999999999,1,355,0,1.0,1,1,0.6989585006822597
1,92.67,92.67,1,208,0,1.0,1,1,0.6818247101620197
1,105.28,105.28,1,289,0,1.0,1,1,0.5880022658410252
1,149.15,149.15,1,76,0,1.0,1,1,0.6241797376308924
1,126.48,126.48,1,93,0,1.0,1,1,0.5883514524507151
1,21.43,21.43,1,45,0,1.0,1,0,0.3797561637187393
1,193.5,193.5,1,229,0,1.0,1,1,0.7946696159466476
1,94.3,94.3,1,30,0,1.0,1,1,0.5425558531512948
1,212.95,212.95,5,96,0,1.0,1,1,0.8409465794820566
1,123.87,123.87,1,272,0,1.0,1,1,0.6031972141221884
1,364.0,364.0,6,176,0,1.0,1,1,0.914892097172928
1,231.99,231.99,1,350,0,1.0,1,1,0.7942445669041344
1,57.77,57.77,1,238,0,1.0,1,1,0.5044637763885522
1,98.23,98.23,1,211,0,1.0,1,1,0.5810029057576163
1,148.47,148.47,1,100,0,1.0,1,1,0.591340791181068
1,397.96000000000004,397.96000000000004,3,53,0,1.0,1,1,0.885451887634286
1,208.35,208.35,1,302,0,1.0,0,1,0.7640477906944175
1,371.59,371.59,1,36,0,1.0,1,1,0.6280393389259148
1,60.1,60.1,1,96,0,1.0,1,0,0.46345423925819923
1,57.82,57.82,1,96,0,1.0,1,0,0.48953274724570645
1,65.1,65.1,1,9,0,1.0,1,0,0.4832179795996862
1,512.87,512.87,2,87,0,1.0,1,1,0.9293078482748128
1,98.44,98.44,1,27,0,1.0,1,1,0.5536957315172457
1,58.790000000000006,58.790000000000006,1,301,0,1.0,1,1,0.539802161301916
1,183.84,183.84,1,96,0,1.0,1,1,0.674202832409223
1,72.64,72.64,1,172,0,1.0,1,1,0.6457427046975184
1,94.39999999999999,94.39999999999999,1,129,0,1.0,1,1,0.6663991066587622
1,77.32,77.32,1,238,0,1.0,1,0,0.4993487014096604
1,59.9,59.9,2,375,0,1.0,1,1,0.8160958516331127
1,192.95000000000002,192.95000000000002,1,57,0,1.0,1,1,0.5135754400868247
1,36.0,36.0,1,12,0,1.0,1,0,0.46490517783969165
1,173.82,173.82,1,53,0,1.0,1,1,0.5444434649493766
1,91.28,91.28,1,184,0,1.0,1,1,0.6754640347823172
1,119.84,119.84,1,220,0,1.0,1,1,0.5263292447739373
1,27.68,27.68,1,141,0,1.0,1,1,0.645132853233988
1,50.53,50.53,1,28,0,1.0,1,0,0.4876557649867475
1,163.71,163.71,1,169,0,1.0,1,1,0.5728731656336105
1,45.86,45.86,1,349,0,1.0,1,1,0.6604178689665767
1,104.62,104.62,1,184,0,1.0,1,1,0.6193488440038121
1,18.85,18.85,1,263,0,1.0,1,1,0.6965222326966777
1,230.73,230.73,1,155,0,1.0,1,1,0.7435267673903225
1,158.22,158.22,1,85,0,1.0,1,1,0.6147194998261263
1,230.51999999999998,230.51999999999998,2,202,0,1.0,1,1,0.625778499004567
1,271.31,271.31,1,79,0,1.0,1,1,0.8158780658783179
1,116.24,116.24,1,77,0,1.0,1,1,0.610349347129459
1,36.34,36.34,2,185,0,1.0,1,1,0.7791299856426172
1,102.23,102.23,1,44,0,1.0,1,1,0.5308237170460232
1,47.68,47.68,1,85,0,1.0,1,0,0.4707423604046545
1,71.03999999999999,71.03999999999999,1,157,0,1.0,1,1,0.6729048301416202
2,155.92999999999998,77.96499999999999,2,65,30,0.06451612903225806,1,1,0.5954653781137957
1,118.88000000000001,118.88000000000001,1,386,0,1.0,1,1,0.6563299771931045
1,63.519999999999996,63.519999999999996,1,359,0,1.0,1,1,0.6973653626163435
1,115.94,115.94,1,156,0,1.0,1,1,0.6030697777613206
1,57.489999999999995,57.489999999999995,1,264,0,1.0,1,0,0.48947231746417647
1,566.0699999999999,566.0699999999999,1,42,0,1.0,1,1,0.9773799610392915
1,34.0,34.0,1,38,0,1.0,1,0,0.4501778702574604
1,56.78,56.78,1,96,0,1.0,1,0,0.4850463854534875
1,40.519999999999996,40.519999999999996,1,364,0,1.0,1,1,0.7716894070498966
1,155.14,155.14,2,101,0,1.0,1,1,0.7341067252754863
1,44.089999999999996,44.089999999999996,1,0,0,1.0,1,1,0.8178026646183304
1,68.17999999999999,68.17999999999999,2,208,0,1.0,1,1,0.7635108675265885
1,450.53,450.53,1,8,0,1.0,1,1,0.7738303325345406
1,78.21,78.21,1,125,0,1.0,1,1,0.6444839471572367
1,147.45,147.45,1,29,0,1.0,1,0,0.4683380876930238
1,77.50999999999999,77.50999999999999,1,384,0,1.0,1,1,0.7143061905746311
1,86.14,86.14,1,306,0,1.0,1,1,0.8335784511137185
1,42.69,42.69,1,97,0,1.0,1,1,0.6184612455396693
1,101.63,101.63,1,228,0,1.0,1,1,0.6134766181012701
1,99.33,99.33,1,16,0,1.0,1,1,0.5524803789704295
2,277.81,138.905,2,121,21,0.09090909090909091,1,1,0.6827441702507009
1,37.72,37.72,1,213,0,1.0,1,1,0.6696665580330293
1,173.23000000000002,173.23000000000002,1,277,0,1.0,1,1,0.628677410635737
1,56.84,56.84,1,61,0,1.0,1,1,0.5443616637729074
1,122.84,122.84,4,251,0,1.0,1,1,0.8319083673989236
1,1471.51,1471.51,1,136,0,1.0,1,1,0.9381110525418859
1,41.72,41.72,1,48,0,1.0,1,1,0.6147768977220112
1,71.14,71.14,1,91,0,1.0,1,1,0.6587223081723466
1,619.34,619.34,1,92,0,1.0,1,1,0.8974262724036375
1,170.82000000000002,170.82000000000002,1,217,0,1.0,1,1,0.5886961562003363
1,169.53,169.53,1,104,0,1.0,1,1,0.5860680687899495
1,35.0,35.0,1,43,0,1.0,1,0,0.44216500224808036
1,150.63,150.63,1,102,0,1.0,1,1,0.5900584732018703
1,237.97,237.97,1,281,0,1.0,1,1,0.8674792324640581
1,100.82,100.82,1,295,0,1.0,1,0,0.4790644026130997
1,34.089999999999996,34.089999999999996,1,205,0,1.0,1,1,0.686644413269426
1,43.71,43.71,1,355,0,1.0,1,1,0.7257126127687772
1,226.9,226.9,1,9,0,1.0,1,0,0.4331625411970311
1,115.41999999999999,115.41999999999999,1,375,0,1.0,1,1,0.6717491574915532
1,220.43,220.43,1,176,0,1.0,1,1,0.7391849564085451
1,3736.22,3736.22,1,383,0,1.0,1,1,0.9907373947756813
1,207.55,207.55,1,22,0,1.0,1,1,0.555975722443796
1,129.47,129.47,1,313,0,1.0,1,1,0.7745537328882496
1,209.35999999999999,209.35999999999999,2,26,0,1.0,1,1,0.7435219536916402
1,12.89,12.89,1,261,0,1.0,1,1,0.7008921589502485
1,161.51000000000002,161.51000000000002,1,386,0,1.0,1,1,0.6131330971819278
1,69.84,69.84,1,242,0,1.0,1,1,0.525595002297873
1,152.16,152.16,2,185,0,1.0,1,1,0.7078701956207564
1,25.1,25.1,1,191,0,1.0,1,1,0.5060006028427826
1,105.38,105.38,1,109,0,1.0,1,1,0.6008733217217949
1,105.8,105.8,1,65,0,1.0,1,1,0.5791792027388353
1,71.71,71.71,1,380,0,1.0,1,1,0.6840664922809756
1,62.69,62.69,1,287,0,1.0,1,1,0.5515496114317994
1,166.29,166.29,1,103,0,1.0,1,1,0.5803817307613971
1,225.31,225.31,1,303,0,1.0,1,1,0.8175836191141571
1,59.730000000000004,59.730000000000004,1,352,0,1.0,1,1,0.6269218128558316
1,116.94,116.94,1,92,0,1.0,1,1,0.6260875020959199
1,35.089999999999996,35.089999999999996,1,3,0,1.0,1,0,0.4433750482643332
1,66.50999999999999,66.50999999999999,1,392,0,1.0,1,1,0.5847379925287343
1,92.67,92.67,1,241,0,1.0,1,1,0.5551734086560081
1,41.089999999999996,41.089999999999996,1,294,0,1.0,1,1,0.6664179720865488
1,138.53,138.53,1,47,0,1.0,1,0,0.4991920428692966
1,296.60999999999996,296.60999999999996,1,21,0,1.0,1,1,0.5756205822531628
1,181.68,181.68,1,32,0,1.0,1,1,0.6866798869460372
1,291.66,291.66,1,105,0,1.0,1,1,0.6659412253352935
1,44.089999999999996,44.089999999999996,1,12,0,1.0,1,1,0.575777799147016
1,419.94,419.94,2,39,0,1.0,1,1,0.8619186037269693
1,194.12,194.12,1,9,0,1.0,1,0,0.3709415721145659
1,40.4,40.4,1,93,0,1.0,1,1,0.5894656845000331
1,250.04000000000002,250.04000000000002,1,287,0,1.0,1,1,0.8597256020402874
1,54.0,54.0,1,158,0,1.0,1,0,0.48900420515231663
1,67.78,67.78,1,0,0,1.0,1,1,0.766220067747388
1,406.23,406.23,1,15,0,1.0,1,1,0.7723766897132508
1,84.72,84.72,1,48,0,1.0,1,1,0.548434323010762
1,53.79,53.79,1,90,0,1.0,1,0,0.47978977484140717
1,31.75,31.75,1,220,0,1.0,1,1,0.6895592019240899
1,479.64,479.64,1,306,0,1.0,1,1,0.9719884985570075
1,81.03999999999999,81.03999999999999,2,330,0,1.0,1,1,0.8398215837532823
1,107.78,107.78,1,126,0,1.0,1,1,0.5726519545860863
1,204.07,204.07,1,143,0,1.0,1,1,0.699611570784274
1,189.37,189.37,1,9,0,1.0,1,0,0.32671733231050565
1,326.78,326.78,2,206,0,1.0,1,1,0.8497015371517237
1,67.02,67.02,2,328,0,1.0,1,1,0.9035575190139604
1,37.76,37.76,1,6,0,1.0,1,0,0.4304612198472275
1,35.78,35.78,1,296,0,1.0,1,1,0.621571231660974
1,43.0,43.0,1,96,0,1.0,1,1,0.6184612455396693
1,37.9,37.9,1,70,0,1.0,1,0,0.4835748398291573
1,365.61,365.61,1,305,0,1.0,1,1,0.8551160275894755
1,61.75,61.75,1,91,0,1.0,1,1,0.5309703160989362
1,329.33,329.33,1,365,0,1.0,1,1,0.864415600749813
1,137.27,137.27,1,76,0,1.0,1,1,0.6095935140871565
1,211.82,211.82,1,287,0,1.0,1,1,0.6900991535591341
1,67.5,67.5,1,15,0,1.0,1,0,0.451002317672168
1,140.0,140.0,1,105,0,1.0,1,1,0.570083335014432
1,107.08,107.08,1,220,0,1.0,1,1,0.5492186467509692
1,112.61000000000001,112.61000000000001,1,111,0,1.0,1,1,0.5512595660234731
1,206.87,206.87,1,193,0,1.0,1,1,0.7270464105310165
1,70.65,70.65,1,39,0,1.0,1,0,0.4782237347584004
1,49.91,49.91,1,13,0,1.0,1,0,0.4850897739353591
1,106.16000000000001,106.16000000000001,1,118,0,1.0,1,1,0.6008733217217949
1,59.11,59.11,1,282,0,1.0,1,1,0.5089542742250281
1,33.4,33.4,1,11,0,1.0,1,0,0.4289124620371653
1,82.59,82.59,1,88,0,1.0,1,1,0.6403393982526082
1,65.71000000000001,65.71000000000001,1,27,0,1.0,1,1,0.5128415232410659
1,1988.5300000000002,1988.5300000000002,11,27,0,1.0,0,1,0.9932753356469309
1,147.37,147.37,1,179,0,1.0,1,1,0.5849091219256825
1,71.56,71.56,1,302,0,1.0,1,1,0.5186667395753372
1,111.21000000000001,111.21000000000001,1,350,0,1.0,1,1,0.6573343872530695
1,137.99,137.99,1,261,0,1.0,1,1,0.599880615265209
1,46.37,46.37,1,214,0,1.0,1,1,0.5628263457182062
1,215.14,215.14,1,26,0,1.0,1,1,0.566482013451739
1,211.4,211.4,1,7,0,1.0,1,1,0.5374320857294316
1,113.44,113.44,1,93,0,1.0,1,1,0.5938239280898464
1,56.05,56.05,1,70,0,1.0,1,1,0.5062114765815393
1,92.57,92.57,1,120,0,1.0,1,1,0.6672298583395782
1,73.74000000000001,73.74000000000001,3,223,0,1.0,1,1,0.7584985279571738
1,65.0,65.0,1,285,0,1.0,1,1,0.5431343220973713
1,42.12,42.12,1,173,0,1.0,1,1,0.6356714475304542
1,21.77,21.77,1,141,0,1.0,1,0,0.4842015630473576
1,24.17,24.17,1,134,0,1.0,1,1,0.5553951637698432
1,57.72,57.72,1,75,0,1.0,1,0,0.4895306378369386
1,336.06,336.06,2,42,0,1.0,1,1,0.8080179385768499
1,138.09,138.09,1,109,0,1.0,1,1,0.5742215949228859
1,185.61,185.61,1,351,0,1.0,1,1,0.7242899940146198
1,357.13,357.13,1,325,0,1.0,1,1,0.6258845109070066
2,171.56,85.78,3,48,106,0.018691588785046728,1,1,0.5796345840870842
1,61.01,61.01,1,23,0,1.0,1,1,0.5080109854230818
1,83.93,83.93,1,7,0,1.0,1,0,0.44767754273569815
1,144.4,144.4,1,181,0,1.0,1,1,0.5860925953150381
1,94.99,94.99,1,157,0,1.0,1,1,0.6286873560076403
1,42.58,42.58,1,42,0,1.0,1,1,0.6138944650871019
1,124.28,124.28,1,76,0,1.0,1,1,0.5767409080439125
1,173.86,173.86,1,232,0,1.0,1,1,0.5899097660271231
1,24.28,24.28,1,267,0,1.0,1,1,0.5300547305191589
1,27.64,27.64,1,363,0,1.0,1,1,0.77941705423609
1,143.13,143.13,1,180,0,1.0,0,1,0.5860925953150381
1,48.95,48.95,1,313,0,1.0,1,1,0.8023512361532312
1,270.23,270.23,1,202,0,1.0,0,1,0.8324799260994212
1,60.86,60.86,1,406,0,1.0,1,0,0.4925789556135736
1,273.56,273.56,1,285,0,1.0,1,1,0.8885913820649498
1,161.66,161.66,2,1,0,1.0,1,1,0.7934720332701841
1,41.85,41.85,1,39,0,1.0,1,1,0.6177734980853634
1,156.41,156.41,1,87,0,1.0,1,1,0.6147194998261263
1,138.07999999999998,138.07999999999998,1,229,0,1.0,1,1,0.570205028571607
1,116.2,116.2,2,63,0,1.0,1,1,0.659614484216169
1,106.87,106.87,1,36,0,1.0,1,0,0.4708625826123072
1,37.769999999999996,37.769999999999996,1,72,0,1.0,1,0,0.36059818853088854
2,711.89,355.945,2,184,0,2.0,1,1,0.9684936939845626
1,76.06,76.06,1,382,0,1.0,1,1,0.7335141068615908
1,71.82,71.82,1,160,0,1.0,1,1,0.5978954491097727
2,160.34,80.17,3,253,15,0.125,1,1,0.7038929914606894
1,193.9,193.9,1,142,0,1.0,1,1,0.7200071646180055
1,70.46,70.46,1,329,0,1.0,1,1,0.8308563880211063
1,75.08,75.08,1,67,0,1.0,1,1,0.6015703274957976
1,115.15,115.15,1,121,0,1.0,1,1,0.6068609988240815
1,69.33,69.33,1,206,0,1.0,1,1,0.6601445803551421
1,144.58,144.58,1,301,0,1.0,1,1,0.5285756157151867
1,67.39,67.39,1,17,0,1.0,1,0,0.4667605365028872
1,223.25,223.25,2,47,0,1.0,1,1,0.6754681021549964
1,59.69,59.69,1,245,0,1.0,1,0,0.455585402899684
1,63.37,63.37,1,280,0,1.0,1,1,0.549200977850809
1,114.35000000000001,114.35000000000001,1,96,0,1.0,1,1,0.5953871411933631
1,133.29000000000002,133.29000000000002,1,220,0,1.0,1,1,0.5298652247492357
1,228.67000000000002,228.67000000000002,1,134,0,1.0,1,1,0.7590534566065263
2,407.56,203.78,2,84,0,2.0,1,1,0.9526356476148199
1,54.14,54.14,1,114,0,1.0,1,0,0.4759536504775563
1,44.42,44.42,1,307,0,1.0,1,1,0.8710392884256032
1,167.07000000000002,167.07000000000002,1,10,0,1.0,1,0,0.4723387461758305
1,337.5,337.5,3,120,0,1.0,1,1,0.701630405473714
1,215.62,215.62,1,141,0,1.0,1,1,0.5970345798924738
1,114.28999999999999,114.28999999999999,1,323,0,1.0,1,1,0.7858723492237887
1,137.8,137.8,2,394,0,1.0,1,1,0.8078210435198034
1,76.69,76.69,1,23,0,1.0,1,0,0.48467730829158434
1,382.14,382.14,1,80,0,1.0,1,1,0.9153938894887494
1,323.96,323.96,1,42,0,1.0,1,1,0.6875319958921973
1,204.75,204.75,1,190,0,1.0,1,1,0.7270464105310165
1,148.06,148.06,1,56,0,1.0,1,1,0.5477474349466253
1,137.87,137.87,1,255,0,1.0,1,1,0.598145679892917
1,166.13,166.13,1,101,0,1.0,1,1,0.5803817307613971
1,271.08,271.08,1,147,0,1.0,1,1,0.8352051556818502
1,201.82,201.82,1,87,0,1.0,1,1,0.7950084749243763
1,72.05,72.05,1,72,0,1.0,1,1,0.5776101008080999
1,36.69,36.69,1,44,0,1.0,1,0,0.4406138928096489
1,363.78,363.78,1,191,0,1.0,1,1,0.8148372794826318
1,385.86,385.86,1,23,0,1.0,1,1,0.7832078403656622
1,262.08,262.08,1,146,0,1.0,1,1,0.7590500461389015
1,116.94,116.94,1,93,0,1.0,1,1,0.6260875020959199
1,35.769999999999996,35.769999999999996,1,13,0,1.0,1,0,0.45273053504973754
1,144.47,144.47,1,181,0,1.0,1,1,0.5860925953150381
1,369.86,369.86,2,226,0,1.0,1,1,0.8763581782058917
1,46.019999999999996,46.019999999999996,1,214,0,1.0,1,1,0.5628263457182062
1,392.45,392.45,1,254,0,1.0,1,1,0.9612546324203254
1,156.51,156.51,1,223,0,1.0,1,1,0.535753812431537
1,88.28,88.28,1,68,0,1.0,1,1,0.6168299943381592
1,72.45,72.45,1,226,0,1.0,1,1,0.6391133785462938
1,127.92,127.92,1,14,0,1.0,1,0,0.47829909161764134
1,61.6,61.6,1,74,0,1.0,1,0,0.4740612478412888
1,159.21,159.21,1,180,0,1.0,1,1,0.5836268039464847
1,43.68,43.68,1,160,0,1.0,1,1,0.6634627738646441
1,77.57,77.57,1,136,0,1.0,1,1,0.6408674416182918
1,200.11,200.11,1,277,0,1.0,1,1,0.811559301273101
1,117.16,117.16,1,274,0,1.0,1,1,0.6357563691039504
1,66.0,66.0,2,124,0,1.0,1,1,0.7184305429439369
1,36.12,36.12,1,36,0,1.0,1,0,0.43752441617693527
1,610.57,610.57,1,8,0,1.0,1,1,0.9836709202968783
1,50.78,50.78,1,36,0,1.0,1,0,0.4872418804664025
1,199.36,199.36,1,409,0,1.0,1,1,0.7868938878354325
1,40.86,40.86,1,350,0,1.0,1,1,0.7832250272752984
1,60.75,60.75,1,154,0,1.0,1,1,0.5349647820469302
1,71.82,71.82,1,285,0,1.0,1,0,0.40141330760165944
1,70.91,70.91,1,32,0,1.0,1,0,0.48530051395207086
1,329.98,329.98,1,86,0,1.0,1,1,0.832409908774325
1,82.98,82.98,1,11,0,1.0,1,0,0.4788111331650034
1,76.75999999999999,76.75999999999999,1,79,0,1.0,1,1,0.6184024333574227
1,48.25,48.25,1,391,0,1.0,1,1,0.5852052546216153
1,253.8,253.8,1,41,0,1.0,1,1,0.530121912973726
1,119.94,119.94,1,170,0,1.0,1,1,0.5609080244938519
1,256.05,256.05,1,182,0,1.0,1,1,0.8046243159212552
1,378.05,378.05,1,95,0,1.0,1,1,0.7033928348085517
1,102.28,102.28,1,41,0,1.0,1,1,0.5346832115918034
1,165.8,165.8,1,121,0,1.0,1,1,0.5811979497143874
1,56.5,56.5,1,188,0,1.0,1,1,0.5014568309007147
1,35.0,35.0,1,121,0,1.0,1,1,0.5751406997736207
1,41.58,41.58,1,146,0,1.0,1,1,0.6300647463017748
1,67.62,67.62,1,213,0,1.0,1,1,0.5223781221015342
1,41.71,41.71,1,359,0,1.0,1,1,0.7001817237688399
1,43.54,43.54,2,284,0,1.0,1,1,0.8089613990226435
1,169.37,169.37,1,96,0,1.0,1,1,0.6283442990784197
1,189.62,189.62,1,357,0,1.0,1,1,0.7242333993942617
1,278.15999999999997,278.15999999999997,1,47,0,1.0,1,1,0.6240354508423155
1,57.77,57.77,1,156,0,1.0,1,0,0.49941371308644117
1,165.48,165.48,1,111,0,1.0,1,1,0.5820163367303477
1,82.82,82.82,1,166,0,1.0,1,1,0.6452376319682329
1,53.51,53.51,1,43,0,1.0,1,0,0.48653819480421334
1,362.95,362.95,1,322,0,1.0,1,1,0.5148307131521999
1,66.1,66.1,1,289,0,1.0,1,1,0.5267368407182288
1,192.66,192.66,1,177,0,1.0,1,1,0.751215089777628
1,92.74,92.74,1,141,0,1.0,1,1,0.6613141527088146
1,217.16,217.16,1,62,0,1.0,1,1,0.6236386075551965
1,73.47,73.47,1,129,0,1.0,1,1,0.6558536175617868
1,176.71,176.71,1,107,0,1.0,1,1,0.547952775631537
1,71.72,71.72,1,111,0,1.0,1,1,0.6044956051448541
1,31.75,31.75,1,203,0,1.0,1,1,0.671400879397277
1,279.78,279.78,1,157,0,1.0,1,1,0.8509309019482786
1,93.2,93.2,1,166,0,1.0,1,1,0.6589574215575706
1,32.089999999999996,32.089999999999996,1,278,0,1.0,1,1,0.6505583497141105
1,212.02,212.02,1,244,0,1.0,1,1,0.690957393621148
1,28.09,28.09,1,43,0,1.0,1,1,0.5472978186164696
1,104.42,104.42,1,4,0,1.0,1,1,0.6113245697955438
1,43.69,43.69,1,225,0,1.0,1,1,0.7705751614568416
1,121.98,121.98,1,22,0,1.0,1,0,0.44300700539838855
1,67.5,67.5,1,13,0,1.0,1,0,0.45335178737602916
1,106.77000000000001,106.77000000000001,1,50,0,1.0,1,1,0.5451677207366215
1,43.1,43.1,1,114,0,1.0,1,1,0.595362727303289
1,85.60000000000001,85.60000000000001,1,328,0,1.0,1,1,0.8344713082565756
1,114.44,114.44,1,94,0,1.0,1,1,0.5938239280898464
1,59.4,59.4,1,92,0,1.0,1,0,0.44272289098786965
1,96.8,96.8,1,95,0,1.0,1,1,0.5852730210359167
2,395.83,197.915,2,103,0,2.0,1,1,0.9395384042949257
1,110.02,110.02,2,196,0,1.0,1,1,0.6236519865077557
1,325.93,325.93,1,232,0,1.0,1,1,0.9045504246407412
1,159.32999999999998,159.32999999999998,1,123,0,1.0,1,1,0.5908746921548607
1,46.0,46.0,1,203,0,1.0,1,1,0.5930353455758307
1,275.89,275.89,1,343,0,1.0,1,1,0.8255988681798336
1,811.28,811.28,1,103,0,1.0,1,1,0.9060983120998344
2,372.52,186.26,2,136,241,0.008264462809917356,1,1,0.6002558919958674
1,106.85,106.85,1,295,0,1.0,1,1,0.5966750827266311
1,86.12,86.12,1,367,0,1.0,1,1,0.7107863346762275
1,91.18,91.18,1,257,0,1.0,1,1,0.576134598375157
1,171.01,171.01,1,105,0,1.0,1,1,0.5839658912355106
1,132.95000000000002,132.95000000000002,1,107,0,1.0,1,1,0.580983630064024
1,43.86,43.86,1,318,0,1.0,1,1,0.8719321455684604
1,161.69,161.69,1,16,0,1.0,1,0,0.4825995792892911
1,101.28,101.28,1,329,0,1.0,1,1,0.7932573258100319
1,133.57,133.57,1,97,0,1.0,1,1,0.6126757733031966
1,65.56,65.56,1,162,0,1.0,1,1,0.5407663892789717
1,63.97,63.97,1,180,0,1.0,1,1,0.554248249090566
1,59.6,59.6,1,63,0,1.0,1,1,0.5264808622288649
1,131.57,131.57,1,52,0,1.0,1,1,0.5262297561567816
1,312.52,312.52,1,299,0,1.0,1,1,0.902328491640773
1,151.3,151.3,1,5,0,1.0,1,1,0.5850996304054124
1,171.32,171.32,1,23,0,1.0,1,0,0.47952137633287756
1,143.1,143.1,1,253,0,1.0,1,1,0.5363856666660163
1,55.01,55.01,1,79,0,1.0,1,0,0.46709062519588496
1,77.7,77.7,1,222,0,1.0,1,1,0.5968780636509481
1,55.0,55.0,1,70,0,1.0,1,1,0.5038555863253464
1,285.1,285.1,1,85,0,1.0,1,1,0.8207109041459855
1,89.15,89.15,1,76,0,1.0,1,1,0.6596597330422376
1,89.17,89.17,1,9,0,1.0,1,1,0.5370316516951803
1,282.65000000000003,282.65000000000003,1,123,0,1.0,1,1,0.7019749383392238
1,155.14,155.14,2,145,0,1.0,0,1,0.6793745700380497
1,204.06,204.06,2,222,0,1.0,1,0,0.43989496550685514
1,80.75,80.75,1,359,0,1.0,1,1,0.7207386007027135
1,33.72,33.72,1,87,0,1.0,1,1,0.5760047433673153
1,98.78999999999999,98.78999999999999,1,93,0,1.0,1,1,0.5713731429797884
1,206.92000000000002,206.92000000000002,1,104,0,1.0,1,1,0.7466942337468391
1,61.160000000000004,61.160000000000004,1,184,0,1.0,1,1,0.5360818527824024
1,350.56000000000006,350.56000000000006,3,93,0,1.0,1,1,0.7301304439575566
1,94.3,94.3,1,240,0,1.0,1,1,0.5532273805298203
1,43.25,43.25,1,309,0,1.0,1,1,0.8674235933437429
1,168.28,168.28,1,297,0,1.0,1,1,0.6148837475192795
1,186.36,186.36,1,19,0,1.0,1,1,0.7115289908096422
1,57.800000000000004,57.800000000000004,1,223,0,1.0,1,1,0.5361963608238292
1,155.14,155.14,2,169,0,1.0,1,1,0.7030396498865479
1,135.07999999999998,135.07999999999998,1,69,0,1.0,1,1,0.5409299209114661
1,164.79000000000002,164.79000000000002,1,63,0,1.0,1,1,0.5522063656264723
1,98.37,98.37,1,184,0,1.0,1,1,0.57382864979871
1,85.8,85.8,1,82,0,1.0,1,1,0.6167919330270254
1,105.06,105.06,1,149,0,1.0,1,1,0.5925025182070883
1,219.63,219.63,1,275,0,1.0,1,1,0.8188916358311097
1,31.200000000000003,31.200000000000003,1,76,0,1.0,1,1,0.5411740285966884
1,129.66,129.66,1,44,0,1.0,1,0,0.4569350350150085
1,47.17,47.17,1,44,0,1.0,1,0,0.48946794539632454
1,85.6,85.6,1,261,0,1.0,1,1,0.530714263715465
1,67.53,67.53,1,278,0,1.0,1,0,0.4111066467850695
1,30.75,30.75,1,40,0,1.0,1,0,0.3198806350268499
1,50.5,50.5,1,237,0,1.0,1,1,0.5021137121086342
1,62.83,62.83,1,376,0,1.0,1,1,0.672317053708174
1,428.25,428.25,1,18,0,1.0,1,1,0.7735176586945824
1,99.7,99.7,1,122,0,1.0,1,1,0.5416590873295793
1,147.31,147.31,1,61,0,1.0,1,1,0.5750510710825595
1,74.97,74.97,1,147,0,1.0,1,1,0.6509435099802158
1,153.14,153.14,2,47,0,1.0,1,0,0.42314844478912206
1,190.37,190.37,2,164,0,1.0,1,1,0.5644947307279331
1,132.04999999999998,132.04999999999998,1,28,0,1.0,1,0,0.45470662046737403
1,214.41,214.41,1,41,0,1.0,1,1,0.5916458787801925
1,112.55000000000001,112.55000000000001,1,30,0,1.0,1,0,0.4916215694724293
1,100.33,100.33,1,268,0,1.0,1,0,0.4804121226972461
1,627.06,627.06,2,96,0,1.0,1,1,0.7757767589121873
1,232.95,232.95,1,3,0,1.0,1,0,0.46098687358073875
1,76.08,76.08,1,75,0,1.0,1,1,0.6011925077129504
1,25.84,25.84,1,138,0,1.0,1,0,0.4630624348202412
1,100.91000000000001,100.91000000000001,1,390,0,1.0,1,1,0.6825439680180945
1,279.58,279.58,1,89,0,1.0,1,1,0.8094046570134946
1,63.11,63.11,1,326,0,1.0,1,1,0.8325391745613638
1,162.55,162.55,1,22,0,1.0,1,0,0.4711969520322485
1,153.32,153.32,2,83,0,1.0,1,1,0.747080713987333
1,102.03,102.03,1,280,0,1.0,1,1,0.6319927018419248
1,54.05,54.05,1,166,0,1.0,1,0,0.4873636961667996
1,95.3,95.3,1,23,0,1.0,1,1,0.5606738790298251
1,73.91,73.91,1,12,0,1.0,1,0,0.4775851575955277
1,123.0,123.0,1,199,0,1.0,1,1,0.5742125277146256
1,134.25,134.25,1,1,0,1.0,1,1,0.7041644500779259
1,42.870000000000005,42.870000000000005,1,2,0,1.0,1,1,0.8192259738133675
1,62.83,62.83,1,329,0,1.0,1,1,0.8325391745613638
1,39.089999999999996,39.089999999999996,1,76,0,1.0,1,1,0.5436073573671907
1,143.01,143.01,1,53,0,1.0,1,1,0.5469214928168754
1,120.87,120.87,1,262,0,1.0,1,1,0.6051799032243441
1,239.81,239.81,1,326,0,1.0,1,1,0.8536345624816891
1,394.23999999999995,394.23999999999995,1,202,0,1.0,1,1,0.9259376865756597
1,97.72,97.72,1,161,0,1.0,1,1,0.5526738088497654
1,73.15,73.15,1,12,0,1.0,1,0,0.47662408703591697
1,75.53,75.53,1,285,0,1.0,1,1,0.5265769406618038
1,397.31,397.31,1,37,0,1.0,1,1,0.7694101508059199
1,219.46,219.46,2,312,0,1.0,1,1,0.7670343234451897
1,115.5,115.5,1,48,0,1.0,1,1,0.5568725565575653
1,69.61,69.61,1,63,0,1.0,1,1,0.5166353311555556
1,32.68,32.68,1,323,0,1.0,1,1,0.8870835136779899
1,27.09,27.09,1,262,0,1.0,1,1,0.6485432876561542
1,170.43,170.43,1,14,0,1.0,1,0,0.4889416118011753
1,150.99,150.99,1,508,0,1.0,1,1,0.6670922650216295
1,37.769999999999996,37.769999999999996,1,36,0,1.0,1,0,0.38532519819503225
1,176.26,176.26,1,235,0,1.0,1,1,0.5997992527920963
1,65.61,65.61,1,97,0,1.0,1,1,0.5457457097875735
1,132.07999999999998,132.07999999999998,1,105,0,1.0,1,1,0.580983630064024
1,29.839999999999996,29.839999999999996,1,71,0,1.0,1,0,0.45960088506492736
1,73.34,73.34,1,187,0,1.0,1,1,0.6512947047551799
1,179.56,179.56,1,96,0,1.0,1,1,0.674202832409223
1,35.42,35.42,1,510,0,1.0,1,1,0.7589315144869693
2,218.82,109.41,2,176,25,0.07692307692307693,1,1,0.7193749747519649
1,107.78,107.78,1,105,0,1.0,1,1,0.5728242184259352
1,181.1,181.1,1,372,0,1.0,1,1,0.6742449903221115
1,29.049999999999997,29.049999999999997,1,91,0,1.0,1,1,0.6372755521850912
1,79.94,79.94,1,78,0,1.0,1,1,0.6264139518750382
1,87.64,87.64,1,178,0,1.0,1,1,0.6313487611900849
1,71.14,71.14,1,183,0,1.0,1,1,0.6827092021402972
1,84.62,84.62,1,213,0,1.0,1,1,0.5843335940944521
1,108.76,108.76,1,275,0,1.0,1,1,0.598890008748892
1,699.62,699.62,1,79,0,1.0,1,1,0.9670165234687511
1,2217.99,2217.99,1,394,0,1.0,1,1,0.9916032742791628
2,131.18,65.59,2,274,114,0.017391304347826087,1,1,0.6222436487299996
1,169.99,169.99,1,397,0,1.0,1,1,0.6558430394503614
1,333.86,333.86,1,140,0,1.0,1,1,0.8123685759312355
1,163.06,163.06,1,240,0,1.0,1,1,0.5100179466032781
1,50.09,50.09,1,217,0,1.0,1,1,0.5251081432032876
1,327.77,327.77,1,385,0,1.0,1,1,0.8667102471740342
1,441.79,441.79,1,50,0,1.0,1,1,0.8747114407093648
1,97.76,97.76,1,204,0,1.0,1,1,0.5713851940869736
1,25.5,25.5,1,41,0,1.0,1,0,0.43561061867059797
1,51.75,51.75,1,84,0,1.0,1,0,0.46915304956572756
1,136.37,136.37,1,150,0,1.0,1,1,0.57181177027384
1,173.84,173.84,1,142,0,1.0,1,1,0.5349090775981041
1,143.02,143.02,1,135,0,1.0,1,1,0.5933404835234141
1,109.71000000000001,109.71000000000001,2,26,0,1.0,1,1,0.5240616107518843
1,147.64000000000001,147.64000000000001,1,346,0,1.0,1,1,0.6063210309209575
1,178.34,178.34,1,86,0,1.0,1,1,0.6200844486372371
1,35.839999999999996,35.839999999999996,1,181,0,1.0,1,1,0.5453176711095071
1,53.0,53.0,1,256,0,1.0,1,0,0.480915844622046
1,133.46,133.46,1,175,0,1.0,1,1,0.5713066610771168
1,45.95,45.95,1,380,0,1.0,1,1,0.6101582758969293
1,176.32999999999998,176.32999999999998,1,154,0,1.0,1,1,0.5508784313094333
1,65.53,65.53,1,286,0,1.0,1,1,0.544634342055061
1,68.02,68.02,1,123,0,1.0,1,1,0.649991968589311
1,289.51,289.51,1,49,0,1.0,1,1,0.7583627720497528
1,36.75,36.75,1,158,0,1.0,1,1,0.5503444556651894
1,172.49,172.49,1,306,0,1.0,1,1,0.7651559787903828
1,111.80000000000001,111.80000000000001,1,128,0,1.0,1,1,0.5533265659873051
1,220.01999999999998,220.01999999999998,3,149,0,1.0,1,1,0.764116050717569
1,163.08,163.08,1,2,0,1.0,1,1,0.7318143949879388
1,145.15,145.15,1,239,0,1.0,1,1,0.5246948210940645
1,1225.5900000000001,1225.5900000000001,1,344,0,1.0,1,1,0.9889679276219798
1,61.64,61.64,1,339,0,1.0,1,1,0.6639211019143924
1,58.62,58.62,1,97,0,1.0,1,0,0.47815777896296613
1,44.0,44.0,1,295,0,1.0,1,1,0.6909103995480242
1,65.0,65.0,1,266,0,1.0,1,1,0.5306460830117512
1,204.03,204.03,1,30,0,1.0,1,0,0.4460586228279707
1,137.53,137.53,1,290,0,1.0,1,1,0.553835183733536
1,100.94999999999999,100.94999999999999,1,299,0,1.0,1,0,0.46255421839445615
2,418.51,209.255,3,226,14,0.13333333333333333,1,1,0.5849662489164893
1,27.380000000000003,27.380000000000003,1,276,0,1.0,1,1,0.6487416911209831
1,107.07,107.07,1,139,0,1.0,1,1,0.5874768541774485
1,98.82,98.82,1,210,0,1.0,1,1,0.5810029057576163
1,85.48,85.48,2,244,0,1.0,1,0,0.4327710889198679
1,97.35000000000001,97.35000000000001,2,172,0,1.0,1,1,0.6006401587928176
1,46.58,46.58,1,2,0,1.0,1,1,0.7821397030992058
1,70.8,70.8,1,378,0,1.0,1,1,0.6785446039061162
1,1534.98,1534.98,2,130,0,1.0,1,1,0.6773973291546553
1,68.7,68.7,1,46,0,1.0,1,0,0.4915525550171207
1,102.03,102.03,1,214,0,1.0,1,1,0.5882607408689948
1,82.52000000000001,82.52000000000001,1,95,0,1.0,1,1,0.6576217387099492
1,87.55000000000001,87.55000000000001,1,18,0,1.0,1,1,0.5777315417741015
1,129.11,129.11,1,312,0,1.0,1,1,0.7745537328882496
1,266.68,266.68,4,95,0,1.0,1,1,0.7890606083636673
1,90.17,90.17,1,4,0,1.0,1,1,0.6410392253571309
1,212.02,212.02,1,74,0,1.0,1,1,0.594220099037496
1,128.07,128.07,1,85,0,1.0,1,1,0.592379116996949
1,205.97,205.97,1,17,0,1.0,1,1,0.5577297179473394
1,77.98,77.98,1,28,0,1.0,1,0,0.493556130288727
1,913.6999999999999,913.6999999999999,1,55,0,1.0,1,1,0.9889835782617195
1,39.6,39.6,1,121,0,1.0,1,1,0.6171990633396951
1,94.06,94.06,1,237,0,1.0,1,1,0.5532273805298203
1,163.06,163.06,1,218,0,1.0,1,1,0.5559797361614783
1,68.0,68.0,1,300,0,1.0,1,1,0.5857450202129736
1,55.62,55.62,1,220,0,1.0,1,1,0.5152040430878123
1,152.0,152.0,1,75,0,1.0,1,1,0.551259923685093
1,34.05,34.05,1,91,0,1.0,1,1,0.6068379258537594
1,117.85000000000001,117.85000000000001,1,94,0,1.0,1,1,0.6027212072515951
1,117.94,117.94,1,148,0,1.0,1,1,0.5665353109387861
1,112.81,112.81,1,14,0,1.0,1,1,0.5359639549415316
1,150.64,150.64,1,29,0,1.0,1,0,0.4407596403238319
1,22.46,22.46,1,402,0,1.0,1,1,0.5192657308851762
1,69.81,69.81,1,50,0,1.0,1,0,0.4800782978335052
1,32.089999999999996,32.089999999999996,1,282,0,1.0,1,1,0.6505583497141105
1,25.84,25.84,1,132,0,1.0,1,0,0.4630624348202412
1,38.01,38.01,1,44,0,1.0,1,0,0.4851433872153413
1,259.6,259.6,1,162,0,1.0,1,1,0.7995303391372133
1,243.01,243.01,1,202,0,1.0,1,1,0.8002226900205119
1,60.75,60.75,1,194,0,1.0,1,1,0.5351322884098565
1,163.79,163.79,1,84,0,1.0,1,1,0.6085305637126465
1,141.96,141.96,1,64,0,1.0,1,1,0.5738900456362266
1,92.87,92.87,1,90,0,1.0,1,1,0.6683235658537208
1,125.88000000000001,125.88000000000001,1,379,0,1.0,1,1,0.6405969027979186
1,1328.0800000000002,1328.0800000000002,1,297,0,1.0,1,1,0.9866290784735372
1,188.4,188.4,1,96,0,1.0,1,1,0.7833153115129606
1,148.16,148.16,1,126,0,1.0,1,1,0.5921570101340583
1,68.3,68.3,1,124,0,1.0,1,1,0.649991968589311
1,167.20000000000002,167.20000000000002,1,246,0,1.0,1,1,0.5038812622463029
1,75.88,75.88,1,73,0,1.0,1,1,0.564277612384711
1,112.53999999999999,112.53999999999999,1,253,0,1.0,1,1,0.519871643082656
1,94.2,94.2,2,279,0,1.0,1,0,0.370137134969316
1,37.089999999999996,37.089999999999996,1,78,0,1.0,1,1,0.5060570152602678
1,77.57,77.57,1,142,0,1.0,1,1,0.6408674416182918
1,64.42,64.42,1,340,0,1.0,1,1,0.6951481533536162
1,55.46,55.46,1,356,0,1.0,1,1,0.6460489855781286
1,132.03,132.03,1,136,0,1.0,1,1,0.5720627105700192
1,91.92,91.92,2,369,0,1.0,1,1,0.7907927692964924
1,60.0,60.0,1,62,0,1.0,1,1,0.5313778115167017
1,47.42,47.42,1,250,0,1.0,1,1,0.5393720513202105
1,163.79,163.79,1,4,0,1.0,1,1,0.5833970141452277
1,138.06,138.06,1,110,0,1.0,1,1,0.5742215949228859
1,90.88000000000001,90.88000000000001,1,34,0,1.0,1,1,0.5659959472918707
1,165.24,165.24,1,11,0,1.0,1,0,0.4681928488161926
1,60.86,60.86,1,332,0,1.0,1,1,0.6328869025674145
1,308.83,308.83,1,95,0,1.0,1,1,0.6634880420840596
1,45.089999999999996,45.089999999999996,1,5,0,1.0,1,1,0.622787888881586
1,224.12,224.12,1,49,0,1.0,1,1,0.6129772449478855
1,65.0,65.0,1,77,0,1.0,1,1,0.5409150479028252
1,100.34,100.34,1,86,0,1.0,1,1,0.5375154300808819
1,63.82,63.82,1,268,0,1.0,1,1,0.5365168775442531
1,185.26,185.26,1,407,0,1.0,1,1,0.777069829237582
1,78.65,78.65,1,13,0,1.0,1,1,0.5022301838147063
1,163.52999999999997,163.52999999999997,3,91,0,1.0,1,1,0.8115124893013004
2,1237.39,618.695,2,237,78,0.02531645569620253,1,1,0.8766748357392462
1,57.1,57.1,1,92,0,1.0,1,0,0.4819444239701545
1,323.96,323.96,1,91,0,1.0,1,1,0.7242036951818281
1,21.43,21.43,1,71,0,1.0,1,0,0.4756521143125505
1,53.59,53.59,1,99,0,1.0,1,0,0.4733960777376593
1,88.74,88.74,1,203,0,1.0,1,1,0.6684752302775302
1,52.78,52.78,1,150,0,1.0,1,0,0.48900420515231663
1,336.48,336.48,1,111,0,1.0,1,1,0.7203815871848257
1,117.94,117.94,1,223,0,1.0,1,1,0.5377120464980698
1,48.62,48.62,1,94,0,1.0,1,0,0.48764821907549133
1,378.17999999999995,378.17999999999995,1,166,0,1.0,1,1,0.9055220636471801
1,68.66,68.66,1,96,0,1.0,1,1,0.6535066609682882
1,73.18,73.18,1,335,0,1.0,1,1,0.724837220299966
1,156.64000000000001,156.64000000000001,1,99,0,1.0,1,1,0.6214047398660439
1,261.01,261.01,1,12,0,1.0,1,0,0.42451843136903034
1,200.93,200.93,1,37,0,1.0,1,0,0.2670348659385621
1,359.19000000000005,359.19000000000005,1,235,0,1.0,1,1,0.7097450034520758
1,223.32,223.32,1,148,0,1.0,1,1,0.72343081333577
2,108.78,54.39,2,22,0,2.0,1,1,0.8886662738297023
1,125.52,125.52,1,100,0,1.0,1,1,0.573673381246656
1,335.48,335.48,1,40,0,1.0,1,1,0.5499188204841418
1,176.23000000000002,176.23000000000002,1,306,0,1.0,0,1,0.7690470635510328
1,34.42,34.42,1,355,0,1.0,1,1,0.7945463762531308
1,104.35000000000001,104.35000000000001,1,306,0,1.0,1,1,0.8128670824891664
1,150.14000000000001,150.14000000000001,1,13,0,1.0,1,0,0.4982384706004068
1,47.68,47.68,1,275,0,1.0,1,0,0.4926953667991736
1,1084.71,1084.71,1,232,0,1.0,1,1,0.9824992421159616
1,157.76999999999998,157.76999999999998,1,94,0,1.0,1,1,0.62594561305412
1,381.88,381.88,1,77,0,1.0,1,1,0.9180655800021278
1,113.42999999999999,113.42999999999999,1,152,0,1.0,1,1,0.5728107939899317
1,64.62,64.62,1,147,0,1.0,1,1,0.5387695330715494
1,163.06,163.06,1,135,0,1.0,1,1,0.5848972625368584
1,491.40999999999997,491.40999999999997,1,0,0,1.0,1,1,0.8538112669916142
1,85.15,85.15,1,133,0,1.0,1,1,0.6263656275841025
1,22.84,22.84,1,37,0,1.0,1,0,0.43957601311908007
1,43.9,43.9,1,75,0,1.0,1,1,0.5099850726782346
1,140.07999999999998,140.07999999999998,1,148,0,1.0,1,1,0.5591767731404608
1,242.99,242.99,1,393,0,1.0,1,1,0.8646250210512604
1,488.68,488.68,4,17,0,1.0,1,1,0.9288958442511459
1,321.58,321.58,1,103,0,1.0,1,1,0.6687553878643311
1,238.25,238.25,1,104,0,1.0,1,1,0.7657548245630716
1,152.06,152.06,1,346,0,1.0,1,1,0.6079364265398346
1,71.02,71.02,1,361,0,1.0,1,1,0.7001858243002093
1,343.88,343.88,2,401,0,1.0,1,1,0.9261584987714929
1,30.439999999999998,30.439999999999998,1,16,0,1.0,1,0,0.33332213635730934
1,685.7,685.7,1,41,0,1.0,1,1,0.9947007818646573
1,26.84,26.84,1,10,0,1.0,1,1,0.5110650310461531
1,29.689999999999998,29.689999999999998,1,242,0,1.0,1,1,0.6672542388765398
1,47.82,47.82,1,227,0,1.0,1,1,0.5777564787444642
1,305.67999999999995,305.67999999999995,1,32,0,1.0,1,1,0.5805920743497075
1,54.0,54.0,1,136,0,1.0,1,0,0.4900752482533611
1,268.19,268.19,1,93,0,1.0,1,1,0.7132456281772651
1,44.62,44.62,1,128,0,1.0,1,1,0.6535097386225192
1,88.91999999999999,88.91999999999999,1,356,0,1.0,1,1,0.727001799912573
1,90.66000000000001,90.66000000000001,1,184,0,1.0,1,1,0.6754640347823172
1,566.05,566.05,1,156,0,1.0,1,1,0.9633751141946074
1,197.52,197.52,1,331,0,1.0,1,1,0.7213019984586498
1,95.67,95.67,1,23,0,1.0,1,1,0.5535152771260172
1,204.45000000000002,204.45000000000002,1,291,0,1.0,1,1,0.771320039736448
1,185.59,185.59,2,32,0,1.0,1,1,0.7212198309833038
1,148.15,148.15,1,233,0,1.0,1,1,0.509607282954799
1,38.41,38.41,1,385,0,1.0,1,1,0.7525173006282238
1,243.33,243.33,1,95,0,1.0,1,1,0.7748485622770928
1,98.66000000000001,98.66000000000001,1,308,0,1.0,1,1,0.7820045426788429
1,102.53,102.53,1,153,0,1.0,1,1,0.604754537154713
1,87.72999999999999,87.72999999999999,1,295,0,1.0,1,1,0.5523157216959005
1,77.44,77.44,2,42,0,1.0,1,1,0.6035349968955158
1,61.800000000000004,61.800000000000004,1,163,0,1.0,0,1,0.5263215189881376
1,63.269999999999996,63.269999999999996,1,23,0,1.0,1,1,0.5137021845132692
1,87.30000000000001,87.30000000000001,1,138,0,1.0,1,1,0.6397013841917564
1,116.36000000000001,116.36000000000001,1,155,0,1.0,1,1,0.6030697777613206
1,111.80000000000001,111.80000000000001,1,89,0,1.0,1,1,0.5431899723851223
1,93.21000000000001,93.21000000000001,1,192,0,1.0,1,1,0.6727087253884441
1,32.1,32.1,1,210,0,1.0,1,1,0.6940959045438985
1,158.22,158.22,1,19,0,1.0,1,0,0.4858979402303269
1,37.769999999999996,37.769999999999996,1,210,0,1.0,1,1,0.6692101852343849
1,143.57999999999998,143.57999999999998,1,342,0,1.0,1,1,0.6075045043103133
1,116.85000000000001,116.85000000000001,1,27,0,1.0,1,1,0.5379826399950683
1,1378.79,1378.79,1,74,0,1.0,1,1,0.9977153968943363
1,166.71,166.71,1,179,0,1.0,1,1,0.5739500615060115
1,224.5,224.5,1,96,0,1.0,1,1,0.775356519194064
1,243.76,243.76,1,367,0,1.0,1,1,0.8400352337253063
1,88.2,88.2,2,84,0,1.0,1,1,0.5748260802172015
1,151.18,151.18,1,380,0,1.0,1,1,0.6147225632827863
1,121.69,121.69,1,77,0,1.0,1,1,0.5754914708146631
1,54.06,54.06,1,365,0,1.0,1,1,0.6468206526394594
1,224.17000000000002,224.17000000000002,1,171,0,1.0,1,1,0.7406707101303237
1,212.88,212.88,1,66,0,1.0,1,1,0.6804505089584031
1,147.69,147.69,1,185,0,1.0,1,1,0.5927898677124915
1,36.69,36.69,1,176,0,1.0,1,1,0.5282639232281257
1,148.03,148.03,1,36,0,1.0,1,0,0.4641485006520544
1,394.77,394.77,1,253,0,1.0,1,1,0.9618873047527142
1,75.67999999999999,75.67999999999999,1,93,0,1.0,1,1,0.6462735417217479
1,49.85,49.85,1,142,0,1.0,1,0,0.483785332049398
1,153.09,153.09,1,72,0,1.0,1,0,0.4981512906170211
1,90.28,90.28,1,8,0,1.0,1,1,0.5386094795230081
1,132.04999999999998,132.04999999999998,1,82,0,1.0,1,1,0.602202430662385
1,46.69,46.69,1,107,0,1.0,1,1,0.5390991160998435
1,35.0,35.0,1,130,0,1.0,1,1,0.5751406997736207
1,321.82,321.82,1,35,0,1.0,1,1,0.5978643684029109
1,43.519999999999996,43.519999999999996,1,307,0,1.0,1,1,0.8710392884256032
1,81.7,81.7,2,96,0,1.0,1,1,0.6283318859282374
1,284.05,284.05,1,304,0,1.0,1,1,0.8515189613217686
1,115.2,115.2,2,259,0,1.0,1,1,0.7329247862305406
1,145.29,145.29,1,97,0,1.0,1,1,0.6299746175261901
1,87.86000000000001,87.86000000000001,1,170,0,1.0,1,1,0.6392906811667002
1,32.089999999999996,32.089999999999996,1,256,0,1.0,1,1,0.6484181682162984
2,67.0,33.5,2,181,19,0.1,1,1,0.664674545972209
1,35.05,35.05,1,31,0,1.0,1,0,0.4073494614183358
1,103.98,103.98,1,72,0,1.0,1,1,0.5738515510685486
1,67.98,67.98,1,89,0,1.0,1,1,0.639801712355155
1,28.78,28.78,1,328,0,1.0,1,1,0.8670514052825181
1,75.17,75.17,1,96,0,1.0,1,1,0.6482654681619052
1,328.14,328.14,2,93,0,1.0,1,1,0.8445600364845381
1,103.55000000000001,103.55000000000001,1,97,0,1.0,1,1,0.6216256877246328
1,232.22,232.22,2,232,0,1.0,1,1,0.6196232255814862
1,127.17,127.17,1,36,0,1.0,1,0,0.40202084594747134
1,246.92000000000002,246.92000000000002,1,67,0,1.0,1,1,0.6368422384728282
1,60.85,60.85,1,61,0,1.0,1,1,0.5695238511326447
1,32.77,32.77,1,387,0,1.0,1,1,0.7770905015722916
1,233.39999999999998,233.39999999999998,3,122,0,1.0,1,1,0.7904180513944989
1,38.0,38.0,1,103,0,1.0,1,1,0.5788842671550176
1,71.14,71.14,1,212,0,1.0,1,1,0.6383467544039994
1,350.02,350.02,1,178,0,1.0,1,1,0.8574085102829375
1,334.82000000000005,334.82000000000005,2,180,0,1.0,1,1,0.8569186594802367
1,130.26,130.26,1,331,0,1.0,1,1,0.5834013734217999
1,54.09,54.09,1,37,0,1.0,1,0,0.49659412974726574
1,157.3,157.3,2,80,0,1.0,1,1,0.7453068009438547
1,73.34,73.34,1,20,0,1.0,1,1,0.5245012287354743
1,146.96,146.96,1,171,0,1.0,1,1,0.5826721673161301
1,156.58,156.58,1,344,0,1.0,1,1,0.6079364265398346
1,185.94,185.94,1,131,0,1.0,1,1,0.7562959522212668
1,42.94,42.94,1,2,0,1.0,1,1,0.8192259738133675
1,354.16,354.16,2,110,0,1.0,1,1,0.803210898129668
1,217.06,217.06,1,254,0,1.0,1,1,0.8128880883957824
2,123.47,61.735,2,45,60,0.03278688524590164,1,0,0.3859585385166281
1,101.84,101.84,1,19,0,1.0,1,1,0.5503413807070091
1,24.84,24.84,1,93,0,1.0,1,0,0.4034092541261022
1,128.5,128.5,1,104,0,1.0,1,1,0.580983630064024
1,38.75,38.75,1,210,0,1.0,1,1,0.6737147489029561
1,126.42,126.42,1,378,0,1.0,1,1,0.6405969027979186
1,45.61,45.61,1,28,0,1.0,1,1,0.5603818940959655
1,208.88,208.88,1,19,0,1.0,1,1,0.555595571605876
1,72.14,72.14,1,168,0,1.0,1,1,0.630720856476528
1,94.21000000000001,94.21000000000001,1,95,0,1.0,1,1,0.6735435710566159
1,119.25,119.25,1,42,0,1.0,1,0,0.42217287040633306
1,272.61,272.61,1,355,0,1.0,1,1,0.8448476565623055
1,137.6,137.6,1,396,0,1.0,1,1,0.6697588301395696
1,306.78,306.78,1,1,0,1.0,1,1,0.702218170019262
1,772.51,772.51,1,285,0,1.0,1,1,0.9818372464399533
1,185.93,185.93,1,210,0,1.0,1,1,0.7399744729128384
1,50.24,50.24,1,178,0,1.0,1,0,0.4785415695681301
1,134.92,134.92,2,106,0,1.0,1,1,0.7181869729074716
1,55.910000000000004,55.910000000000004,1,407,0,1.0,1,1,0.591715132208741
1,91.06,91.06,1,137,0,1.0,1,1,0.6613141527088146
1,502.80000000000007,502.80000000000007,3,92,0,1.0,1,1,0.8076593018243543
1,167.20000000000002,167.20000000000002,1,33,0,1.0,1,0,0.4436305981203039
1,59.129999999999995,59.129999999999995,1,288,0,1.0,1,1,0.512243529480851
1,44.0,44.0,1,195,0,1.0,1,1,0.7102230989894831
1,56.4,56.4,1,68,0,1.0,1,1,0.5283810632602436
1,27.619999999999997,27.619999999999997,1,56,0,1.0,1,0,0.454579114229529
1,30.1,30.1,1,11,0,1.0,1,0,0.317992463988236
1,162.04000000000002,162.04000000000002,1,162,0,1.0,1,1,0.5758354650771537
1,121.28,121.28,1,336,0,1.0,1,1,0.6011776020266258
1,155.59,155.59,1,338,0,1.0,1,1,0.6002491254176786
1,40.01,40.01,1,3,0,1.0,1,0,0.3414170221228114
1,299.59,299.59,1,140,0,1.0,1,1,0.7897118656670737
1,215.05,215.05,1,42,0,1.0,1,1,0.5916458787801925
1,26.71,26.71,1,304,0,1.0,1,1,0.7872530199889504
1,148.88,148.88,2,216,0,1.0,1,1,0.6787357413525434
1,105.28,105.28,1,281,0,1.0,1,1,0.6216027317335587
1,120.65,120.65,1,241,0,1.0,1,1,0.5539273500822962
1,127.9,127.9,1,52,0,1.0,1,0,0.49349343754518693
1,27.380000000000003,27.380000000000003,1,266,0,1.0,1,1,0.6485432876561542
1,111.62,111.62,1,48,0,1.0,1,1,0.5433123186771247
1,89.28,89.28,1,48,0,1.0,1,1,0.5732339016387613
1,106.87,106.87,1,43,0,1.0,1,0,0.4849111241036629
1,106.02000000000001,106.02000000000001,1,275,0,1.0,1,1,0.6169362264478481
1,211.56,211.56,1,364,0,1.0,1,1,0.6699062299043811
1,20.75,20.75,1,219,0,1.0,1,1,0.763992270085868
1,31.38,31.38,1,3,0,1.0,1,0,0.46513152053017565
1,21.43,21.43,1,4,0,1.0,1,1,0.6428728940341537
1,171.13,171.13,1,307,0,1.0,1,1,0.7672535620097171
1,242.8,242.8,1,16,0,1.0,1,1,0.5366206100005865
1,142.96,142.96,1,197,0,1.0,1,1,0.5931640598341618
1,204.06,204.06,2,292,0,1.0,1,0,0.4860157347237675
1,194.48,194.48,1,193,0,1.0,1,1,0.745717657386098
1,117.53,117.53,1,364,0,1.0,1,1,0.6544560020918144
1,220.71,220.71,1,349,0,1.0,1,1,0.77062168320365
1,303.75,303.75,1,169,0,1.0,1,1,0.8452816162620287
1,59.9,59.9,2,312,0,1.0,1,1,0.9047701396736647
1,319.58,319.58,1,11,0,1.0,1,1,0.5062102662457204
1,74.77,74.77,1,238,0,1.0,1,1,0.5256796254445579
1,104.7,104.7,1,301,0,1.0,1,1,0.5930799372949384
1,96.35,96.35,1,227,0,1.0,1,1,0.5699624811371012
1,65.7,65.7,1,359,0,1.0,1,1,0.6911488502449108
1,84.85,84.85,1,164,0,1.0,1,1,0.6141808813994624
1,132.17,132.17,1,289,0,1.0,1,1,0.5627683881884185
1,177.49,177.49,1,3,0,1.0,1,1,0.7249176340771069
1,137.07999999999998,137.07999999999998,1,225,0,1.0,1,1,0.570205028571607
1,97.17,97.17,1,77,0,1.0,1,1,0.5693160069966197
1,428.08,428.08,1,97,0,1.0,1,1,0.7669245623098515
1,89.52,89.52,1,377,0,1.0,1,1,0.745225099046189
1,369.59999999999997,369.59999999999997,1,111,0,1.0,1,1,0.6565330175826322
1,449.42999999999995,449.42999999999995,1,27,0,1.0,1,1,0.7832078403656622
1,112.71000000000001,112.71000000000001,1,202,0,1.0,1,1,0.5671568414336715
1,357.81,357.81,1,32,0,1.0,1,1,0.5644323295176461
1,89.07,89.07,1,354,0,1.0,1,1,0.727001799912573
1,98.8,98.8,1,37,0,1.0,1,1,0.5588549633469431
1,780.59,780.59,1,265,0,1.0,1,1,0.9820942574087856
1,87.64,87.64,1,228,0,1.0,1,1,0.6298481897190555
1,181.60000000000002,181.60000000000002,1,14,0,1.0,1,1,0.725039970136344
1,171.81,171.81,1,82,0,1.0,1,1,0.6244767506890428
1,245.0,245.0,2,82,0,1.0,1,1,0.8789172122454039
1,194.38,194.38,1,255,0,1.0,1,1,0.8092848644817349
1,171.72,171.72,1,79,0,1.0,1,1,0.6209559747339691
1,39.230000000000004,39.230000000000004,1,342,0,1.0,1,1,0.7860150741299382
1,71.71,71.71,1,330,0,1.0,1,1,0.8150623871659315
1,232.77,232.77,2,235,0,1.0,1,1,0.6196232255814862
1,167.29,167.29,1,229,0,1.0,1,1,0.5658508319934967
1,180.1,180.1,2,157,0,1.0,1,1,0.7215416613480579
1,115.45,115.45,1,86,0,1.0,1,1,0.6034579022935409
1,133.87,133.87,2,88,0,1.0,1,1,0.7308556630628728
1,51.0,51.0,1,175,0,1.0,1,0,0.4832211272767491
1,97.94,97.94,1,241,0,1.0,1,0,0.4738162886348379
1,46.66,46.66,2,283,0,1.0,1,1,0.7170381295078785
1,304.77,304.77,1,92,0,1.0,1,1,0.7025914220952595
1,95.75999999999999,95.75999999999999,1,153,0,1.0,1,1,0.5730080917659115
1,56.69,56.69,1,133,0,1.0,1,0,0.4967700614565973
1,111.89,111.89,1,20,0,1.0,1,1,0.5247633726568918
1,118.17,118.17,1,182,0,1.0,1,1,0.5772065484421112
1,82.73,82.73,1,272,0,1.0,1,1,0.5217069331830748
1,114.9,114.9,1,344,0,1.0,1,1,0.654460880733561
1,188.75,188.75,5,73,0,1.0,1,1,0.5379523818305353
1,155.64000000000001,155.64000000000001,1,27,0,1.0,1,0,0.4833672753466096
1,146.96,146.96,1,114,0,1.0,1,1,0.5929753971500187
1,159.51000000000002,159.51000000000002,1,233,0,1.0,1,1,0.5076816106475174
1,215.14,215.14,1,39,0,1.0,1,1,0.529304378531927
1,69.5,69.5,2,42,0,1.0,1,1,0.6253585534810082
1,27.68,27.68,1,83,0,1.0,1,1,0.6213951985821854
1,247.04,247.04,2,33,0,1.0,1,1,0.6905213732145671
1,135.29,135.29,1,143,0,1.0,1,1,0.5633154014952838
1,93.92,93.92,1,15,0,1.0,1,1,0.5698346921033074
1,47.0,47.0,1,0,0,1.0,1,1,0.7779200899161286
1,65.0,65.0,1,186,0,1.0,1,1,0.5444224872110733
1,94.39999999999999,94.39999999999999,1,108,0,1.0,1,1,0.6647479300635906
1,125.9,125.9,1,95,0,1.0,1,1,0.5945926895250665
1,43.78,43.78,1,114,0,1.0,1,1,0.6562167571322803
1,619.44,619.44,1,84,0,1.0,1,1,0.9486113652939878
1,185.93,185.93,1,311,0,1.0,1,1,0.8298903397866129
1,164.79,164.79,1,266,0,1.0,1,1,0.5706910492059397
1,62.65,62.65,1,333,0,1.0,1,1,0.7035368106249916
2,355.84000000000003,177.92000000000002,5,180,0,2.0,1,1,0.9498192648877667
1,32.51,32.51,1,335,0,1.0,1,1,0.8155069899347094
1,1147.5,1147.5,1,299,0,1.0,1,1,0.9866290784735372
1,103.11000000000001,103.11000000000001,1,332,0,1.0,1,1,0.6658947526403121
1,33.08,33.08,1,22,0,1.0,1,0,0.43670264710953915
1,28.86,28.86,1,383,0,1.0,1,1,0.753198020681827
1,112.13,112.13,1,182,0,1.0,1,1,0.5586972991373715
1,293.2,293.2,2,381,0,1.0,1,1,0.9013478992135716
1,55.0,55.0,1,190,0,1.0,1,0,0.49327486122939734
1,198.41,198.41,1,141,0,1.0,1,1,0.7400459214920286
1,86.15,86.15,1,176,0,1.0,1,1,0.6116805912375554
1,123.71000000000001,123.71000000000001,1,163,0,1.0,1,1,0.5613510671333974
1,82.98,82.98,1,248,0,1.0,1,1,0.5164910276306003
1,91.77,91.77,1,378,0,1.0,1,1,0.745225099046189
1,45.95,45.95,1,308,0,1.0,1,1,0.7932741852136047
1,38.089999999999996,38.089999999999996,1,183,0,1.0,1,1,0.6583749308727063
1,53.05,53.05,1,170,0,1.0,1,0,0.4854175002861776
1,36.49,36.49,1,371,0,1.0,1,1,0.7691441351105166
1,47.34,47.34,1,189,0,1.0,1,1,0.5729464649756772
1,671.6999999999999,671.6999999999999,1,109,0,1.0,1,1,0.8756210817275119
1,117.94,117.94,1,103,0,1.0,1,1,0.5815677264557864
1,178.59,178.59,1,89,0,1.0,1,0,0.4859424021656123
1,77.57,77.57,1,202,0,1.0,1,1,0.6501684032998841
1,137.6,137.6,1,70,0,1.0,1,1,0.5409299209114661
1,144.45,144.45,1,10,0,1.0,1,0,0.49248386385002885
1,81.21000000000001,81.21000000000001,1,236,0,1.0,1,1,0.5009241816187944
1,130.01999999999998,130.01999999999998,2,313,0,1.0,1,1,0.8599516396769245
1,70.72,70.72,1,37,0,1.0,1,0,0.4950815531956124
1,25.1,25.1,1,416,0,1.0,1,1,0.699743281771655
1,60.86,60.86,1,288,0,1.0,1,0,0.4995950755674862
1,220.58,220.58,1,50,0,1.0,1,1,0.578998014341548
1,121.09,121.09,1,157,0,1.0,1,1,0.5705807133788366
1,424.82,424.82,2,51,0,1.0,1,1,0.9031285532782554
1,69.49,69.49,1,101,0,1.0,1,1,0.6306860639947289
1,33.769999999999996,33.769999999999996,1,135,0,1.0,1,1,0.6069612634392539
1,65.46,65.46,1,347,0,1.0,1,1,0.6951481533536162
1,348.89,348.89,1,347,0,1.0,1,1,0.8392196799045267
1,131.07999999999998,131.07999999999998,1,79,0,1.0,1,1,0.5986816547073113
1,42.69,42.69,1,25,0,1.0,1,1,0.613443139184462
1,135.07999999999998,135.07999999999998,1,90,0,1.0,1,1,0.6058429605878453
1,33.75,33.75,1,32,0,1.0,1,0,0.3125257727141232
1,91.86000000000001,91.86000000000001,1,20,0,1.0,1,1,0.5800560362685959
1,133.28,133.28,1,87,0,1.0,1,1,0.5977774114336671
1,76.08,76.08,1,223,0,1.0,1,1,0.5979634251748154
1,78.71,78.71,1,291,0,1.0,1,1,0.545730887842583
1,155.73,155.73,1,93,0,1.0,1,1,0.62594561305412
1,113.03,113.03,1,277,0,1.0,1,1,0.5842496282428586
1,41.69,41.69,1,267,0,1.0,1,1,0.634233831214886
1,38.42,38.42,1,391,0,1.0,1,1,0.7525173006282238
1,328.5,328.5,5,154,0,1.0,1,1,0.9187622372994342
2,413.97,206.985,2,266,112,0.017699115044247787,1,1,0.8874125149734007
1,192.64,192.64,2,98,0,1.0,1,1,0.7287136927750646
1,197.95,197.95,1,216,0,1.0,1,1,0.7813200035452103
1,368.52,368.52,1,122,0,1.0,1,1,0.5804456557095532
2,254.84,127.42,2,324,21,0.09090909090909091,1,1,0.7921198336247184
1,61.75,61.75,1,295,0,1.0,1,0,0.4952271569503331
1,342.02,342.02,1,35,0,1.0,1,1,0.5714217853553005
1,103.30000000000001,103.30000000000001,1,169,0,1.0,1,1,0.6010240963013687
1,20.55,20.55,1,29,0,1.0,1,0,0.4360903676411894
1,149.69,149.69,1,78,0,1.0,1,1,0.6144669682283321
1,68.9,68.9,1,285,0,1.0,1,1,0.53869865422541
1,147.15,147.15,1,39,0,1.0,1,0,0.4873570118027448
1,72.53,72.53,1,11,0,1.0,1,0,0.4831308344752164
1,116.94,116.94,1,55,0,1.0,1,1,0.5706084307494727
1,47.68,47.68,1,32,0,1.0,1,0,0.4896658779616597
1,251.09,251.09,1,260,0,1.0,1,1,0.8674348850352012
1,194.08,194.08,1,90,0,1.0,1,1,0.7953723734809292
1,91.06,91.06,1,46,0,1.0,1,1,0.569395219970852
1,75.07,75.07,1,35,0,1.0,1,1,0.5252249198532681
1,151.7,151.7,1,203,0,1.0,0,1,0.588181627509263
1,96.8,96.8,1,255,0,1.0,1,1,0.5167177902133135
1,507.17,507.17,1,178,0,1.0,1,1,0.9304575440223495
1,116.94,116.94,1,7,0,1.0,1,0,0.49158509535776346
1,280.12,280.12,1,0,0,1.0,1,1,0.6568383645741488
1,91.27,91.27,1,20,0,1.0,1,1,0.5800560362685959
1,22.68,22.68,1,36,0,1.0,1,0,0.3792658924158377
1,84.56,84.56,1,373,0,1.0,1,1,0.7212981506450656
1,75.53,75.53,1,312,0,1.0,1,1,0.847033919549548
1,185.89,185.89,1,276,0,1.0,1,1,0.8091671099314452
1,126.53999999999999,126.53999999999999,2,36,0,1.0,1,0,0.4578373801749967
1,145.52,145.52,2,21,0,1.0,1,1,0.578221651938251
1,43.089999999999996,43.089999999999996,1,282,0,1.0,1,1,0.6597835490655358
1,138.82,138.82,2,172,0,1.0,1,1,0.6848718083203217
1,85.14,85.14,1,97,0,1.0,1,1,0.6358693005055481
1,913.7,913.7,1,0,0,1.0,1,1,0.9953825634822977
2,619.3800000000001,309.69000000000005,4,154,39,0.05,1,0,0.4476873733070934
1,42.69,42.69,1,43,0,1.0,1,1,0.6138944650871019
1,41.1,41.1,1,48,0,1.0,1,1,0.6147768977220112
1,54.0,54.0,1,266,0,1.0,1,0,0.48229453314704784
1,55.1,55.1,1,6,0,1.0,1,0,0.4884319121270439
1,48.36,48.36,1,159,0,1.0,1,1,0.5074825139665514
1,45.0,45.0,1,93,0,1.0,1,1,0.6190031693720608
1,300.78,300.78,2,21,0,1.0,1,1,0.7704710055950472
1,111.89,111.89,1,137,0,1.0,1,1,0.5434960085653086
1,105.28,105.28,1,225,0,1.0,1,1,0.6050273326743423
1,127.48,127.48,1,104,0,1.0,1,1,0.5749343550971721
2,315.12,157.56,2,303,38,0.05128205128205128,1,1,0.7761001465660468
1,40.61,40.61,1,175,0,1.0,1,1,0.6242735620750213
1,150.89000000000001,150.89000000000001,1,387,0,1.0,1,1,0.6079752308422273
1,111.21000000000001,111.21000000000001,1,311,0,1.0,1,1,0.7900196014141901
1,176.65,176.65,1,36,0,1.0,1,1,0.6911949191009562
1,186.85,186.85,1,47,0,1.0,1,1,0.729539290034305
1,82.73,82.73,1,181,0,1.0,1,1,0.6368686238631329
1,66.30000000000001,66.30000000000001,1,171,0,1.0,1,1,0.5114994636816967
1,103.75,103.75,1,27,0,1.0,1,1,0.5373285574918093
1,134.43,134.43,1,75,0,1.0,1,1,0.5544473677863392
1,94.21000000000001,94.21000000000001,1,152,0,1.0,1,1,0.6626878624109147
1,282.6,282.6,1,140,0,1.0,1,1,0.8056796195519127
1,113.56,113.56,2,314,0,1.0,1,1,0.8596077466617481
1,47.42,47.42,1,122,0,1.0,1,1,0.5392712677200935
1,64.0,64.0,1,138,0,1.0,1,1,0.5576567893363658
1,68.17999999999999,68.17999999999999,2,282,0,1.0,1,1,0.6966263279072227
1,639.9000000000001,639.9000000000001,5,345,0,1.0,1,1,0.9452407318688195
1,157.13,157.13,1,41,0,1.0,1,0,0.4660894347396204
1,314.92,314.92,1,90,0,1.0,1,1,0.8237713105116756
1,148.06,148.06,1,195,0,1.0,1,1,0.5919805864448061
1,98.8,98.8,1,36,0,1.0,1,1,0.5362096455591732
1,112.92,112.92,1,169,0,1.0,1,1,0.5476682624508434
1,55.92,55.92,2,307,0,1.0,1,1,0.9070174318030056
1,69.17,69.17,1,265,0,1.0,1,1,0.5279630866208562
1,467.9,467.9,1,36,0,1.0,1,1,0.7706884222886518
1,242.1,242.1,1,69,0,1.0,1,1,0.6221363012684269
2,213.74,106.87,2,161,126,0.015748031496062992,1,0,0.2385051235927571
1,137.6,137.6,1,24,0,1.0,1,1,0.5063505496739069
1,76.65,76.65,1,131,0,1.0,1,1,0.6425965946455563
1,180.53,180.53,1,126,0,1.0,1,1,0.6143323317956637
1,129.56,129.56,1,96,0,1.0,1,1,0.6168170379993796
1,49.42,49.42,1,321,0,1.0,1,1,0.8023512361532312
1,43.0,43.0,1,196,0,1.0,1,1,0.7003573389540164
1,76.02,76.02,1,116,0,1.0,1,1,0.6420802979704927
1,111.88,111.88,1,40,0,1.0,1,0,0.4936449006301521
1,56.34,56.34,1,209,0,1.0,1,1,0.5274402922680616
1,98.21000000000001,98.21000000000001,1,333,0,1.0,1,1,0.6350322128299885
1,91.61000000000001,91.61000000000001,1,375,0,1.0,1,1,0.745225099046189
2,163.32,81.66,2,169,0,2.0,1,1,0.8560237299737536
1,223.69,223.69,1,61,0,1.0,1,1,0.6490751290031047
1,92.57,92.57,1,52,0,1.0,1,1,0.5782972716572765
1,319.94,319.94,1,32,0,1.0,1,1,0.58892542467654
1,75.53,75.53,1,72,0,1.0,1,1,0.5810113012386495
1,90.66000000000001,90.66000000000001,1,104,0,1.0,1,1,0.6666939581897783
1,174.56,174.56,1,107,0,1.0,1,1,0.5434163124998114
1,41.64,41.64,1,343,0,1.0,1,1,0.7136051738229757
1,112.11999999999999,112.11999999999999,1,96,0,1.0,1,1,0.5675344701921001
1,100.38,100.38,2,209,0,1.0,1,1,0.6185664541133559
2,205.11,102.555,2,35,0,2.0,1,1,0.8417243776542284
1,67.58,67.58,1,325,0,1.0,1,1,0.8055232808650232
1,40.85,40.85,1,192,0,1.0,1,1,0.6814725449743227
1,91.16000000000001,91.16000000000001,1,359,0,1.0,1,1,0.7333236452428294
1,242.12,242.12,1,295,0,1.0,1,1,0.8614053127349118
1,38.04,38.04,1,69,0,1.0,1,0,0.48098075364284315
1,40.79,40.79,1,136,0,1.0,1,1,0.6250419512906743
1,195.71,195.71,1,268,0,1.0,1,1,0.811514953844244
1,43.0,43.0,1,212,0,1.0,1,1,0.7018053304087205
1,33.839999999999996,33.839999999999996,1,178,0,1.0,1,1,0.570372879793194
1,56.78,56.78,1,230,0,1.0,1,1,0.529163676698412
1,104.66,104.66,1,100,0,1.0,1,1,0.6088191896021452
1,36.78,36.78,1,128,0,1.0,1,1,0.5637227377872863
2,413.01,206.505,2,226,107,0.018518518518518517,1,1,0.8693902827745231
2,77.89,38.945,4,291,0,2.0,1,1,0.9351074503503845
2,245.36,122.68,2,78,124,0.016,1,0,0.33396322264074024
1,42.269999999999996,42.269999999999996,1,94,0,1.0,1,1,0.5878349551349473
1,85.14,85.14,1,181,0,1.0,1,1,0.6044386293468326
1,388.44,388.44,1,153,0,1.0,1,1,0.9312268158164491
2,149.47,74.735,2,79,0,2.0,1,1,0.7936979621142626
1,97.36,97.36,1,384,0,1.0,1,1,0.6601676481525317
1,70.84,70.84,1,278,0,1.0,1,1,0.5623426072148617
1,73.25,73.25,1,193,0,1.0,1,1,0.6554251902827242
1,553.46,553.46,2,54,0,1.0,1,1,0.9481131306175822
1,169.37,169.37,1,87,0,1.0,1,1,0.6226031717895432
1,102.78,102.78,1,63,0,1.0,1,1,0.592118606861986
1,191.68,191.68,1,100,0,1.0,1,1,0.7584545802093391
1,164.79000000000002,164.79000000000002,1,149,0,1.0,1,1,0.5748769676853418
1,123.69,123.69,1,96,0,1.0,1,1,0.5945926895250665
1,118.17,118.17,1,25,0,1.0,1,1,0.5379826399950683
1,1078.92,1078.92,1,11,0,1.0,1,1,0.9957298303118377
1,158.22,158.22,1,60,0,1.0,1,1,0.5503064876840511
1,107.0,107.0,1,272,0,1.0,1,1,0.6185855620919843
1,38.0,38.0,1,39,0,1.0,1,0,0.4945149445867395
1,12.280000000000001,12.280000000000001,1,277,0,1.0,1,1,0.7189823066320307
1,79.24000000000001,79.24000000000001,1,220,0,1.0,1,1,0.5794206569168953
1,230.73,230.73,1,155,0,1.0,0,1,0.7435267673903225
1,98.7,98.7,1,127,0,1.0,1,1,0.5621605632097184
1,38.78,38.78,1,33,0,1.0,1,0,0.490712149128476
1,64.0,64.0,1,8,0,1.0,1,1,0.5120080582425693
1,32.96,32.96,1,380,0,1.0,1,1,0.7777108147994533
1,159.45,159.45,1,11,0,1.0,1,0,0.47627086591747136
1,65.0,65.0,1,186,0,1.0,1,1,0.5444224872110733
1,173.33,173.33,1,233,0,1.0,1,1,0.5910115461714783
1,821.35,821.35,1,139,0,1.0,1,1,0.9210727698475109
1,124.33000000000001,124.33000000000001,1,273,0,1.0,1,1,0.6015478784780522
1,408.79,408.79,1,269,0,1.0,1,1,0.9631704839961676
1,171.83,171.83,1,13,0,1.0,1,0,0.487644027457148
1,63.550000000000004,63.550000000000004,1,303,0,1.0,1,1,0.5968681261764854
1,115.32,115.32,1,17,0,1.0,1,1,0.5373776696665864
1,67.22,67.22,1,26,0,1.0,1,0,0.4728181119393289
1,47.74,47.74,1,268,0,1.0,1,0,0.4929995569347845
1,182.98,182.98,1,166,0,1.0,1,1,0.6091254709557951
1,114.84,114.84,1,265,0,1.0,1,1,0.6275592531511802
1,55.62,55.62,1,133,0,1.0,1,0,0.4927254260063408
1,133.58,133.58,1,1,0,1.0,1,1,0.7041644500779259
1,40.62,40.62,1,237,0,1.0,1,1,0.7021567973011555
1,159.86,159.86,1,92,0,1.0,1,1,0.62594561305412
1,211.74,211.74,2,57,0,1.0,1,1,0.6437551257748094
1,191.23000000000002,191.23000000000002,1,350,0,1.0,1,1,0.7323384429861889
1,115.41999999999999,115.41999999999999,1,69,0,1.0,1,1,0.5841421409639664
1,76.75999999999999,76.75999999999999,1,178,0,1.0,1,1,0.6263986047318024
1,104.27,104.27,1,35,0,1.0,1,1,0.5139272060998925
1,77.66,77.66,1,93,0,1.0,1,1,0.6503950272940084
2,181.5,90.75,3,71,3,0.5,1,1,0.5801190928758033
1,216.39000000000001,216.39000000000001,2,118,0,1.0,1,1,0.7404101603096505
1,59.25,59.25,1,28,0,1.0,1,0,0.46371630071912906
1,47.0,47.0,1,244,0,1.0,1,1,0.540329119714056
1,72.56,72.56,1,25,0,1.0,1,1,0.5241558359026421
1,39.78,39.78,1,173,0,1.0,1,1,0.6236750688747648
1,155.6,155.6,1,262,0,1.0,1,1,0.5732768707742679
1,36.0,36.0,1,234,0,1.0,1,1,0.6748177564835265
1,31.38,31.38,1,71,0,1.0,1,0,0.34437062582237643
1,320.0400000000001,320.0400000000001,3,23,0,1.0,1,1,0.7883956030606366
1,143.5,143.5,2,23,0,1.0,1,1,0.5837510594812475
1,202.63000000000002,202.63000000000002,1,198,0,1.0,1,1,0.7367416771069795
1,77.57,77.57,1,146,0,1.0,1,1,0.6408674416182918
1,88.53,88.53,1,102,0,1.0,1,1,0.6450811896727203
1,182.60000000000002,182.60000000000002,1,217,0,1.0,1,1,0.6587396140454239
1,261.42,261.42,1,113,0,1.0,1,1,0.6962865470032241
1,63.11,63.11,1,237,0,1.0,1,1,0.5353522109032712
1,38.89,38.89,1,91,0,1.0,1,1,0.5692123419727748
1,104.85,104.85,1,46,0,1.0,1,1,0.5241346982804325
1,324.29,324.29,1,47,0,1.0,1,1,0.7053705897229157
1,100.83,100.83,1,47,0,1.0,1,1,0.512477247245794
1,124.18,124.18,1,381,0,1.0,1,1,0.6405969027979186
1,90.32000000000001,90.32000000000001,2,382,0,1.0,1,1,0.7897865102832333
2,591.56,295.78,7,47,0,2.0,1,1,0.8772625838222139
1,73.47,73.47,1,236,0,1.0,1,1,0.5230743555614021
1,101.92,101.92,1,329,0,1.0,1,1,0.8137599396320235
1,87.9,87.9,1,396,0,1.0,1,1,0.7357098664257429
1,111.02000000000001,111.02000000000001,1,121,0,1.0,1,1,0.5505214861935054
1,37.34,37.34,1,67,0,1.0,1,0,0.37967886260806094
1,114.18,114.18,2,126,0,1.0,1,1,0.694845481414313
1,117.94,117.94,1,167,0,1.0,1,1,0.5693929141705033
1,33.0,33.0,1,52,0,1.0,1,0,0.4859905256118187
1,117.0,117.0,1,204,0,1.0,1,1,0.6133892060955036
1,105.01,105.01,1,203,0,1.0,1,1,0.6111240213341945
1,62.33,62.33,1,293,0,1.0,1,1,0.5307931567359568
1,132.0,132.0,3,15,0,1.0,1,1,0.5416437164776292
1,74.16,74.16,1,264,0,1.0,1,1,0.5502997853092817
1,331.66,331.66,1,155,0,1.0,1,1,0.8713285472988688
1,125.2,125.2,1,96,0,1.0,1,1,0.5945926895250665
1,44.0,44.0,1,46,0,1.0,1,0,0.39254980630954506
1,625.4,625.4,2,330,0,1.0,1,1,0.9541626862784921
2,199.12,99.56,2,1,5,0.3333333333333333,1,1,0.5884191708925535
1,98.83,98.83,1,360,0,1.0,1,1,0.6621630932699292
1,67.77,67.77,1,256,0,1.0,1,0,0.3890725524937735
1,26.439999999999998,26.439999999999998,1,213,0,1.0,1,1,0.5359644196690267
1,144.65,144.65,1,116,0,1.0,1,1,0.5941588705393744
1,61.050000000000004,61.050000000000004,1,290,0,1.0,1,1,0.5099572898703435
1,31.0,31.0,1,278,0,1.0,1,1,0.6371710382599919
1,83.95,83.95,1,157,0,1.0,1,1,0.6194910882703911
2,116.14,58.07,3,327,9,0.2,1,1,0.8494485360016323
1,91.84,91.84,1,391,0,1.0,1,1,0.7494899703635315
1,91.36,91.36,4,233,0,1.0,1,0,0.48480876414725266
1,167.43,167.43,1,137,0,1.0,1,1,0.5708675769985289
1,152.54,152.54,1,189,0,1.0,1,1,0.5906982684656085
1,190.48000000000002,190.48000000000002,1,49,0,1.0,1,1,0.5069616670179168
1,216.05,216.05,1,116,0,1.0,1,1,0.6315751386430132
1,39.099999999999994,39.099999999999994,1,19,0,1.0,1,0,0.4906786250126508
1,125.23,125.23,1,21,0,1.0,1,0,0.4493134709657496
1,32.96,32.96,1,384,0,1.0,1,1,0.7770905015722916
1,163.08,163.08,1,88,0,1.0,1,1,0.6092129111349028
1,148.45,148.45,1,260,0,1.0,1,1,0.5752025430815496
1,51.09,51.09,1,216,0,1.0,1,0,0.47273674494758683
1,112.02,112.02,2,203,0,1.0,1,1,0.6443142649185476
1,150.62,150.62,1,366,0,1.0,1,1,0.606978361886333
1,166.78,166.78,1,340,0,1.0,1,1,0.6067966834422336
1,156.19,156.19,1,25,0,1.0,1,0,0.4833672753466096
1,27.68,27.68,1,267,0,1.0,1,1,0.619693834623692
1,292.46999999999997,292.46999999999997,1,329,0,1.0,1,1,0.8098345508060831
1,40.95,40.95,1,334,0,1.0,1,1,0.7715636830607447
1,59.29,59.29,1,79,0,1.0,1,0,0.434490430382833
1,45.089999999999996,45.089999999999996,1,43,0,1.0,1,1,0.5574715869436038
1,46.589999999999996,46.589999999999996,1,41,0,1.0,1,0,0.4863402415634125
1,116.24000000000001,116.24000000000001,1,364,0,1.0,1,1,0.6588413311353291
1,56.1,56.1,1,51,0,1.0,1,1,0.5077573811720978
1,771.78,771.78,1,24,0,1.0,1,1,0.9915885197361667
1,40.36,40.36,1,405,0,1.0,1,1,0.7604571867761148
1,123.25999999999999,123.25999999999999,2,122,0,1.0,1,1,0.7141444395636033
1,98.34,98.34,1,85,0,1.0,1,1,0.5582592519280256
1,88.72,88.72,1,149,0,1.0,1,1,0.655619324474538
1,270.98,270.98,2,85,0,1.0,1,1,0.8679695696885248
1,364.78,364.78,1,46,0,1.0,1,1,0.6704867385296868
1,151.4,151.4,1,4,0,1.0,1,1,0.5850996304054124
1,87.62,87.62,1,191,0,1.0,1,1,0.6480710591452439
1,240.13,240.13,2,55,0,1.0,1,1,0.728060719532292
1,134.51,134.51,1,352,0,1.0,1,1,0.6049058200997869
1,86.53999999999999,86.53999999999999,2,147,0,1.0,1,1,0.5685363022318501
1,168.33,168.33,1,82,0,1.0,1,1,0.6244767506890428
1,189.98000000000002,189.98000000000002,1,187,0,1.0,1,1,0.745717657386098
1,65.71000000000001,65.71000000000001,1,96,0,1.0,1,1,0.5457457097875735
1,169.22,169.22,1,211,0,1.0,1,1,0.592943782471256
1,112.13,112.13,1,128,0,1.0,1,1,0.5533265659873051
1,819.35,819.35,1,119,0,1.0,1,1,0.9012234942157283
1,262.16,262.16,1,153,0,1.0,1,1,0.7995303391372133
1,178.46,178.46,1,69,0,1.0,1,1,0.7297909643598919
1,149.69,149.69,1,127,0,1.0,1,1,0.5908746921548607
1,117.35000000000001,117.35000000000001,1,239,0,1.0,1,1,0.5885286723146149
1,97.72,97.72,1,177,0,1.0,1,1,0.5521915450180106
1,99.0,99.0,1,256,0,1.0,1,1,0.5071789410666754
1,292.63,292.63,1,2,0,1.0,1,1,0.7005631583642504
1,282.8,282.8,1,98,0,1.0,1,1,0.6793108429870331
1,50.53,50.53,1,234,0,1.0,1,1,0.5021137121086342
1,63.33,63.33,1,60,0,1.0,1,1,0.5892357414980326
1,253.84,253.84,2,215,0,1.0,1,1,0.7263428358541268
4,514.96,128.74,5,105,101,0.0392156862745098,0,0,0.47247915874614904
1,65.78999999999999,65.78999999999999,1,56,0,1.0,1,1,0.5621079897824601
1,35.75,35.75,1,194,0,1.0,1,1,0.6507330692419995
1,106.26,106.26,1,312,0,1.0,1,1,0.8077258638478397
1,215.15,215.15,1,155,0,1.0,1,1,0.5782403169970938
1,111.07,111.07,1,301,0,1.0,1,1,0.5474711356645451
1,116.36000000000001,116.36000000000001,1,94,0,1.0,1,1,0.6260875020959199
1,65.09,65.09,1,258,0,1.0,1,1,0.5256889586999024
1,149.07,149.07,3,307,0,1.0,1,1,0.9110792420780373
1,253.08,253.08,1,149,0,1.0,1,1,0.8139976263211729
1,26.28,26.28,1,181,0,1.0,1,0,0.46965842498323296
1,38.39,38.39,1,305,0,1.0,1,1,0.8647166384797937
1,74.07,74.07,1,55,0,1.0,1,1,0.5715017687150152
1,30.6,30.6,1,271,0,1.0,1,1,0.615983952819391
1,101.24,101.24,1,101,0,1.0,1,1,0.5828266688160667
2,390.02000000000004,195.01000000000002,2,75,117,0.01694915254237288,1,1,0.8332262399668167
1,76.17,76.17,1,45,0,1.0,1,1,0.5068377406726987
1,25.09,25.09,1,286,0,1.0,1,1,0.5411751728328885
1,201.16000000000003,201.16000000000003,1,87,0,1.0,1,1,0.7857714112535614
1,127.92,127.92,1,34,0,1.0,1,0,0.40810841407829124
1,165.48,165.48,1,42,0,1.0,1,0,0.4696459489024472
1,172.97,172.97,1,74,0,1.0,1,0,0.4329576083082331
1,41.839999999999996,41.839999999999996,1,13,0,1.0,1,1,0.6159426158514577
1,28.0,28.0,1,283,0,1.0,1,1,0.6494313926263148
1,116.97999999999999,116.97999999999999,3,95,0,1.0,1,1,0.8261405624326594
1,89.36,89.36,1,3,0,1.0,1,1,0.6334258243393155
1,220.04,220.04,1,227,0,1.0,1,1,0.8060833755277017
1,103.86,103.86,1,329,0,1.0,1,1,0.8137599396320235
1,97.86999999999999,97.86999999999999,1,181,0,1.0,1,1,0.552150496276032
1,170.60000000000002,170.60000000000002,1,256,0,1.0,1,1,0.6359964825841729
1,103.14,103.14,1,70,0,1.0,1,1,0.5807636079229112
1,28.52,28.52,1,311,0,1.0,1,1,0.8670514052825181
1,715.28,715.28,4,174,0,1.0,1,1,0.8754263124071187
1,96.22,96.22,1,63,0,1.0,1,1,0.5905380538321986
1,214.14,214.14,1,280,0,1.0,1,1,0.7121120918103474
1,101.73,101.73,1,95,0,1.0,1,1,0.6216256877246328
1,41.29,41.29,1,95,0,1.0,1,1,0.6184612455396693
1,133.98000000000002,133.98000000000002,1,369,0,1.0,1,1,0.6261825623049532
1,50.05,50.05,1,273,0,1.0,1,0,0.47481427679130583
1,142.20000000000002,142.20000000000002,1,307,0,1.0,1,1,0.7654747112510204
1,24.09,24.09,1,37,0,1.0,1,0,0.43957601311908007
1,31.75,31.75,1,168,0,1.0,1,1,0.5687464585946761
1,59.1,59.1,1,235,0,1.0,1,0,0.49952145017520233
1,40.39,40.39,1,376,0,1.0,1,1,0.7503475670007458
1,162.10000000000002,162.10000000000002,1,334,0,1.0,1,1,0.5997260952980851
1,49.34,49.34,1,166,0,1.0,1,1,0.5058420049810344
1,28.619999999999997,28.619999999999997,1,114,0,1.0,1,1,0.6461416768950358
1,389.8,389.8,1,160,0,1.0,1,1,0.9312268158164491
1,215.14000000000001,215.14000000000001,1,96,0,1.0,1,1,0.6864650007909696
1,50.5,50.5,1,171,0,1.0,1,0,0.47797382826472085
1,63.739999999999995,63.739999999999995,1,18,0,1.0,1,1,0.5219275276313575
1,244.63,244.63,1,284,0,1.0,1,1,0.8663425197144422
1,160.51000000000002,160.51000000000002,1,86,0,1.0,1,1,0.6147194998261263
1,68.13,68.13,1,86,0,1.0,1,1,0.6367726767465862
1,30.020000000000003,30.020000000000003,1,175,0,1.0,1,1,0.6049796584162128
1,81.08999999999999,81.08999999999999,1,337,0,1.0,1,1,0.7148954142157313
1,55.53,55.53,1,173,0,1.0,1,0,0.48677531364407384
1,105.99000000000001,105.99000000000001,1,177,0,1.0,1,1,0.5919303722652315
1,90.17,90.17,1,376,0,1.0,1,1,0.745225099046189
1,66.99,66.99,1,364,0,1.0,1,1,0.6703494689200028
1,65.48,65.48,1,315,0,1.0,1,1,0.8263226621899313
1,22.78,22.78,1,25,0,1.0,1,0,0.39890392150126164
1,74.63,74.63,1,112,0,1.0,1,1,0.6524571345550779
1,69.0,69.0,1,394,0,1.0,1,1,0.6004378589156493
1,82.13000000000001,82.13000000000001,1,25,0,1.0,1,1,0.5123395230272625
1,195.0,195.0,1,129,0,1.0,1,1,0.7578321742418356
1,75.08,75.08,1,83,0,1.0,1,1,0.6267325271075637
1,64.42,64.42,1,330,0,1.0,1,1,0.8263226621899313
1,63.15,63.15,1,250,0,1.0,1,1,0.5290014122757243
1,282.58,282.58,2,379,0,1.0,1,1,0.9072517141439201
1,127.02,127.02,1,85,0,1.0,1,1,0.5859394373538024
1,166.4,166.4,1,229,0,1.0,1,1,0.5658508319934967
1,300.49,300.49,1,165,0,1.0,1,1,0.8452816162620287
1,54.09,54.09,1,19,0,1.0,1,0,0.49020056222086206
1,114.22,114.22,1,185,0,1.0,1,1,0.5858930221035702
1,62.379999999999995,62.379999999999995,1,39,0,1.0,1,1,0.5162607593221854
1,1150.11,1150.11,1,183,0,1.0,1,1,0.9752570272511879
1,233.13,233.13,1,121,0,1.0,1,1,0.7374750810061939
1,223.14,223.14,1,237,0,1.0,1,1,0.8062761090818147
1,30.080000000000002,30.080000000000002,1,132,0,1.0,1,1,0.6281755564580287
1,97.71000000000001,97.71000000000001,1,254,0,1.0,1,0,0.48049331139191415
1,121.38,121.38,1,311,0,1.0,1,1,0.7745537328882496
1,124.2,124.2,1,185,0,1.0,1,1,0.5738630993048915
1,45.089999999999996,45.089999999999996,1,87,0,1.0,1,1,0.5224789619877755
1,104.37,104.37,3,13,0,1.0,1,0,0.49467562836470186
1,227.14,227.14,1,300,0,1.0,1,1,0.8175836191141571
1,53.95,53.95,1,350,0,1.0,1,1,0.6556012455507381
2,349.49,174.745,2,54,87,0.022727272727272728,1,1,0.8715075776007055
1,70.56,70.56,1,302,0,1.0,1,1,0.5946030693315333
1,170.53,170.53,1,4,0,1.0,1,1,0.5711638299297506
1,27.67,27.67,1,390,0,1.0,1,1,0.7563266958315724
1,603.03,603.03,1,338,0,1.0,1,1,0.9762820623178552
1,56.1,56.1,1,114,0,1.0,1,0,0.48490728721020426
1,60.989999999999995,60.989999999999995,1,361,0,1.0,1,1,0.6572622064872623
1,31.75,31.75,1,174,0,1.0,1,1,0.5662795653803011
1,45.0,45.0,1,277,0,1.0,1,1,0.6842759765270112
1,114.77000000000001,114.77000000000001,1,512,0,1.0,1,1,0.7453958149931439
1,52.09,52.09,1,218,0,1.0,1,1,0.5164073358378327
1,122.52,122.52,1,198,0,1.0,1,1,0.5742125277146256
1,43.69,43.69,1,74,0,1.0,1,0,0.4342005016380054
1,79.10000000000001,79.10000000000001,1,159,0,1.0,1,1,0.643304574509153
1,105.29,105.29,1,35,0,1.0,1,0,0.43789796100608547
1,52.790000000000006,52.790000000000006,1,55,0,1.0,1,1,0.5181180536896508
1,140.16,140.16,6,85,0,1.0,0,1,0.8053373561163627
1,218.65,218.65,1,88,0,1.0,1,1,0.8246790584844772
1,34.0,34.0,1,143,0,1.0,1,1,0.6126997375343811
1,132.38,132.38,1,313,0,1.0,1,1,0.7745537328882496
1,324.65999999999997,324.65999999999997,1,55,0,1.0,1,1,0.7676012044173939
1,70.7,70.7,1,378,0,1.0,1,1,0.6785446039061162
1,673.6899999999999,673.6899999999999,1,103,0,1.0,1,1,0.9026267782283006
1,257.92,257.92,1,156,0,1.0,1,1,0.7480620421772712
1,133.19,133.19,1,1,0,1.0,1,1,0.7041644500779259
1,221.79000000000002,221.79000000000002,1,76,0,1.0,1,1,0.8114736569390406
1,267.01,267.01,1,102,0,1.0,1,1,0.6755462680549049
1,44.01,44.01,1,134,0,1.0,1,1,0.6607541333732421
1,210.47,210.47,2,37,0,1.0,1,1,0.701692619919788
1,77.89,77.89,1,113,0,1.0,1,1,0.644120310847286
1,88.08,88.08,1,95,0,1.0,1,1,0.6538768306657455
1,127.62,127.62,1,192,0,1.0,1,1,0.5757790294045914
1,184.83,184.83,1,63,0,1.0,1,1,0.7718193634162259
1,194.12,194.12,1,2,0,1.0,1,1,0.6005082891385956
1,56.92,56.92,1,3,0,1.0,1,1,0.575218879180995
1,188.07,188.07,1,255,0,1.0,1,1,0.8068926731400791
1,91.1,91.1,2,115,0,1.0,1,1,0.5667554641721405
1,110.77000000000001,110.77000000000001,1,4,0,1.0,1,1,0.5619273246864592
1,76.65,76.65,1,27,0,1.0,1,0,0.493556130288727
1,52.27,52.27,1,47,0,1.0,1,0,0.4849747305107173
2,157.95,78.975,3,370,0,2.0,1,1,0.9342615646511896
1,28.77,28.77,1,114,0,1.0,1,1,0.6461416768950358
2,250.93,125.465,2,0,276,0.007220216606498195,1,1,0.5618764928758921
1,186.94,186.94,1,9,0,1.0,1,1,0.6800848452190341
4,438.75,109.6875,5,227,111,0.03571428571428571,1,1,0.7932818588226832
1,65.0,65.0,1,5,0,1.0,1,1,0.5754749978506699
1,65.92999999999999,65.92999999999999,1,8,0,1.0,1,0,0.4832179795996862
1,157.3,157.3,1,63,0,1.0,1,1,0.5510496502461544
1,90.88000000000001,90.88000000000001,1,62,0,1.0,1,1,0.6384620420705002
1,95.02,95.02,1,65,0,1.0,1,1,0.6231839089918736
2,84.93,42.465,3,105,0,2.0,1,1,0.864290638239622
1,73.34,73.34,1,148,0,1.0,1,1,0.6440023809932263
1,44.089999999999996,44.089999999999996,1,29,0,1.0,1,1,0.5584545630039783
1,57.68,57.68,1,94,0,1.0,1,0,0.48738837171573135
1,523.71,523.71,1,97,0,1.0,1,0,0.37716270812221586
1,219.45,219.45,3,149,0,1.0,1,1,0.764116050717569
1,182.91,182.91,1,46,0,1.0,1,1,0.7258397871106503
1,82.97,82.97,1,371,0,1.0,1,1,0.7330099121293034
1,92.19999999999999,92.19999999999999,2,230,0,1.0,1,0,0.40013327936045134
1,173.23,173.23,1,44,0,1.0,1,0,0.4848176418111654
1,133.46,133.46,1,106,0,1.0,1,1,0.5770376687628201
1,194.28,194.28,1,82,0,1.0,1,1,0.795782685348096
1,56.86,56.86,1,364,0,1.0,1,1,0.6468117254074786
1,46.760000000000005,46.760000000000005,1,156,0,1.0,1,1,0.5521569207712825
1,252.19,252.19,1,316,0,1.0,1,1,0.8536345624816891
1,177.82999999999998,177.82999999999998,1,118,0,1.0,1,1,0.5475383506497833
1,33.75,33.75,1,29,0,1.0,1,0,0.28854048799500054
1,168.4,168.4,1,287,0,1.0,1,1,0.5990968825516555
1,125.8,125.8,1,352,0,1.0,1,1,0.6174172734536449
1,63.12,63.12,1,331,0,1.0,1,1,0.7060467594154126
1,238.73,238.73,1,125,0,1.0,1,1,0.8080269619607063
1,81.78,81.78,1,350,0,1.0,1,1,0.7180247051920446
1,90.88000000000001,90.88000000000001,1,262,0,1.0,1,1,0.5781063130462966
1,47.1,47.1,1,269,0,1.0,1,1,0.5117479299633942
1,193.98,193.98,2,79,0,1.0,1,1,0.7599776158077867
1,2913.48,2913.48,2,120,0,1.0,1,1,0.6663682224223794
1,65.0,65.0,1,239,0,1.0,1,1,0.5260712425510115
1,224.94,224.94,1,133,0,1.0,1,1,0.7590534566065263
1,67.28,67.28,1,91,0,1.0,1,1,0.5542733422562518
1,113.02000000000001,113.02000000000001,1,156,0,1.0,1,1,0.5502936468321518
1,32.769999999999996,32.769999999999996,1,117,0,1.0,1,1,0.6175473398607461
1,176.38,176.38,1,71,0,1.0,1,1,0.6409461592101516
1,720.98,720.98,1,350,0,1.0,1,1,0.9889679276219798
1,44.42,44.42,1,309,0,1.0,1,1,0.868862417677304
1,167.7,167.7,1,383,0,1.0,1,1,0.596565276749938
1,26.85,26.85,1,210,0,1.0,1,1,0.6977126834214828
1,131.33,131.33,1,219,0,1.0,1,1,0.5510662221031747
1,175.88,175.88,1,2,0,1.0,1,1,0.7259402763509116
1,121.28,121.28,1,347,0,1.0,1,1,0.6183986197634584
1,153.2,153.2,1,64,0,1.0,1,1,0.5493332323357066
1,260.11,260.11,1,305,0,1.0,1,1,0.8569664742490632
1,66.06,66.06,1,19,0,1.0,1,1,0.51182438329915
1,163.81,163.81,1,187,0,1.0,1,1,0.5836920901569485
1,24.1,24.1,1,172,0,1.0,1,1,0.5454228714036892
1,742.88,742.88,1,384,0,1.0,1,1,0.9907373947756813
1,74.85,74.85,1,63,0,1.0,1,1,0.6015703274957976
1,113.71,113.71,1,248,0,1.0,1,1,0.5344494588147221
1,37.769999999999996,37.769999999999996,1,108,0,1.0,1,1,0.579626118678341
1,48.0,48.0,1,257,0,1.0,1,0,0.4954041796633108
1,70.13,70.13,1,93,0,1.0,1,1,0.6391345909769207
1,105.87,105.87,1,120,0,1.0,1,1,0.6008733217217949
1,58.62,58.62,1,23,0,1.0,1,0,0.4801617141324844
1,350.19,350.19,1,120,0,1.0,1,1,0.715332205405258
1,150.67,150.67,1,232,0,1.0,1,1,0.5006190742812315
1,664.92,664.92,1,200,0,1.0,1,1,0.9605416322806034
1,88.29,88.29,1,414,0,1.0,1,1,0.7416589027794633
1,28.1,28.1,1,91,0,1.0,1,1,0.6372755521850912
1,172.3,172.3,1,122,0,1.0,1,1,0.5747060630988169
1,121.26,121.26,1,42,0,1.0,1,0,0.40613370506370844
1,54.09,54.09,1,29,0,1.0,1,0,0.4873915694879807
1,850.0,850.0,5,169,0,1.0,1,1,0.9578921114100328
1,286.09,286.09,1,385,0,1.0,1,1,0.8485742141585118
1,65.00999999999999,65.00999999999999,1,116,0,1.0,1,1,0.5243268642384825
1,75.08,75.08,1,285,0,1.0,1,1,0.5513439836959361
1,113.04,113.04,2,84,0,1.0,1,1,0.655032918633764
1,53.989999999999995,53.989999999999995,1,70,0,1.0,1,1,0.5095443598586259
1,128.44,128.44,1,269,0,1.0,1,1,0.6075296648707831
1,137.6,137.6,1,46,0,1.0,1,0,0.4991985079695622
1,25.75,25.75,1,37,0,1.0,1,0,0.4345192207321411
1,72.14,72.14,1,198,0,1.0,1,1,0.6434608827547476
1,1118.05,1118.05,1,26,0,1.0,1,1,0.9944419119046853
1,107.81,107.81,1,197,0,1.0,1,1,0.5853630536315553
1,78.84,78.84,2,401,0,1.0,1,1,0.7573001770600128
1,67.82,67.82,1,85,0,1.0,1,1,0.52865250432847
1,143.15,143.15,1,130,0,1.0,1,1,0.5933404835234141
1,159.14000000000001,159.14000000000001,1,168,0,1.0,1,1,0.5813898493369326
1,98.62,98.62,1,275,0,1.0,1,1,0.5006730248270864
1,47.69,47.69,1,96,0,1.0,1,0,0.4852285836119348
1,34.0,34.0,1,25,0,1.0,1,0,0.42793958414228994
1,385.57,385.57,1,128,0,1.0,1,1,0.8631375372415757
1,115.84,115.84,1,27,0,1.0,1,1,0.5379826399950683
1,220.33999999999997,220.33999999999997,1,129,0,1.0,1,1,0.7575677028847477
1,136.04,136.04,1,388,0,1.0,1,1,0.6697588301395696
1,34.75,34.75,1,211,0,1.0,1,1,0.6883618929442229
1,96.22,96.22,1,83,0,1.0,1,1,0.5732838062751736
1,313.29,313.29,1,212,0,1.0,1,1,0.8966184891353307
1,113.5,113.5,2,236,0,1.0,1,1,0.6485988775517686
1,60.85,60.85,1,12,0,1.0,1,0,0.49399142161003207
1,21.77,21.77,1,98,0,1.0,1,0,0.4791978954703035
1,135.49,135.49,1,96,0,1.0,1,1,0.6126757733031966
1,82.67,82.67,1,59,0,1.0,1,1,0.6019538680758002
1,130.25,130.25,1,218,0,1.0,1,1,0.5565211682656916
1,65.0,65.0,1,37,0,1.0,1,1,0.5195044944599526
1,25.5,25.5,1,92,0,1.0,1,0,0.4068112359977394
1,81.97999999999999,81.97999999999999,1,198,0,1.0,1,1,0.6570467740723169
1,416.54,416.54,1,41,0,1.0,1,1,0.7932570104931717
1,85.14,85.14,1,285,0,1.0,1,1,0.5171205084537958
1,77.57,77.57,1,121,0,1.0,1,1,0.6444839471572367
1,117.94,117.94,1,97,0,1.0,1,1,0.6042844203551119
1,165.96,165.96,2,46,0,1.0,1,1,0.5010669442335547
1,287.84000000000003,287.84000000000003,2,9,0,1.0,1,1,0.7086640194012844
1,168.51,168.51,3,73,0,1.0,1,1,0.7776804249909774
1,167.79999999999998,167.79999999999998,1,33,0,1.0,1,0,0.4436305981203039
2,126.2,63.1,2,344,0,2.0,1,1,0.9326317937176253
1,137.28,137.28,1,294,0,1.0,1,1,0.5595122556332357
1,146.67000000000002,146.67000000000002,1,85,0,1.0,1,1,0.6147194998261263
1,371.18,371.18,1,175,0,1.0,1,1,0.9055220636471801
1,129.09,129.09,1,165,0,1.0,1,1,0.5729082404679495
1,72.65,72.65,1,96,0,1.0,1,1,0.6545552897017205
1,116.81,116.81,1,132,0,1.0,1,1,0.6068609988240815
1,65.0,65.0,2,128,0,1.0,1,1,0.7189971880506036
1,33.769999999999996,33.769999999999996,1,151,0,1.0,1,1,0.5902542762589033
1,381.88,381.88,1,2,0,1.0,1,1,0.8659211386043072
1,155.14,155.14,2,224,0,1.0,1,1,0.6720107614253489
1,45.08,45.08,1,2,0,1.0,1,1,0.8269948019491785
2,1447.02,723.51,2,42,0,2.0,1,1,0.974025662495499
1,57.239999999999995,57.239999999999995,1,195,0,1.0,1,1,0.5026607662513656
1,24.09,24.09,1,283,0,1.0,1,1,0.570447745691927
1,140.20000000000002,140.20000000000002,1,219,0,1.0,1,1,0.5440171885388906
1,385.52,385.52,2,29,0,1.0,1,1,0.8525633291063125
1,166.06,166.06,1,360,0,1.0,1,1,0.6069023297094306
1,174.88,174.88,1,25,0,1.0,1,0,0.47952137633287756
1,97.08,97.08,1,247,0,1.0,1,0,0.48792966098858814
1,338.51,338.51,1,112,0,1.0,1,1,0.7203815871848257
1,62.510000000000005,62.510000000000005,1,309,0,1.0,1,1,0.8026662428727394
1,63.17999999999999,63.17999999999999,2,287,0,1.0,1,1,0.7233808752884435
1,213.51,213.51,1,96,0,1.0,1,1,0.6911523308989325
1,167.87,167.87,1,227,0,1.0,1,1,0.573924285183105
1,76.56,76.56,1,119,0,1.0,1,1,0.6406937232314331
1,209.91000000000003,209.91000000000003,1,63,0,1.0,1,1,0.6821669268688507
1,173.6,173.6,1,306,0,1.0,1,1,0.7651559787903828
1,40.27,40.27,1,54,0,1.0,1,1,0.5610152117137498
1,121.27,121.27,1,64,0,1.0,1,1,0.5239713621887352
1,344.32,344.32,1,262,0,1.0,1,1,0.9057025838374693
1,86.95,86.95,1,36,0,1.0,1,1,0.5600016751170928
1,100.55,100.55,1,92,0,1.0,1,1,0.54760336779304
1,228.95,228.95,2,87,0,1.0,1,1,0.8380858676682847
1,65.71000000000001,65.71000000000001,1,139,0,1.0,1,1,0.5449746232629986
1,125.06,125.06,1,4,0,1.0,1,1,0.5304484874168863
1,53.05,53.05,1,91,0,1.0,1,0,0.47893675646870376
1,151.61,151.61,1,268,0,1.0,1,1,0.5722755279819258
1,128.48,128.48,2,74,0,1.0,1,1,0.6381486085481535
1,697.23,697.23,6,85,0,1.0,1,1,0.9558340637160311
1,40.6,40.6,1,227,0,1.0,1,1,0.7418246074416813
1,113.53,113.53,2,85,0,1.0,1,1,0.6837015788462194
1,367.76,367.76,1,341,0,1.0,1,1,0.8359534777831419
1,87.71000000000001,87.71000000000001,1,96,0,1.0,1,1,0.6538768306657455
1,154.49,154.49,1,225,0,1.0,1,1,0.5727407491254365
1,149.0,149.0,1,51,0,1.0,1,1,0.5252572317205748
1,90.99,90.99,1,85,0,1.0,1,1,0.6530355089601528
1,67.5,67.5,1,58,0,1.0,1,1,0.524205905340844
1,194.0,194.0,1,284,0,1.0,1,1,0.810422588523485
1,3048.27,3048.27,1,268,0,1.0,1,1,0.984415093691804
1,90.17999999999999,90.17999999999999,2,96,0,1.0,1,1,0.575015205015366
1,85.6,85.6,1,54,0,1.0,1,1,0.5566244248516299
1,267.6,267.6,2,135,0,1.0,1,1,0.8068082748278312
1,100.34,100.34,1,48,0,1.0,1,1,0.5175351246606948
1,171.61,171.61,1,137,0,1.0,1,1,0.5724027065219381
1,327.7,327.7,1,381,0,1.0,1,1,0.8670766685817819
1,141.51000000000002,141.51000000000002,1,364,0,1.0,1,1,0.6118849547120813
1,162.2,162.2,1,109,0,1.0,1,1,0.5853250911179994
1,212.52,212.52,1,112,0,1.0,1,1,0.6492346129844048
1,92.67,92.67,1,81,0,1.0,1,1,0.6582200120246469
1,218.28,218.28,1,217,0,1.0,1,1,0.796091935979702
1,89.97,89.97,1,95,0,1.0,1,1,0.6754895991828036
1,72.45,72.45,1,216,0,1.0,1,1,0.6145648702969347
1,97.66,97.66,2,262,0,1.0,1,1,0.535917667788362
1,497.52,497.52,2,64,0,1.0,1,1,0.9084265270123043
1,59.96,59.96,1,303,0,1.0,1,1,0.5409360226493164
1,440.08,440.08,2,218,0,1.0,1,1,0.9015049142583782
1,92.57,92.57,1,90,0,1.0,1,1,0.6683235658537208
1,238.69,238.69,1,79,0,1.0,1,1,0.834199146302614
1,135.18,135.18,2,185,0,1.0,1,1,0.6940945008918166
1,142.92,142.92,1,156,0,1.0,1,1,0.5895212056525144
1,35.089999999999996,35.089999999999996,1,179,0,1.0,1,1,0.5426123570998452
1,35.0,35.0,1,0,0,1.0,1,1,0.8402678955737762
1,185.47,185.47,1,25,0,1.0,1,1,0.7194853817567173
1,31.339999999999996,31.339999999999996,1,200,0,1.0,1,1,0.6818772490029039
1,114.36,114.36,1,75,0,1.0,1,1,0.5904782245148562
1,90.95,90.95,1,285,0,1.0,1,1,0.5658068930835951
1,76.3,76.3,2,310,0,1.0,1,1,0.8906209366104317
1,60.0,60.0,1,191,0,1.0,1,0,0.4745016147499081
1,133.07999999999998,133.07999999999998,4,176,0,1.0,1,1,0.8199003327787082
1,400.64,400.64,2,9,0,1.0,1,1,0.8312368572072321
1,738.65,738.65,1,380,0,1.0,1,1,0.9907373947756813
1,178.03,178.03,1,147,0,1.0,1,1,0.5427267193312278
1,96.22,96.22,1,144,0,1.0,1,1,0.5667494839343774
1,40.1,40.1,1,51,0,1.0,1,0,0.34697509991532144
1,189.35,189.35,1,86,0,1.0,1,1,0.7942464633275274
2,109.4,54.7,2,202,0,2.0,1,1,0.7818908414673285
1,85.38,85.38,2,74,0,1.0,1,1,0.6463492580545389
1,145.56,145.56,1,24,0,1.0,1,1,0.5063505496739069
1,134.91,134.91,1,335,0,1.0,1,1,0.5982598691227787
1,96.93,96.93,1,176,0,1.0,1,1,0.5658565170775665
1,326.23999999999995,326.23999999999995,1,386,0,1.0,1,1,0.8667102471740342
1,138.15,138.15,1,215,0,1.0,1,1,0.5517441529582462
1,104.56,104.56,1,75,0,1.0,1,1,0.5949518892648962
1,67.61,67.61,1,73,0,1.0,1,0,0.4351155856146148
1,35.239999999999995,35.239999999999995,1,103,0,1.0,1,1,0.5755290872525853
1,44.089999999999996,44.089999999999996,1,17,0,1.0,1,1,0.5580226427373421
1,112.34,112.34,1,208,0,1.0,1,1,0.5732704403379243
2,285.18,142.59,2,57,179,0.011111111111111112,1,1,0.6085344100498961
1,1381.31,1381.31,1,164,0,1.0,1,1,0.9760262990452876
1,128.83,128.83,1,204,0,1.0,1,1,0.5811979531032434
1,82.22,82.22,1,19,0,1.0,1,1,0.5175925635214126
1,92.57,92.57,1,71,0,1.0,1,1,0.5742458084796231
1,65.0,65.0,1,75,0,1.0,1,1,0.5310100303971009
1,95.58,95.58,1,89,0,1.0,1,1,0.5735635836662795
1,34.0,34.0,1,176,0,1.0,1,1,0.5761113538883212
1,40.1,40.1,1,104,0,1.0,1,1,0.6170269117194451
1,214.41,214.41,1,43,0,1.0,1,1,0.5916458787801925
1,351.54,351.54,2,281,0,1.0,1,1,0.8469184033374463
1,237.78,237.78,1,275,0,1.0,1,1,0.8657855493910648
1,205.61,205.61,1,78,0,1.0,1,1,0.8018317910369427
1,175.77,175.77,1,182,0,1.0,1,1,0.5499122233861227
1,85.24,85.24,1,199,0,1.0,1,1,0.6283480679301594
1,153.01999999999998,153.01999999999998,1,166,0,1.0,1,1,0.5813898493369326
1,81.72,81.72,1,237,0,1.0,1,1,0.511916504423488
1,134.28,134.28,1,92,0,1.0,1,1,0.61111256019968
1,133.28,133.28,2,96,0,1.0,1,1,0.7486865256850497
1,105.77000000000001,105.77000000000001,2,69,0,1.0,1,1,0.6284884780988799
1,74.85,74.85,1,144,0,1.0,1,1,0.6521879259607164
1,66.00999999999999,66.00999999999999,1,175,0,1.0,1,1,0.5382994960645969
1,186.29000000000002,186.29000000000002,1,386,0,1.0,1,1,0.736550232445584
1,28.96,28.96,1,219,0,1.0,1,1,0.719360775404574
1,216.93,216.93,1,96,0,1.0,1,1,0.7465932917373592
1,111.22,111.22,1,507,0,1.0,1,1,0.7093010413865491
1,49.0,49.0,1,194,0,1.0,1,1,0.5280732450842015
1,148.15,148.15,1,254,0,1.0,1,1,0.5505829323555347
1,29.47,29.47,1,176,0,1.0,1,1,0.5841381964063532
1,167.51999999999998,167.51999999999998,3,194,0,1.0,1,1,0.7921445041600514
1,323.54,323.54,1,37,0,1.0,1,1,0.6052341327081012
1,77.57,77.57,1,215,0,1.0,1,1,0.6056513894230465
1,76.08,76.08,1,78,0,1.0,1,1,0.6104878342002634
1,92.75999999999999,92.75999999999999,1,254,0,1.0,1,1,0.5535750916133133
1,95.22,95.22,1,95,0,1.0,1,1,0.6406116292635476
2,96.00999999999999,48.004999999999995,2,28,21,0.09090909090909091,1,1,0.6413655572621582
1,77.57,77.57,1,174,0,1.0,1,1,0.6382762425764361
1,81.89,81.89,1,241,0,1.0,1,1,0.511916504423488
1,216.51,216.51,1,375,0,1.0,1,1,0.7972093700936836
1,131.25,131.25,1,295,0,1.0,1,1,0.5681626480311521
1,88.37,88.37,1,133,0,1.0,1,1,0.646732366267892
1,49.760000000000005,49.760000000000005,1,217,0,1.0,1,1,0.5251081432032876
1,178.34,178.34,1,202,0,1.0,1,1,0.5676741627663594
1,173.82,173.82,2,305,0,1.0,1,1,0.8542950049089404
1,200.91,200.91,1,77,0,1.0,1,1,0.7988959457155824
1,810.29,810.29,1,170,0,1.0,1,1,0.9721788782771491
1,153.32,153.32,2,87,0,1.0,1,1,0.741969039849738
1,80.21000000000001,80.21000000000001,1,92,0,1.0,1,1,0.6537427088009623
1,68.01,68.01,1,316,0,1.0,1,1,0.8307312902680737
1,136.98000000000002,136.98000000000002,1,97,0,1.0,1,1,0.6126757733031966
1,39.089999999999996,39.089999999999996,1,133,0,1.0,1,1,0.595280311626245
1,111.82,111.82,1,0,0,1.0,1,0,0.486083865243199
1,79.56,79.56,1,7,0,1.0,1,0,0.46204938658806705
1,358.03999999999996,358.03999999999996,1,177,0,1.0,1,1,0.7529015509930254
1,61.1,61.1,1,25,0,1.0,1,1,0.5165179414287004
1,101.24000000000001,101.24000000000001,1,162,0,1.0,1,1,0.5761393946631326
1,29.77,29.77,1,23,0,1.0,1,0,0.3268023656987785
1,50.34,50.34,1,38,0,1.0,1,0,0.4944103621034003
1,206.44,206.44,1,388,0,1.0,1,1,0.7773367423493868
1,38.3,38.3,1,239,0,1.0,1,1,0.6891335850453811
1,64.34,64.34,1,53,0,1.0,1,1,0.5280723927398676
1,96.98,96.98,1,310,0,1.0,1,1,0.7910444184614023
1,125.25,125.25,3,226,0,1.0,1,1,0.8087343338962305
1,211.76999999999998,211.76999999999998,1,216,0,1.0,1,1,0.6757614315501037
1,135.07999999999998,135.07999999999998,1,87,0,1.0,1,1,0.598720055390116
1,109.5,109.5,1,28,0,1.0,1,0,0.4896297775005985
1,48.0,48.0,1,185,0,1.0,1,1,0.5187105580412913
1,55.1,55.1,1,9,0,1.0,1,0,0.49147335167420114
1,116.94,116.94,1,150,0,1.0,1,1,0.6030697777613206
1,134.75,134.75,1,166,0,1.0,1,1,0.5661462053268116
1,135.6,135.6,1,120,0,1.0,1,1,0.5758033119845886
1,202.63000000000002,202.63000000000002,1,181,0,1.0,1,1,0.72673499510315
1,63.17,63.17,1,208,0,1.0,1,1,0.5846545230771191
1,115.36,115.36,2,287,0,1.0,1,1,0.7183568222713744
1,143.25,143.25,2,254,0,1.0,1,1,0.6760651151980303
1,47.68,47.68,1,44,0,1.0,1,0,0.48946794539632454
1,52.01,52.01,1,16,0,1.0,1,0,0.49152818607131576
1,71.63,71.63,1,97,0,1.0,1,1,0.6118338703729553
1,25.86,25.86,1,369,0,1.0,1,1,0.7057330168694224
1,134.04999999999998,134.04999999999998,1,114,0,1.0,1,1,0.5758033119845886
1,489.09,489.09,1,0,0,1.0,1,1,0.8538112669916142
1,74.77,74.77,1,96,0,1.0,1,1,0.6597072030024356
1,68.7,68.7,1,117,0,1.0,1,1,0.6501642324291599
1,618.85,618.85,1,260,0,1.0,1,1,0.9730439021375239
1,77.57,77.57,1,124,0,1.0,1,1,0.6444839471572367
1,87.25999999999999,87.25999999999999,2,104,0,1.0,1,1,0.5986004902384967
1,90.56,90.56,1,271,0,1.0,1,1,0.5706169124304029
1,58.82,58.82,1,53,0,1.0,1,0,0.4944269552098933
1,186.95,186.95,1,149,0,1.0,1,1,0.7531910344314318
1,47.1,47.1,1,43,0,1.0,1,0,0.48946794539632454
2,303.93,151.965,2,177,0,2.0,1,1,0.9704009993727492
1,201.06,201.06,1,184,0,1.0,1,1,0.745717657386098
1,46.0,46.0,1,69,0,1.0,1,1,0.5387718556575942
1,106.21000000000001,106.21000000000001,1,26,0,1.0,1,1,0.5024914612676906
1,159.68,159.68,1,336,0,1.0,1,1,0.5971851025820079
1,43.089999999999996,43.089999999999996,1,94,0,1.0,1,1,0.5869986812690159
1,2733.6299999999997,2733.6299999999997,1,69,0,1.0,1,1,0.9955535111345699
1,41.83,41.83,1,3,0,1.0,1,1,0.5000062101920778
1,65.6,65.6,1,169,0,1.0,1,1,0.5388201933983496
1,1038.56,1038.56,1,219,0,1.0,1,1,0.9798495137248545
1,352.55,352.55,1,91,0,1.0,1,1,0.7217177936039498
1,215.76,215.76,1,20,0,1.0,1,0,0.4879050491978804
1,54.34,54.34,1,12,0,1.0,1,0,0.47780301479910775
1,767.29,767.29,1,92,0,1.0,1,1,0.9192273770730325
1,154.48000000000002,154.48000000000002,1,0,0,1.0,1,1,0.6372310207159998
1,562.05,562.05,1,45,0,1.0,1,1,0.9736650208430884
1,31.77,31.77,1,39,0,1.0,1,0,0.3107995125538821
1,40.65,40.65,1,347,0,1.0,1,1,0.7832250272752984
1,62.01,62.01,1,214,0,1.0,1,1,0.5064851540918995
2,68.6,34.3,2,218,0,2.0,1,1,0.8964194690857967
1,256.92,256.92,1,107,0,1.0,1,1,0.6999977580685006
1,172.45000000000002,172.45000000000002,1,208,0,1.0,1,1,0.5547680876712602
1,33.089999999999996,33.089999999999996,1,292,0,1.0,1,1,0.6571927727351233
1,31.43,31.43,1,8,0,1.0,1,0,0.29709989785021884
1,127.6,127.6,1,217,0,1.0,1,1,0.5492998153481069
1,46.239999999999995,46.239999999999995,1,97,0,1.0,1,1,0.5325357903103904
1,41.339999999999996,41.339999999999996,1,233,0,1.0,1,1,0.7130945252152853
1,185.94,185.94,1,19,0,1.0,1,1,0.7115289908096422
1,175.4,175.4,2,249,0,1.0,1,1,0.6948196902785686
1,35.0,35.0,1,230,0,1.0,1,1,0.6782066406323213
1,220.04,220.04,1,229,0,1.0,1,1,0.8060833755277017
1,127.41,127.41,1,310,0,1.0,1,1,0.7735723865784361
1,42.58,42.58,1,49,0,1.0,1,1,0.6203238890260049
1,143.65,143.65,1,48,0,1.0,1,1,0.5412752904795174
1,115.89999999999999,115.89999999999999,1,325,0,1.0,1,1,0.7871460948946817
1,28.839999999999996,28.839999999999996,1,160,0,1.0,1,1,0.6317652702086588
1,240.12,240.12,1,100,0,1.0,1,1,0.7657548245630716
1,77.57,77.57,1,174,0,1.0,1,1,0.6382762425764361
1,164.79000000000002,164.79000000000002,1,9,0,1.0,1,0,0.4723387461758305
1,30.96,30.96,1,364,0,1.0,1,1,0.7842352153910769
1,112.71000000000001,112.71000000000001,1,230,0,1.0,1,1,0.544341480009244
1,358.82,358.82,1,202,0,1.0,1,1,0.6956974211395326
1,70.72,70.72,1,41,0,1.0,1,0,0.4869862781510371
1,146.66000000000003,146.66000000000003,1,87,0,1.0,1,1,0.6147194998261263
1,141.24,141.24,2,212,0,1.0,1,1,0.6701875816102895
1,58.61,58.61,1,360,0,1.0,1,1,0.6369528936261404
1,70.46,70.46,1,359,0,1.0,1,1,0.6933088752857511
1,86.02000000000001,86.02000000000001,1,55,0,1.0,1,1,0.5835107063564263
1,77.57,77.57,1,113,0,1.0,1,1,0.644120310847286
1,217.82,217.82,2,111,0,1.0,1,1,0.7686043883736625
1,180.51,180.51,1,263,0,1.0,1,1,0.7026275661744651
1,140.20000000000002,140.20000000000002,1,197,0,1.0,1,1,0.5758800568408122
1,73.47,73.47,1,170,0,1.0,1,1,0.6508946179982334
1,36.35,36.35,1,73,0,1.0,1,0,0.45470849456177137
1,136.07999999999998,136.07999999999998,1,98,0,1.0,1,1,0.6081409485808655
1,59.25,59.25,1,329,0,1.0,1,1,0.7811714947735456
1,618.6,618.6,1,48,0,1.0,1,1,0.9729704765294532
1,70.72,70.72,1,36,0,1.0,1,0,0.48172529891954174
1,105.36,105.36,2,313,0,1.0,1,1,0.8516888173718344
1,46.69,46.69,1,261,0,1.0,1,1,0.5197483580361704
1,231.87,231.87,1,176,0,1.0,1,1,0.7406707101303237
1,122.47,122.47,1,17,0,1.0,1,0,0.46138880562242474
1,287.21,287.21,1,324,0,1.0,1,1,0.8213026765660276
1,72.05,72.05,1,238,0,1.0,1,1,0.5089537273405662
1,36.7,36.7,1,41,0,1.0,1,0,0.4406138928096489
1,62.6,62.6,1,101,0,1.0,1,1,0.5276776001407906
1,226.85,226.85,1,78,0,1.0,1,1,0.8243098852785954
1,202.71,202.71,1,411,0,1.0,1,1,0.7812252018587997
1,732.68,732.68,1,94,0,1.0,1,1,0.9192273770730325
1,62.41,62.41,1,95,0,1.0,1,1,0.5303864962184872
1,166.4,166.4,4,76,0,1.0,1,1,0.8178439757436728
1,215.01,215.01,1,195,0,1.0,1,1,0.5808463660368922
1,59.0,59.0,1,124,0,1.0,1,0,0.47617995222741116
1,69.84,69.84,1,277,0,1.0,1,1,0.5502543145747819
1,132.75,132.75,1,226,0,1.0,1,1,0.5788554209695234
1,27.75,27.75,1,18,0,1.0,1,1,0.5263230375632331
1,58.95,58.95,1,324,0,1.0,1,1,0.7879021394320859
1,86.15,86.15,1,182,0,1.0,1,1,0.6144251057217823
1,86.56,86.56,1,152,0,1.0,1,1,0.6430211220200444
1,111.82,111.82,1,16,0,1.0,1,1,0.5231676279760407
1,79.56,79.56,1,202,0,1.0,1,1,0.6530973789884585
1,262.09999999999997,262.09999999999997,2,383,0,1.0,1,1,0.8319209148343134
1,206.87,206.87,1,104,0,1.0,1,1,0.7466942337468391
1,96.9,96.9,1,1,0,1.0,1,1,0.8108628341910034
1,135.94,135.94,1,343,0,1.0,1,1,0.6049058200997869
1,77.67,77.67,1,188,0,1.0,1,1,0.648195290751814
1,205.4,205.4,1,47,0,1.0,1,1,0.5890140304555155
1,109.29,109.29,1,205,0,1.0,1,1,0.5802975460569657
1,45.62,45.62,1,51,0,1.0,1,1,0.5618547255246628
1,366.19,366.19,1,9,0,1.0,1,0,0.4479136065686451
1,152.70000000000002,152.70000000000002,1,115,0,1.0,1,1,0.591693079170821
1,42.01,42.01,1,2,0,1.0,1,1,0.8192259738133675
1,196.92000000000002,196.92000000000002,1,114,0,1.0,1,1,0.7570652603910215
1,150.15,150.15,1,44,0,1.0,1,0,0.46623525393007137
1,81.76,81.76,1,232,0,1.0,1,1,0.5120003368974698
1,948.35,948.35,1,134,0,1.0,1,1,0.9210727698475109
1,50.62,50.62,1,97,0,1.0,1,0,0.47580791399253725
1,42.62,42.62,1,47,0,1.0,1,1,0.6123310007936059
1,165.29,165.29,1,33,0,1.0,1,0,0.44070288545628233
1,50.83,50.83,1,352,0,1.0,1,1,0.6460087391347675
1,100.33999999999999,100.33999999999999,1,65,0,1.0,1,1,0.56001132521695
1,190.58,190.58,1,178,0,1.0,1,1,0.7404431641660824
1,62.41,62.41,1,95,0,1.0,1,1,0.5303864962184872
1,377.63,377.63,1,108,0,1.0,1,1,0.7245673855121715
1,63.62,63.62,1,13,0,1.0,1,1,0.5271006403085136
1,169.88,169.88,2,299,0,1.0,1,1,0.7053127518858366
1,184.93,184.93,1,211,0,1.0,1,1,0.776309779114316
1,61.769999999999996,61.769999999999996,1,135,0,1.0,1,1,0.5350373768506697
1,61.46,61.46,1,329,0,1.0,1,1,0.7932672886945876
1,94.3,94.3,1,258,0,1.0,1,1,0.5741885702489693
1,451.34,451.34,1,190,0,1.0,1,1,0.9304575440223495
1,120.44,120.44,1,343,0,1.0,1,1,0.5884637206223745
1,34.51,34.51,1,303,0,1.0,1,1,0.6587544242996042
1,105.07,105.07,1,77,0,1.0,1,1,0.6030393381420083
1,72.2,72.2,1,102,0,1.0,1,1,0.628240184386378
1,54.94,54.94,1,190,0,1.0,1,0,0.49327486122939734
1,233.55,233.55,1,84,0,1.0,1,1,0.805071115730019
2,82.0,41.0,2,342,0,2.0,1,1,0.9551997152968571
1,136.19,136.19,1,0,0,1.0,1,1,0.6492981212889194
1,71.03999999999999,71.03999999999999,1,191,0,1.0,1,1,0.681094617222461
1,27.799999999999997,27.799999999999997,1,89,0,1.0,1,1,0.6327255369472997
1,32.0,32.0,1,21,0,1.0,1,0,0.43613352493002955
1,91.75,91.75,1,242,0,1.0,1,1,0.5551734086560081
1,33.75,33.75,1,92,0,1.0,1,1,0.5823049015880065
1,32.62,32.62,1,387,0,1.0,1,1,0.7770905015722916
1,42.74,42.74,1,65,0,1.0,1,1,0.6013374984007153
1,152.48,152.48,1,86,0,1.0,1,1,0.6147194998261263
1,40.01,40.01,1,267,0,1.0,1,1,0.6172014943114372
1,58.489999999999995,58.489999999999995,1,99,0,1.0,1,0,0.48457725273311447
1,156.51,156.51,1,72,0,1.0,1,0,0.4981512906170211
1,50.86,50.86,1,307,0,1.0,1,1,0.7919307341629775
1,135.61,135.61,1,214,0,1.0,1,1,0.5517441529582462
1,37.089999999999996,37.089999999999996,1,75,0,1.0,1,0,0.35338260984897396
1,51.42,51.42,1,344,0,1.0,1,1,0.6547893320460461
1,159.14000000000001,159.14000000000001,1,283,0,1.0,1,1,0.5689268493150921
1,27.35,27.35,1,55,0,1.0,1,0,0.45449692420896914
1,35.0,35.0,1,56,0,1.0,1,0,0.4712609311669326
1,48.95,48.95,1,362,0,1.0,1,1,0.655536383982164
1,107.78,107.78,1,250,0,1.0,1,1,0.5537644096956474
1,74.57,74.57,1,324,0,1.0,1,1,0.858464914893385
2,101.1,50.55,2,141,27,0.07142857142857142,1,1,0.5187397380527008
1,91.18,91.18,1,91,0,1.0,1,1,0.6674705474810174
1,40.0,40.0,1,236,0,1.0,1,1,0.7015583041008991
1,72.07,72.07,1,333,0,1.0,1,1,0.7169585175274407
1,131.46,131.46,1,148,0,1.0,1,1,0.5688330206559215
1,365.78000000000003,365.78000000000003,2,97,0,1.0,1,1,0.7684777341057534
1,159.3,159.3,1,86,0,1.0,1,1,0.6147194998261263
1,52.1,52.1,1,21,0,1.0,1,0,0.48150538999555
1,69.14,69.14,1,177,0,1.0,1,1,0.6413708243431232
1,61.379999999999995,61.379999999999995,1,325,0,1.0,1,1,0.7932672886945876
1,126.33,126.33,1,62,0,1.0,1,1,0.5270357846250576
1,125.99,125.99,1,394,0,1.0,1,1,0.6827786496605495
1,140.49,140.49,1,75,0,1.0,0,1,0.5639408921425041
1,91.07000000000001,91.07000000000001,1,323,0,1.0,1,1,0.8581166336851728
1,85.52,85.52,1,222,0,1.0,1,1,0.579781228663937
1,81.63000000000001,81.63000000000001,1,193,0,1.0,1,1,0.6350024233978376
1,63.269999999999996,63.269999999999996,1,21,0,1.0,1,1,0.5132323554060453
1,254.22,254.22,1,3,0,1.0,1,0,0.4749958886111015
1,52.230000000000004,52.230000000000004,1,92,0,1.0,1,0,0.47893675646870376
1,50.86,50.86,1,370,0,1.0,1,1,0.6454474045539301
1,29.22,29.22,1,220,0,1.0,1,1,0.7190917712057898
1,190.37,190.37,1,81,0,1.0,1,1,0.795782685348096
1,164.15,164.15,1,362,0,1.0,1,1,0.6069023297094306
1,79.62,79.62,1,315,0,1.0,1,1,0.8452682665157631
1,151.99,151.99,1,110,0,1.0,1,1,0.5913025207360016
1,38.01,38.01,1,62,0,1.0,1,1,0.5145004873771881
1,308.29999999999995,308.29999999999995,1,51,0,1.0,1,1,0.7556125900633169
1,66.47999999999999,66.47999999999999,2,196,0,1.0,1,1,0.7330934702192331
1,76.08,76.08,1,207,0,1.0,1,1,0.6507284268759942
1,368.91999999999996,368.91999999999996,1,273,0,1.0,1,1,0.8778935499305792
1,74.2,74.2,2,260,0,1.0,1,1,0.6474201553115531
1,69.03,69.03,1,262,0,1.0,1,1,0.5253748368787318
1,42.58,42.58,1,42,0,1.0,1,1,0.6138944650871019
1,162.9,162.9,1,400,0,1.0,1,1,0.6648522373138214
1,189.37,189.37,1,13,0,1.0,1,0,0.3443934952907942
1,76.25,76.25,1,384,0,1.0,1,1,0.7155217047095154
1,82.47999999999999,82.47999999999999,1,90,0,1.0,1,1,0.6518255477950468
1,48.69,48.69,1,231,0,1.0,1,1,0.5346380501644461
1,31.75,31.75,1,50,0,1.0,1,0,0.34806337512826985
2,162.77999999999997,81.38999999999999,3,6,0,2.0,1,0,0.23259292178864754
1,67.18,67.18,1,333,0,1.0,1,1,0.6765209169286511
1,35.0,35.0,1,142,0,1.0,1,1,0.5798738627670161
1,68.0,68.0,2,196,0,1.0,1,1,0.7619914999670093
1,108.88,108.88,1,1,0,1.0,1,1,0.7224869723585431
1,28.4,28.4,1,42,0,1.0,1,1,0.5472978186164696
1,76.98,76.98,1,148,0,1.0,1,1,0.6370912851129946
1,76.85000000000001,76.85000000000001,1,98,0,1.0,1,1,0.64334610260473
1,38.8,38.8,1,92,0,1.0,1,1,0.5677735176392136
1,368.10999999999996,368.10999999999996,1,157,0,1.0,1,1,0.8182523846100647
1,136.37,136.37,1,77,0,1.0,1,1,0.6081724758357904
1,135.25,135.25,1,353,0,1.0,1,1,0.6049058200997869
1,324.96000000000004,324.96000000000004,1,158,0,1.0,1,1,0.8713285472988688
1,156.44,156.44,1,47,0,1.0,1,0,0.4807168315209547
1,101.73,101.73,1,117,0,1.0,1,1,0.6088191896021452
1,378.60999999999996,378.60999999999996,1,393,0,1.0,1,1,0.9443210723285578
1,86.86,86.86,1,40,0,1.0,1,1,0.5747831746434022
1,470.73,470.73,1,348,0,1.0,1,1,0.9565790489574645
1,359.8,359.8,1,332,0,1.0,1,1,0.6072167137224515
1,70.83,70.83,1,92,0,1.0,1,1,0.6602859924292804
1,32.379999999999995,32.379999999999995,1,104,0,1.0,1,1,0.6154987407590639
1,42.49,42.49,1,81,0,1.0,1,1,0.5987662921846364
1,66.67,66.67,1,95,0,1.0,1,0,0.4694602325773092
3,178.55999999999997,59.51999999999999,3,176,43,0.06818181818181818,1,1,0.5767127434818521
1,193.6,193.6,2,111,0,1.0,1,1,0.7009088518280306
1,28.619999999999997,28.619999999999997,1,86,0,1.0,1,1,0.6312273863184162
1,22.7,22.7,1,292,0,1.0,1,1,0.5787211546041653
1,83.25,83.25,1,35,0,1.0,1,0,0.49768734780045387
1,43.0,43.0,1,179,0,1.0,1,1,0.6189129317911771
1,104.27,104.27,1,8,0,1.0,1,1,0.5088948239614215
1,31.0,31.0,1,147,0,1.0,1,1,0.5984481881360592
1,296.12,296.12,2,254,0,1.0,1,1,0.8326586503485573
1,33.86,33.86,1,318,0,1.0,1,1,0.873890609555878
1,185.84,185.84,1,175,0,1.0,1,1,0.7488228984359722
1,85.14,85.14,1,187,0,1.0,1,1,0.6263749553820893
1,66.78,66.78,1,181,0,1.0,1,1,0.5096593989407266
1,316.3,316.3,1,133,0,1.0,1,1,0.8133656333301446
1,647.54,647.54,1,174,0,1.0,1,1,0.9619038959884496
1,140.04,140.04,1,300,0,1.0,1,1,0.5565584500897658
1,77.57,77.57,1,111,0,1.0,1,1,0.6431625994044999
1,196.7,196.7,1,273,0,1.0,1,1,0.8098656182001076
2,383.36,191.68,2,98,2,0.6666666666666666,1,1,0.8627874493528286
1,163.92000000000002,163.92000000000002,1,168,0,1.0,1,1,0.5728731656336105
1,148.15,148.15,1,51,0,1.0,1,1,0.5519344940049362
1,55.96,55.96,1,314,0,1.0,1,1,0.7936265775785457
1,55.239999999999995,55.239999999999995,1,13,0,1.0,1,0,0.4967203660521993
1,44.239999999999995,44.239999999999995,1,253,0,1.0,1,1,0.6674872634125402
1,658.65,658.65,1,28,0,1.0,1,1,0.9802727145237792
1,644.9,644.9,1,120,0,1.0,1,1,0.8749684600436791
2,281.5,140.75,2,178,75,0.02631578947368421,1,1,0.6024642109302704
1,47.78,47.78,1,85,0,1.0,1,0,0.4710390699364202
1,116.44999999999999,116.44999999999999,1,30,0,1.0,1,1,0.5069505320492264
1,55.6,55.6,1,99,0,1.0,1,0,0.4760462554906391
1,55.940000000000005,55.940000000000005,1,293,0,1.0,1,1,0.511250155593957
1,114.11,114.11,1,316,0,1.0,1,1,0.7858723492237887
1,80.11000000000001,80.11000000000001,1,288,0,1.0,1,1,0.5002201278595083
1,234.18,234.18,1,286,0,1.0,1,1,0.7843329830587977
1,105.87,105.87,1,78,0,1.0,1,1,0.59333438609854
1,719.96,719.96,1,61,0,1.0,1,1,0.9905768696663315
1,28.29,28.29,1,124,0,1.0,1,1,0.6451091810702351
1,102.56,102.56,2,96,0,1.0,1,1,0.6821549714166345
1,29.33,29.33,1,103,0,1.0,1,1,0.5946973594425258
1,137.07999999999998,137.07999999999998,1,79,0,1.0,1,1,0.597072858334542
1,836.34,836.34,1,116,0,1.0,1,1,0.9065116207924054
1,189.97,189.97,1,57,0,1.0,1,0,0.422749584093415
1,85.6,85.6,1,237,0,1.0,1,1,0.508476113217058
2,225.68,112.84,3,87,30,0.06451612903225806,1,0,0.4362084502724462
1,79.33,79.33,1,135,0,1.0,1,1,0.6465590824112089
1,114.33000000000001,114.33000000000001,1,13,0,1.0,1,1,0.5355105127769602
1,69.73,69.73,1,79,0,1.0,1,1,0.6076364168021786
1,102.03,102.03,1,229,0,1.0,1,1,0.6134766181012701
1,41.62,41.62,1,51,0,1.0,1,1,0.6147119814525329
1,36.35,36.35,1,93,0,1.0,1,1,0.5646032936897308
1,50.0,50.0,1,204,0,1.0,1,1,0.5189976684422837
1,127.97999999999999,127.97999999999999,2,7,0,1.0,1,0,0.41460896207007186
1,28.27,28.27,1,22,0,1.0,1,1,0.524425589825413
1,125.43,125.43,1,228,0,1.0,1,1,0.5739533914187804
1,254.84,254.84,1,354,0,1.0,1,1,0.8258936475972686
1,68.89,68.89,1,213,0,1.0,1,1,0.628217148154165
1,79.47,79.47,1,94,0,1.0,1,1,0.6533240029825826
1,77.71,77.71,1,112,0,1.0,1,1,0.6431625994044999
1,531.75,531.75,1,9,0,1.0,1,1,0.874156759347704
1,64.86,64.86,1,103,0,1.0,1,1,0.5087673023013072
1,316.4,316.4,1,101,0,1.0,1,1,0.6687553878643311
1,52.0,52.0,1,289,0,1.0,1,0,0.4964405379266528
1,84.1,84.1,2,380,0,1.0,1,1,0.787849010586969
1,125.0,125.0,2,148,0,1.0,1,1,0.6802725252081157
1,45.08,45.08,1,3,0,1.0,1,1,0.6184667765958054
1,63.56,63.56,1,353,0,1.0,1,1,0.6973653626163435
1,279.38,279.38,1,272,0,1.0,1,1,0.8902803042057671
1,127.5,127.5,1,380,0,1.0,1,1,0.6405969027979186
1,111.03,111.03,1,57,0,1.0,1,1,0.578946621418508
1,32.769999999999996,32.769999999999996,1,79,0,1.0,1,1,0.5945425861261178
1,83.23,83.23,1,181,0,1.0,1,1,0.6111053658241001
1,34.75,34.75,1,228,0,1.0,1,1,0.7382228912833558
1,727.56,727.56,7,95,0,1.0,1,1,0.9010394237752244
1,168.61,168.61,1,176,0,1.0,1,1,0.5795839841354169
1,188.5,188.5,1,56,0,1.0,1,0,0.47034225224508946
2,113.88,56.94,2,17,15,0.125,1,1,0.5688417549640505
1,65.5,65.5,1,512,0,1.0,1,1,0.5068074316479783
1,46.85,46.85,1,180,0,1.0,1,1,0.5412069664256145
1,112.88,112.88,1,96,0,1.0,1,1,0.5674312959663691
1,58.379999999999995,58.379999999999995,1,233,0,1.0,1,1,0.5044637763885522
1,147.15,147.15,1,50,0,1.0,1,1,0.5519344940049362
1,115.02000000000001,115.02000000000001,1,315,0,1.0,1,1,0.7871460948946817
1,302.46,302.46,1,143,0,1.0,1,1,0.802998850055507
1,1055.86,1055.86,1,162,0,1.0,1,1,0.9760262990452876
1,103.75,103.75,1,204,0,1.0,1,1,0.6205126752841966
1,104.73,104.73,1,155,0,1.0,1,1,0.5754947219958811
3,841.15,280.3833333333333,5,92,312,0.009584664536741214,1,1,0.6763314842773674
1,146.56,146.56,1,22,0,1.0,1,0,0.49588284261973037
1,123.04,123.04,1,96,0,1.0,1,1,0.5945926895250665
1,225.57,225.57,1,137,0,1.0,1,1,0.7493964203625716
1,254.74,254.74,1,363,0,1.0,1,1,0.8328772504543631
1,131.35,131.35,1,370,0,1.0,1,1,0.6421798270170022
1,195.18,195.18,2,105,0,1.0,1,1,0.7040869998662219
1,31.77,31.77,1,16,0,1.0,1,0,0.2784841844844492
1,66.00999999999999,66.00999999999999,1,89,0,1.0,1,1,0.5400602206066603
1,183.93,183.93,1,265,0,1.0,1,1,0.7026275661744651
1,21.43,21.43,1,43,0,1.0,1,0,0.38293445829238276
1,130.01,130.01,1,233,0,1.0,1,1,0.5534600893202238
1,64.14,64.14,1,79,0,1.0,1,1,0.5298153317205582
1,47.62,47.62,1,91,0,1.0,1,0,0.4788503916319551
1,112.42000000000002,112.42000000000002,1,105,0,1.0,1,1,0.553498829827154
1,43.03,43.03,1,204,0,1.0,1,1,0.7003573389540164
1,95.64,95.64,3,206,0,1.0,1,1,0.6922200666703171
2,257.09000000000003,128.54500000000002,2,268,91,0.021739130434782608,1,1,0.8275235524478035
1,42.68,42.68,1,33,0,1.0,1,1,0.6108793940487572
1,367.78999999999996,367.78999999999996,1,65,0,1.0,1,1,0.7471129359560019
1,40.0,40.0,1,7,0,1.0,1,0,0.4284322144142302
1,40.6,40.6,1,93,0,1.0,1,1,0.5894656845000331
1,50.87,50.87,1,96,0,1.0,1,0,0.4766758965745756
1,359.96999999999997,359.96999999999997,1,373,0,1.0,1,1,0.7231215615392919
1,43.5,43.5,1,224,0,1.0,1,1,0.7511502407212578
1,61.72,61.72,1,143,0,1.0,1,1,0.5411005883403402
1,65.09,65.09,1,134,0,1.0,1,1,0.5449746232629986
1,43.1,43.1,1,72,0,1.0,1,0,0.4605722951098878
1,163.48000000000002,163.48000000000002,1,212,0,1.0,1,1,0.5547103175177583
1,65.69,65.69,1,1,0,1.0,1,1,0.7935346646271568
1,62.78,62.78,1,170,0,1.0,1,1,0.5548763737251378
1,137.09,137.09,1,83,0,1.0,1,1,0.6005936342896158
1,37.769999999999996,37.769999999999996,1,37,0,1.0,1,0,0.390477005407779
1,364.99,364.99,1,75,0,1.0,1,1,0.7611102517111015
1,84.05000000000001,84.05000000000001,1,330,0,1.0,1,1,0.8246828622799367
1,63.269999999999996,63.269999999999996,1,49,0,1.0,1,1,0.552728272269723
1,196.57,196.57,1,325,0,1.0,1,1,0.8315178904905849
1,49.84,49.84,1,354,0,1.0,1,1,0.6496861099852529
1,57.43,57.43,1,3,0,1.0,1,1,0.575218879180995
1,136.42,136.42,1,167,0,1.0,1,1,0.5661462053268116
1,295.52,295.52,1,49,0,1.0,1,1,0.7563489653100369
1,341.4,341.4,2,9,0,1.0,1,1,0.6693594788795669
1,93.3,93.3,1,136,0,1.0,1,1,0.6593681245826268
1,42.68,42.68,1,6,0,1.0,1,1,0.5898329285674826
1,131.35,131.35,1,194,0,1.0,1,1,0.5837145940595889
1,83.14,83.14,1,242,0,1.0,1,0,0.48098134689803973
1,74.63,74.63,1,29,0,1.0,1,1,0.5268074006030591
1,26.35,26.35,1,15,0,1.0,1,0,0.32967018430432704
1,68.89,68.89,1,170,0,1.0,1,1,0.6611347149062686
1,273.32,273.32,1,4,0,1.0,1,1,0.5773934075988145
2,997.96,498.98,2,164,163,0.012195121951219513,1,1,0.9075335607236017
1,90.76,90.76,1,100,0,1.0,1,1,0.6666939581897783
1,36.0,36.0,1,41,0,1.0,1,0,0.4406138928096489
1,261.96,261.96,2,324,0,1.0,1,1,0.8139749546861655
1,112.08,112.08,1,300,0,1.0,1,1,0.5519355963589793
1,46.1,46.1,1,271,0,1.0,1,1,0.5117479299633942
1,118.1,118.1,2,44,0,1.0,1,0,0.41144568117930125
1,56.29,56.29,1,323,0,1.0,1,1,0.7936265775785457
1,60.09,60.09,1,21,0,1.0,1,0,0.4813331952274143
1,126.23,126.23,1,47,0,1.0,1,0,0.43118609783952383
1,34.51,34.51,1,332,0,1.0,1,1,0.811000711339236
1,113.39,113.39,1,92,0,1.0,1,1,0.5938239280898464
2,131.2,65.6,2,6,0,2.0,1,1,0.7042319730622765
1,195.22,195.22,1,142,0,1.0,1,1,0.7200071646180055
1,252.0,252.0,1,54,0,1.0,1,1,0.6144178302009471
1,131.26,131.26,1,22,0,1.0,1,0,0.46495651902976354
1,114.44,114.44,1,155,0,1.0,1,1,0.5728107939899317
1,87.62,87.62,1,187,0,1.0,1,1,0.6480710591452439
1,98.14,98.14,1,94,0,1.0,1,1,0.5713731429797884
1,107.89999999999999,107.89999999999999,1,87,0,1.0,1,1,0.568387745306888
1,116.84,116.84,1,165,0,1.0,1,1,0.5978272581725156
1,75.07,75.07,1,39,0,1.0,1,1,0.5399415582240514
1,101.25,101.25,1,45,0,1.0,1,1,0.5138141249350393
1,57.239999999999995,57.239999999999995,2,345,0,1.0,1,1,0.8307314021014661
1,23.78,23.78,1,193,0,1.0,1,1,0.5818359092387799
1,41.42,41.42,1,333,0,1.0,1,1,0.7183601580700821
1,79.52000000000001,79.52000000000001,1,386,0,1.0,1,1,0.7183127895849531
1,38.01,38.01,1,74,0,1.0,1,0,0.4816600124987691
1,1617.8400000000001,1617.8400000000001,2,191,0,1.0,1,1,0.8780475742495942
1,151.79,151.79,2,96,0,1.0,1,1,0.7633130949752885
1,21.15,21.15,1,14,0,1.0,1,1,0.5258753864103277
1,118.23,118.23,1,207,0,1.0,1,1,0.5904936908607128
1,65.0,65.0,1,148,0,1.0,1,1,0.5387695330715494
1,83.73,83.73,1,84,0,1.0,1,1,0.5986261002863398
1,172.23000000000002,172.23000000000002,1,48,0,1.0,1,1,0.5365408873843316
1,87.36,87.36,1,117,0,1.0,1,1,0.6456170898225201
1,66.64,66.64,1,96,0,1.0,1,1,0.5271571717916193
1,65.98,65.98,1,361,0,1.0,1,1,0.6911488502449108
1,176.78,176.78,1,261,0,1.0,1,1,0.6380273215404398
1,74.16,74.16,1,290,0,1.0,1,1,0.5203603343876998
1,81.78,81.78,1,358,0,1.0,1,1,0.7212122139694467
1,61.36,61.36,2,41,0,1.0,1,1,0.6296436522349179
1,26.6,26.6,1,104,0,1.0,1,0,0.44963501725902283
1,62.589999999999996,62.589999999999996,1,192,0,1.0,1,1,0.5585774212985621
1,228.32,228.32,1,104,0,1.0,1,1,0.7600941669743579
1,30.0,30.0,1,237,0,1.0,1,1,0.6927829334332724
1,135.07999999999998,135.07999999999998,1,149,0,1.0,1,1,0.569310066115694
1,99.7,99.7,1,268,0,1.0,1,0,0.4872294560233173
1,46.4,46.4,1,326,0,1.0,1,1,0.7979068382748292
1,64.17,64.17,1,84,0,1.0,1,1,0.5285650484882369
1,102.03,102.03,1,204,0,1.0,1,1,0.6205126752841966
1,114.47,114.47,1,341,0,1.0,1,1,0.6531871350626681
1,71.37,71.37,1,300,0,1.0,1,1,0.5328669468279853
1,117.85000000000001,117.85000000000001,1,156,0,1.0,1,1,0.5762760956978428
1,19.86,19.86,1,349,0,1.0,1,1,0.8080782391641828
1,355.95,355.95,1,352,0,1.0,1,1,0.8488576574546236
1,73.75999999999999,73.75999999999999,1,260,0,1.0,1,1,0.5449098782953112
1,77.16,77.16,1,332,0,1.0,1,1,0.7145446430871387
1,154.42000000000002,154.42000000000002,1,91,0,1.0,1,1,0.620803182765098
1,54.09,54.09,1,86,0,1.0,1,0,0.46890179112465546
1,101.22,101.22,1,151,0,1.0,1,1,0.579869835516477
1,193.82,193.82,1,188,0,1.0,1,1,0.745717657386098
1,389.99,389.99,1,243,0,1.0,1,1,0.9618873047527142
2,317.71000000000004,158.85500000000002,2,86,0,2.0,1,1,0.9701088128896597
1,111.18,111.18,1,275,0,1.0,1,1,0.5744667060627898
1,36.75,36.75,1,245,0,1.0,1,1,0.6425808830902568
1,220.04,220.04,1,224,0,1.0,1,1,0.796120757161146
1,20.77,20.77,1,156,0,1.0,1,1,0.6966212632260308
1,125.52,125.52,2,270,0,1.0,1,1,0.698998991274662
1,28.33,28.33,1,83,0,1.0,1,1,0.6319299470893543
1,166.81,166.81,1,226,0,1.0,1,1,0.5658508319934967
1,32.589999999999996,32.589999999999996,1,15,0,1.0,1,0,0.4367674108328592
1,129.2,129.2,2,257,0,1.0,1,1,0.7066597032464526
1,414.08,414.08,2,39,0,1.0,1,1,0.8619186037269693
1,65.1,65.1,1,127,0,1.0,1,1,0.5268754451776203
1,125.97,125.97,1,338,0,1.0,1,1,0.6064983737905785
1,65.0,65.0,1,94,0,1.0,1,1,0.5374050718658389
1,96.11999999999999,96.11999999999999,1,164,0,1.0,1,1,0.5663387809093212
1,299.54,299.54,2,91,0,1.0,1,1,0.8388029133445328
1,332.57000000000005,332.57000000000005,1,90,0,1.0,1,1,0.8237713105116756
1,104.7,104.7,1,301,0,1.0,1,1,0.5930799372949384
1,54.1,54.1,1,51,0,1.0,1,1,0.5086465240284878
1,107.78,107.78,1,60,0,1.0,1,1,0.5753188639400836
1,148.18,148.18,1,51,0,1.0,1,1,0.5519344940049362
1,2027.23,2027.23,1,128,0,1.0,1,1,0.9381110525418859
1,151.74,151.74,1,346,0,1.0,1,1,0.6079364265398346
1,49.09,49.09,1,197,0,1.0,1,1,0.5458376299454799
1,69.77,69.77,1,339,0,1.0,1,1,0.6994228650732753
1,204.96,204.96,1,175,0,1.0,1,1,0.7310926483206324
1,113.71,113.71,1,22,0,1.0,1,1,0.5142378734558559
1,180.36,180.36,2,57,0,1.0,1,1,0.6779996892936018
1,669.3,669.3,1,172,0,1.0,1,1,0.9619038959884496
1,333.48,333.48,1,89,0,1.0,1,1,0.82249818261382
1,130.04,130.04,1,210,0,1.0,1,1,0.5880146353028242
1,1097.94,1097.94,1,312,0,1.0,1,1,0.9923145335787456
1,43.77,43.77,1,38,0,1.0,1,0,0.4688966588349684
1,76.65,76.65,1,30,0,1.0,1,0,0.4951422304934432
1,212.07,212.07,1,177,0,1.0,1,1,0.5838717829199886
1,177.49,177.49,1,43,0,1.0,1,1,0.7146858994498229
1,45.0,45.0,1,48,0,1.0,1,1,0.5620493801672817
1,58.4,58.4,1,231,0,1.0,1,1,0.5080131245673685
1,35.769999999999996,35.769999999999996,1,37,0,1.0,1,0,0.4451976604535143
2,80.12,40.06,2,332,0,2.0,1,1,0.9664548034925391
1,104.11999999999999,104.11999999999999,1,27,0,1.0,1,1,0.5373285574918093
1,395.96,395.96,2,145,0,1.0,1,1,0.7895343056738711
1,348.73999999999995,348.73999999999995,1,86,0,1.0,1,1,0.8299240071964468
1,181.55,181.55,1,114,0,1.0,1,1,0.6127835211392678
1,296.86,296.86,1,154,0,1.0,1,1,0.8452816162620287
1,114.78999999999999,114.78999999999999,1,329,0,1.0,1,1,0.7865942185149908
1,52.379999999999995,52.379999999999995,1,234,0,1.0,1,1,0.5066944662923154
1,122.47,122.47,1,51,0,1.0,1,0,0.4891548366707088
1,26.84,26.84,1,88,0,1.0,1,1,0.6206926378112473
1,34.099999999999994,34.099999999999994,1,337,0,1.0,1,1,0.811000711339236
1,27.96,27.96,1,322,0,1.0,1,1,0.8670514052825181
1,98.22,98.22,1,148,0,1.0,1,1,0.5546701891408222
1,45.61,45.61,1,5,0,1.0,1,1,0.622787888881586
1,148.71,148.71,1,308,0,1.0,1,1,0.7642912378616648
1,93.68,93.68,2,274,0,1.0,1,0,0.3706763506555905
1,44.66,44.66,2,405,0,1.0,1,1,0.8533327759702622
1,87.66,87.66,1,117,0,1.0,1,1,0.6456170898225201
1,43.26,43.26,1,399,0,1.0,1,1,0.6945370774341618
1,52.77,52.77,1,55,0,1.0,1,1,0.5181180536896508
1,476.44,476.44,2,2,0,1.0,1,1,0.8050835898968308
1,102.03,102.03,1,229,0,1.0,1,1,0.6134766181012701
1,39.0,39.0,1,168,0,1.0,1,1,0.5840440884953508
1,206.99,206.99,1,100,0,1.0,1,1,0.7466942337468391
1,74.16,74.16,1,150,0,1.0,1,1,0.6546250588515778
1,152.01999999999998,152.01999999999998,1,29,0,1.0,1,0,0.4407596403238319
1,39.089999999999996,39.089999999999996,1,8,0,1.0,0,1,0.5144465905744685
1,233.79,233.79,1,5,0,1.0,1,1,0.5279904421016994
1,79.10000000000001,79.10000000000001,1,137,0,1.0,1,1,0.6408674416182918
1,172.29,172.29,3,11,0,1.0,1,1,0.6061161844887886
1,155.02999999999997,155.02999999999997,2,79,0,1.0,1,1,0.7453068009438547
1,76.84,76.84,1,313,0,1.0,1,1,0.8449174953871704
1,93.55,93.55,1,229,0,1.0,1,1,0.6560677169357982
1,156.09,156.09,1,135,0,1.0,1,1,0.5908746921548607
1,35.089999999999996,35.089999999999996,1,138,0,1.0,1,1,0.5751393975022994
1,133.38,133.38,1,7,0,1.0,1,0,0.4424644189803184
1,334.58,334.58,2,55,0,1.0,1,1,0.8426571250217911
1,163.79,163.79,1,248,0,1.0,1,1,0.5155499508180776
1,126.47,126.47,1,155,0,1.0,1,1,0.5637037265178777
1,264.67,264.67,1,279,0,1.0,1,1,0.8581032562783162
1,244.15,244.15,1,30,0,1.0,1,1,0.5204460890796412
1,52.45,52.45,1,304,0,1.0,1,1,0.7919307341629775
1,116.13,116.13,1,6,0,1.0,1,0,0.49234225744385884
1,58.1,58.1,1,89,0,1.0,1,0,0.4825550398239406
1,137.99,137.99,1,185,0,1.0,1,1,0.5777618401861363
1,104.21000000000001,104.21000000000001,1,91,0,1.0,1,1,0.6114633559754814
1,195.91,195.91,1,28,0,1.0,1,0,0.24399902751615463
1,30.58,30.58,1,302,0,1.0,1,1,0.6395255202650312
1,124.95,124.95,1,301,0,1.0,1,1,0.5608763917390875
1,216.14000000000001,216.14000000000001,1,268,0,1.0,1,1,0.815937219013908
1,59.64,59.64,1,96,0,1.0,1,0,0.4490339516413445
1,147.37,147.37,1,172,0,1.0,1,1,0.5826721673161301
1,57.77,57.77,1,192,0,1.0,1,1,0.5007555352886996
1,125.52,125.52,1,229,0,1.0,1,1,0.5739533914187804
1,58.17,58.17,1,50,0,1.0,1,1,0.5101684099343927
1,242.02,242.02,1,259,0,1.0,1,1,0.8667586048846545
1,275.34,275.34,1,74,0,1.0,1,1,0.7030877859278617
1,101.73,101.73,1,87,0,1.0,1,1,0.6008302248057462
1,64.82,64.82,1,191,0,1.0,0,1,0.5411457401548995
1,102.18,102.18,1,70,0,1.0,1,1,0.5807636079229112
1,38.379999999999995,38.379999999999995,1,156,0,1.0,1,1,0.5856845974808678
1,136.5,136.5,1,178,0,1.0,1,1,0.5683831599363637
1,113.0,113.0,2,251,0,1.0,1,1,0.6301680937169852
1,332.22,332.22,2,330,0,1.0,1,1,0.9033494132146871
1,142.57,142.57,1,196,0,1.0,1,1,0.5931640598341618
1,112.89,112.89,1,85,0,1.0,1,1,0.5470051533904681
1,60.99,60.99,1,396,0,1.0,1,1,0.5555375719418568
1,129.14,129.14,1,85,0,1.0,1,1,0.6003288517628853
1,47.32,47.32,1,219,0,1.0,1,1,0.5829803864543888
1,195.69,195.69,1,8,0,1.0,1,0,0.28481477817579215
1,139.48000000000002,139.48000000000002,1,157,0,1.0,1,1,0.5689175578995173
1,112.25,112.25,2,87,0,1.0,1,1,0.6518979976213998
1,106.75,106.75,1,93,0,1.0,1,1,0.6121166067407657
1,68.63,68.63,1,96,0,1.0,1,1,0.6535066609682882
1,67.5,67.5,1,30,0,1.0,1,0,0.45799819809878206
1,33.989999999999995,33.989999999999995,1,27,0,1.0,1,0,0.42793958414228994
1,231.27,231.27,1,211,0,1.0,1,1,0.7959610996136849
1,44.239999999999995,44.239999999999995,1,263,0,1.0,1,1,0.6812497562831463
1,161.08,161.08,1,386,0,1.0,1,1,0.6131330971819278
1,142.32999999999998,142.32999999999998,1,109,0,1.0,1,1,0.593768312104555
1,107.41000000000001,107.41000000000001,1,512,0,1.0,1,1,0.7587133373202161
1,77.03,77.03,1,94,0,1.0,1,1,0.6463177142235443
1,34.78,34.78,1,306,0,1.0,1,1,0.8816843779396593
1,46.01,46.01,1,229,0,1.0,1,1,0.6143208329328037
1,240.13,240.13,2,50,0,1.0,1,1,0.7274710115566906
1,112.30000000000001,112.30000000000001,1,365,0,1.0,1,1,0.6617148376548375
1,430.04,430.04,2,96,0,1.0,1,1,0.8017034713064513
1,105.36999999999999,105.36999999999999,1,292,0,1.0,1,1,0.5966750827266311
1,38.68,38.68,1,103,0,1.0,1,1,0.5788842671550176
1,406.49,406.49,1,161,0,1.0,1,1,0.9312268158164491
1,56.800000000000004,56.800000000000004,1,108,0,1.0,1,0,0.48490728721020426
1,89.03,89.03,1,79,0,1.0,1,1,0.6498502701844172
1,75.53,75.53,1,317,0,1.0,1,1,0.847033919549548
1,194.87,194.87,2,317,0,1.0,1,1,0.6332263364008316
1,413.16999999999996,413.16999999999996,1,94,0,1.0,1,1,0.8151528199417138
1,87.46000000000001,87.46000000000001,1,204,0,1.0,1,1,0.6500441716933137
1,31.259999999999998,31.259999999999998,1,193,0,1.0,1,1,0.67393018293734
1,132.96,132.96,1,30,0,1.0,1,0,0.43194011027661644
1,264.87,264.87,1,82,0,1.0,1,1,0.7279890080725218
1,47.71,47.71,1,133,0,1.0,1,1,0.5034709529298761
1,119.25999999999999,119.25999999999999,1,108,0,1.0,1,1,0.5787782190981408
1,141.72,141.72,1,54,0,1.0,1,1,0.5258108763582519
1,800.11,800.11,1,26,0,1.0,1,1,0.9915885197361667
1,92.57,92.57,1,67,0,1.0,1,1,0.6373010166241673
1,118.68,118.68,2,46,0,1.0,1,0,0.4144943364387742
1,139.07,139.07,1,7,0,1.0,1,1,0.5097999723624833
1,167.29,167.29,1,239,0,1.0,1,1,0.5050140078039874
1,157.45,157.45,1,189,0,1.0,1,1,0.5906982684656085
1,146.24,146.24,1,167,0,1.0,1,1,0.5826721673161301
1,177.01,177.01,4,376,0,1.0,1,1,0.8971883699564028
1,104.56,104.56,1,5,0,1.0,1,1,0.6113245697955438
1,119.94,119.94,1,265,0,1.0,1,1,0.6023903958666985
1,81.72,81.72,1,298,0,1.0,1,1,0.5451867879153981
1,36.17,36.17,1,6,0,1.0,1,0,0.45916642301295185
1,73.77,73.77,1,9,0,1.0,1,0,0.47216185885995593
1,93.68,93.68,1,231,0,1.0,1,1,0.559254996107837
1,222.68,222.68,1,4,0,1.0,1,1,0.5291786566711444
1,106.87,106.87,1,61,0,1.0,1,1,0.5889179929446917
1,49.42,49.42,1,307,0,1.0,1,1,0.8014583790103741
1,90.0,90.0,2,259,0,1.0,1,0,0.40717115879001875
1,84.08,84.08,1,80,0,1.0,1,1,0.6015920625755464
1,77.18,77.18,1,2,0,1.0,1,1,0.7756587759708077
1,115.81,115.81,1,228,0,1.0,1,1,0.6095360599609124
1,92.97,92.97,1,86,0,1.0,1,1,0.6548913881850945
1,137.27,137.27,1,326,0,1.0,1,1,0.7663675683938775
1,35.69,35.69,1,38,0,1.0,1,0,0.4430138928096489
1,50.0,50.0,1,232,0,1.0,1,1,0.5081524239697327
1,83.23,83.23,1,95,0,1.0,1,1,0.6286319391737852
1,101.25,101.25,1,276,0,1.0,1,1,0.5954232530698799
1,87.64,87.64,1,119,0,1.0,1,1,0.6456170898225201
1,30.86,30.86,1,354,0,1.0,1,1,0.7842352153910769
1,62.15,62.15,1,64,0,1.0,0,1,0.5694815009824794
1,174.04000000000002,174.04000000000002,1,168,0,1.0,1,1,0.5406241081849967
1,22.78,22.78,1,152,0,1.0,1,1,0.557016401274684
1,64.02,64.02,2,162,0,1.0,1,1,0.7212072949497946
1,105.28,105.28,1,233,0,1.0,1,1,0.5662310220505598
1,116.24,116.24,1,83,0,1.0,1,1,0.6053314811930407
1,35.0,35.0,1,285,0,1.0,1,1,0.5965079897112451
1,210.11,210.11,1,15,0,1.0,1,1,0.5389183712391593
1,57.77,57.77,1,120,0,1.0,1,0,0.4875549205101514
1,41.019999999999996,41.019999999999996,1,348,0,1.0,1,1,0.529031250259139
1,278.42999999999995,278.42999999999995,1,52,0,1.0,1,1,0.6867359230451714
1,25.79,25.79,1,76,0,1.0,1,0,0.49974336365557886
1,127.92,127.92,1,227,0,1.0,1,1,0.5763216339504972
1,88.16000000000001,88.16000000000001,1,40,0,1.0,1,1,0.5747831746434022
1,195.62,195.62,2,157,0,1.0,1,1,0.5755284120239756
2,197.98000000000002,98.99000000000001,3,1,0,2.0,1,0,0.37006838221485033
1,125.8,125.8,1,383,0,1.0,1,1,0.637238483628468
1,203.64999999999998,203.64999999999998,5,307,0,1.0,1,1,0.8618158583721788
1,60.09,60.09,1,280,0,1.0,1,1,0.500704178478953
2,435.56000000000006,217.78000000000003,2,138,0,2.0,1,1,0.9531633436851024
2,106.24000000000001,53.120000000000005,2,248,0,2.0,1,1,0.8589980839569599
1,322.02,322.02,1,103,0,1.0,1,1,0.6687553878643311
1,18.61,18.61,1,103,0,1.0,1,1,0.6895615273165213
1,55.629999999999995,55.629999999999995,1,40,0,1.0,1,0,0.48650783615014564
1,57.0,57.0,1,223,0,1.0,1,1,0.5317099990316102
1,56.69,56.69,1,138,0,1.0,1,0,0.4967700614565973
1,43.83,43.83,1,340,0,1.0,1,1,0.7391360628229129
1,124.62,124.62,1,9,0,1.0,1,0,0.4154886363132785
1,87.76,87.76,1,14,0,1.0,1,1,0.5876105859963724
1,108.06,108.06,1,89,0,1.0,1,1,0.5686711446309896
1,88.08999999999999,88.08999999999999,1,379,0,1.0,1,1,0.7301602206800651
1,202.98,202.98,1,125,0,1.0,1,1,0.7453545546718492
1,119.25,119.25,1,48,0,1.0,1,0,0.49100518154756095
3,588.71,196.23666666666668,3,155,68,0.043478260869565216,1,1,0.7781880243924184
1,818.01,818.01,9,103,0,1.0,1,1,0.8628196880145527
1,87.8,87.8,1,28,0,1.0,1,1,0.5678856323257692
1,366.47,366.47,1,4,0,1.0,1,1,0.5266739716193295
1,148.76,148.76,1,343,0,1.0,1,1,0.6063210309209575
2,604.79,302.395,2,178,78,0.02531645569620253,1,1,0.8411070850147359
1,77.75,77.75,1,341,0,1.0,1,1,0.7167146560851525
1,80.77,80.77,1,348,0,1.0,1,1,0.7175510919253114
1,47.81,47.81,1,91,0,1.0,1,0,0.48764821907549133
1,98.0,98.0,2,100,0,1.0,1,1,0.6420828906790913
2,247.27999999999997,123.63999999999999,2,3,0,2.0,1,0,0.48937176613797095
1,76.66,76.66,1,90,0,1.0,1,1,0.6358662490165243
1,84.05,84.05,1,214,0,1.0,1,1,0.5847201308382035
1,155.45000000000002,155.45000000000002,1,159,0,1.0,1,1,0.587055414283961
1,95.64,95.64,1,148,0,1.0,1,1,0.568443937957123
1,459.01,459.01,2,246,0,1.0,1,1,0.9028614987073041
1,108.0,108.0,2,165,0,1.0,1,1,0.6124162270038882
1,188.65,188.65,1,34,0,1.0,1,0,0.3159774241578048
1,675.09,675.09,3,87,0,1.0,1,1,0.8065300318991959
1,84.72,84.72,1,2,0,1.0,1,1,0.8208926266621859
1,82.22,82.22,1,55,0,1.0,1,1,0.5734934194338998
1,50.1,50.1,1,173,0,1.0,1,0,0.4802242152683174
1,391.52,391.52,4,78,0,1.0,1,1,0.8745264174992432
1,104.73,104.73,1,139,0,1.0,1,1,0.5709390263019521
2,141.26,70.63,2,2,0,2.0,1,1,0.666633195737802
1,102.66000000000001,102.66000000000001,1,27,0,1.0,1,1,0.5373285574918093
1,47.589999999999996,47.589999999999996,1,234,0,1.0,1,1,0.5242756572788981
1,187.83,187.83,1,302,0,1.0,1,1,0.7956796097212765
1,304.35,304.35,1,172,0,1.0,1,1,0.8452816162620287
1,49.64,49.64,1,19,0,1.0,1,0,0.4767911329381965
1,98.2,98.2,2,343,0,1.0,1,1,0.7731710952115115
1,81.61,81.61,1,20,0,1.0,1,1,0.514933116400811
1,175.56,175.56,1,7,0,1.0,1,0,0.487130404647235
1,105.85999999999999,105.85999999999999,2,62,0,1.0,1,1,0.6256364747474524
1,228.79,228.79,1,264,0,1.0,1,1,0.8220267251970246
1,732.68,732.68,1,93,0,1.0,1,1,0.9192273770730325
1,141.48,141.48,1,406,0,1.0,1,1,0.6753321911807113
1,108.81,108.81,1,336,0,1.0,1,1,0.643950548735122
1,138.65,138.65,1,215,0,1.0,1,1,0.5496565617173702
1,93.3,93.3,1,41,0,1.0,1,1,0.5651274634852665
1,333.42,333.42,2,96,0,1.0,1,1,0.7956471517800131
1,189.37,189.37,1,38,0,1.0,1,0,0.3084969476344908
1,206.07999999999998,206.07999999999998,1,156,0,1.0,1,1,0.7354607843160921
1,136.60000000000002,136.60000000000002,2,96,0,1.0,1,1,0.747393342607274
1,135.59,135.59,1,95,0,1.0,1,1,0.6126757733031966
1,478.33,478.33,1,345,0,1.0,1,1,0.9565790489574645
1,52.78,52.78,1,264,0,1.0,1,0,0.48229453314704784
1,70.84,70.84,1,370,0,1.0,1,1,0.7004024946316111
1,144.75,144.75,1,217,0,1.0,1,1,0.5617124517533718
1,56.64,56.64,1,309,0,1.0,1,1,0.7905568496873893
1,57.68,57.68,1,195,0,1.0,1,1,0.5007555352886996
1,144.65,144.65,1,62,0,1.0,1,1,0.5750510710825595
1,98.04999999999998,98.04999999999998,3,272,0,1.0,1,1,0.7283956724369773
1,57.629999999999995,57.629999999999995,1,9,0,1.0,1,0,0.4910585972385024
1,224.39000000000001,224.39000000000001,1,22,0,1.0,1,0,0.49341384495924834
1,923.63,923.63,1,355,0,1.0,1,1,0.9889679276219798
1,185.84,185.84,1,203,0,1.0,1,1,0.7530207326204053
1,85.14,85.14,1,176,0,1.0,1,1,0.6170408369239012
1,77.66,77.66,1,292,0,1.0,1,1,0.5704552836335975
1,200.64,200.64,1,257,0,1.0,1,1,0.8092848644817349
1,47.84,47.84,1,80,0,1.0,1,0,0.4807904710805119
2,320.8,160.4,3,61,121,0.01639344262295082,1,1,0.6174272598998549
1,451.22999999999996,451.22999999999996,1,96,0,1.0,1,1,0.7709048415158655
1,399.81,399.81,1,203,0,1.0,1,1,0.9259376865756597
1,80.65,80.65,1,312,0,1.0,1,1,0.8452682665157631
1,81.63000000000001,81.63000000000001,1,209,0,1.0,1,1,0.64089850346232
1,49.4,49.4,1,50,0,1.0,1,1,0.5048330791095936
1,42.44,42.44,1,43,0,1.0,1,1,0.6138944650871019
1,479.25,479.25,2,78,0,1.0,1,1,0.9282528705630743
1,172.52,172.52,1,156,0,1.0,1,1,0.5456119594630064
1,16.78,16.78,1,9,0,1.0,1,1,0.602666833628723
1,18.25,18.25,1,314,0,1.0,1,1,0.8941046759521831
1,116.24,116.24,1,96,0,1.0,1,1,0.6276507151994366
1,35.089999999999996,35.089999999999996,1,233,0,1.0,1,1,0.6721124424738647
1,63.1,63.1,1,69,0,1.0,1,1,0.554483728979849
1,174.75,174.75,1,85,0,1.0,1,1,0.6062553719792066
1,504.76,504.76,1,192,0,1.0,1,1,0.9304575440223495
1,51.01,51.01,1,282,0,1.0,1,0,0.49315128267082986
1,241.36,241.36,4,89,0,1.0,1,1,0.9025735447318706
1,284.71000000000004,284.71000000000004,1,148,0,1.0,1,1,0.8288261270929095
1,115.02000000000001,115.02000000000001,1,313,0,1.0,1,1,0.7871460948946817
1,154.36,154.36,1,43,0,1.0,1,0,0.46389682635298213
1,1015.1800000000001,1015.1800000000001,1,143,0,1.0,1,1,0.936750212245771
1,97.86999999999999,97.86999999999999,1,223,0,1.0,1,1,0.5221588937167405
1,398.26,398.26,1,350,0,1.0,1,1,0.9644162603212844
1,178.5,178.5,1,205,0,1.0,1,1,0.5676741627663594
1,114.76,114.76,1,318,0,1.0,1,1,0.7823236806237632
1,198.82000000000002,198.82000000000002,1,181,0,1.0,1,1,0.7454062419582315
1,113.19,113.19,1,1,0,1.0,1,1,0.7324243306007486
1,57.5,57.5,1,235,0,1.0,1,0,0.494866162139159
1,105.86,105.86,1,206,0,1.0,1,1,0.6171344460127163
1,115.36000000000001,115.36000000000001,1,49,0,1.0,1,1,0.5706733725776117
2,118.35999999999999,59.17999999999999,3,159,0,2.0,1,1,0.8139784512083021
1,57.5,57.5,1,139,0,1.0,1,0,0.4934728679563391
1,94.63000000000001,94.63000000000001,1,328,0,1.0,1,1,0.856170605558985
1,174.88,174.88,1,18,0,1.0,1,0,0.47884609110266885
1,266.5,266.5,1,80,0,1.0,1,1,0.8158780658783179
1,116.22,116.22,2,297,0,1.0,1,1,0.7304355785709415
1,235.74,235.74,1,50,0,1.0,1,1,0.5810462337116914
1,55.1,55.1,1,50,0,1.0,1,1,0.5056674110973809
1,112.95,112.95,1,252,0,1.0,1,1,0.5262672546240035
1,184.43,184.43,1,55,0,1.0,1,1,0.7689411127966078
1,24.1,24.1,1,54,0,1.0,1,0,0.4734577457156642
1,50.15,50.15,1,267,0,1.0,1,0,0.4768325118912994
1,96.93,96.93,1,239,0,1.0,1,0,0.4833551377814761
1,44.089999999999996,44.089999999999996,1,18,0,1.0,1,1,0.5616238258954195
1,71.63,71.63,1,147,0,1.0,1,1,0.612692077402682
1,93.13,93.13,1,89,0,1.0,1,1,0.6571886304368177
1,79.61,79.61,1,355,0,1.0,1,1,0.7175510919253114
1,181.55,181.55,1,125,0,1.0,1,1,0.6143323317956637
1,31.339999999999996,31.339999999999996,1,47,0,1.0,1,0,0.30666502905261417
1,108.38,108.38,1,47,0,1.0,1,0,0.49301762423398626
2,197.65,98.825,2,120,195,0.01020408163265306,1,0,0.18951135774414907
1,158.3,158.3,1,38,0,1.0,1,0,0.46294692136519205
1,253.79000000000002,253.79000000000002,1,47,0,1.0,1,1,0.5436896477887798
1,72.43,72.43,1,92,0,1.0,1,1,0.5975221798673264
1,87.63,87.63,1,391,0,1.0,1,1,0.7357098664257429
1,117.95,117.95,1,107,0,1.0,1,1,0.5815677264557864
1,193.17000000000002,193.17000000000002,1,376,0,1.0,1,1,0.7475966817722695
1,167.20000000000002,167.20000000000002,1,255,0,1.0,1,1,0.570014769055393
1,197.69,197.69,1,72,0,1.0,1,0,0.4080557287490157
1,99.16000000000001,99.16000000000001,1,338,0,1.0,1,1,0.6350322128299885
1,77.57,77.57,1,206,0,1.0,1,1,0.6540913708162964
1,189.16,189.16,1,226,0,1.0,1,1,0.7922774246049918
1,175.85999999999999,175.85999999999999,3,159,0,1.0,1,1,0.7758631551868672
1,1444.62,1444.62,1,86,0,1.0,1,1,0.9729729954656925
1,46.29,46.29,1,297,0,1.0,1,1,0.5122920424458092
1,72.62,72.62,1,83,0,1.0,1,1,0.6224015093292367
1,124.52,124.52,1,1,0,1.0,1,1,0.7111145463280967
1,43.1,43.1,1,175,0,1.0,1,1,0.6017890130686376
1,59.72,59.72,2,324,0,1.0,1,1,0.9047701396736647
1,61.05,61.05,1,229,0,1.0,1,1,0.5712878374528461
1,119.30000000000001,119.30000000000001,1,378,0,1.0,1,1,0.6661457496618217
1,30.32,30.32,1,234,0,1.0,1,1,0.6927829334332724
1,142.31,142.31,1,4,0,1.0,1,1,0.597166730978332
1,146.46,146.46,1,9,0,1.0,1,0,0.49248386385002885
2,115.36,57.68,2,93,19,0.1,1,1,0.5263001991248648
1,57.68,57.68,1,278,0,1.0,1,1,0.511065182209362
1,77.99,77.99,1,219,0,1.0,1,1,0.5838511821809674
1,331.21,331.21,1,401,0,1.0,1,1,0.8768255716611513
1,161.71,161.71,1,405,0,1.0,1,1,0.670425598354963
1,112.71000000000001,112.71000000000001,1,172,0,1.0,1,1,0.5476682624508434
1,193.0,193.0,1,296,0,1.0,1,1,0.794210765451484
1,63.160000000000004,63.160000000000004,2,127,0,1.0,1,1,0.720510885116431
1,125.42,125.42,1,268,0,1.0,1,1,0.6031972141221884
1,93.01,93.01,1,92,0,1.0,1,1,0.6719803579530991
1,115.36000000000001,115.36000000000001,1,141,0,1.0,1,1,0.5955424095735347
1,64.1,64.1,1,220,0,1.0,1,1,0.544794953600571
1,506.17,506.17,1,40,0,1.0,1,1,0.6588210827511869
1,122.92,122.92,1,58,0,1.0,1,1,0.5296803601526182
1,51.56,51.56,2,3,0,1.0,1,1,0.57121868865662
1,49.34,49.34,1,49,0,1.0,1,1,0.5055694543563137
1,123.52,123.52,1,90,0,1.0,1,1,0.5823250428152851
2,107.28,53.64,2,7,122,0.016260162601626018,1,0,0.4644575151717159
1,386.76,386.76,1,223,0,1.0,1,1,0.9571379883489758
1,57.11,57.11,1,73,0,1.0,1,0,0.4521250283393903
1,75.12,75.12,1,295,0,1.0,1,1,0.5932698340300181
1,114.45,114.45,1,211,0,1.0,1,1,0.592252875191826
1,178.37,178.37,1,0,0,1.0,1,1,0.7597956889823939
1,150.22,150.22,1,407,0,1.0,1,1,0.6728663998121579
1,35.0,35.0,1,78,0,1.0,1,1,0.5285306734985445
1,669.98,669.98,1,80,0,1.0,1,1,0.9506986248753799
1,89.56,89.56,1,360,0,1.0,1,1,0.7333236452428294
1,53.4,53.4,1,63,0,1.0,1,1,0.5417173128720326
2,718.49,359.245,3,35,0,2.0,1,1,0.8924869211700737
1,40.0,40.0,1,217,0,1.0,1,1,0.7116231662529124
1,640.16,640.16,1,373,0,1.0,1,1,0.9834238402359745
1,44.79,44.79,1,43,0,1.0,1,1,0.5574715869436038
1,65.63,65.63,1,311,0,1.0,1,1,0.8263226621899313
1,205.76,205.76,1,50,0,1.0,1,1,0.6666213945744079
1,86.73,86.73,1,269,0,1.0,1,1,0.5392045518437592
1,284.06,284.06,2,388,0,1.0,1,1,0.915782976428053
1,69.53999999999999,69.53999999999999,1,37,0,1.0,1,0,0.4833592383001358
1,88.56,88.56,1,170,0,1.0,1,1,0.6392906811667002
1,376.56,376.56,1,96,0,1.0,1,1,0.7040750462632337
1,106.97,106.97,1,273,0,1.0,1,1,0.6169362264478481
1,36.69,36.69,1,79,0,1.0,1,1,0.566300445357519
1,507.76,507.76,3,187,0,1.0,1,1,0.8599890229229792
1,140.34,140.34,1,359,0,1.0,1,1,0.6118849547120813
1,71.64,71.64,1,13,0,1.0,1,0,0.4886795935341512
1,65.31,65.31,1,4,0,1.0,1,1,0.579565650696642
1,258.02,258.02,2,265,0,1.0,1,1,0.6726515584983759
1,212.02,212.02,1,109,0,1.0,1,1,0.6548147235488893
1,243.01,243.01,1,36,0,1.0,1,1,0.5189819957507185
1,251.28,251.28,1,389,0,1.0,1,1,0.8646250210512604
1,149.32999999999998,149.32999999999998,1,252,0,1.0,1,1,0.5288612078920327
1,97.71000000000001,97.71000000000001,1,248,0,1.0,1,0,0.4764212055515684
1,868.54,868.54,2,138,0,1.0,1,0,0.4726129962877859
1,92.81,92.81,1,254,0,1.0,1,1,0.5535750916133133
1,69.73,69.73,1,114,0,1.0,1,1,0.6460231843049833
1,207.45999999999998,207.45999999999998,1,108,0,1.0,1,1,0.7457502958880076
1,67.49000000000001,67.49000000000001,1,208,0,1.0,1,1,0.5788877876157917
1,1351.51,1351.51,1,178,0,1.0,1,1,0.9752570272511879
1,209.21,209.21,1,90,0,1.0,1,1,0.7872558931654411
1,32.96,32.96,1,366,0,1.0,1,1,0.7990526548486042
1,93.28,93.28,1,22,0,1.0,1,1,0.5562562443090493
1,77.57,77.57,1,255,0,1.0,1,1,0.5171418949264991
1,179.84,179.84,1,37,0,1.0,1,1,0.7158602605849219
1,215.14,215.14,1,15,0,1.0,1,1,0.5389183712391593
1,39.089999999999996,39.089999999999996,1,92,0,1.0,1,1,0.5677735176392136
1,54.7,54.7,2,0,0,1.0,1,1,0.7932609607478335
1,81.72,81.72,1,295,0,1.0,1,1,0.5528614071806512
1,111.02000000000001,111.02000000000001,1,164,0,1.0,1,1,0.5449663568827747
1,35.86,35.86,1,387,0,1.0,1,1,0.7477433164150415
1,441.62,441.62,1,52,0,1.0,1,1,0.8703379835561412
1,17.68,17.68,1,41,0,1.0,1,0,0.4573209102888639
1,45.59,45.59,1,170,0,1.0,1,1,0.5413923554038186
1,466.9,466.9,1,11,0,1.0,1,1,0.7766116041324536
1,200.67999999999998,200.67999999999998,2,93,0,1.0,1,1,0.7303629183525444
1,70.5,70.5,1,170,0,1.0,1,1,0.6622050104077134
1,30.43,30.43,1,240,0,1.0,1,1,0.6927829334332724
3,139.6,46.53333333333333,3,167,204,0.014634146341463415,1,1,0.5363934632931294
1,75.08,75.08,1,47,0,1.0,1,1,0.5241693677806426
1,293.35999999999996,293.35999999999996,1,96,0,1.0,1,1,0.6825802031562698
1,44.42,44.42,1,386,0,1.0,1,1,0.6906664571216697
1,144.94,144.94,1,509,0,1.0,1,1,0.6753321911807113
1,62.01,62.01,1,177,0,1.0,1,1,0.5232694112941255
1,61.01,61.01,1,259,0,1.0,1,0,0.4995019252405651
1,149.01999999999998,149.01999999999998,2,23,0,1.0,1,1,0.5621982794111335
1,55.0,55.0,1,244,0,1.0,1,0,0.47079483618411283
1,113.82000000000001,113.82000000000001,1,250,0,1.0,1,1,0.5385161710187293
1,199.49,199.49,1,96,0,1.0,1,1,0.7848515335335293
1,184.94,184.94,1,45,0,1.0,1,1,0.7280236951566273
1,95.52000000000001,95.52000000000001,2,132,0,1.0,1,0,0.4974519056969093
1,122.76,122.76,1,261,0,1.0,1,1,0.6041985569145306
1,283.62,283.62,1,75,0,1.0,1,1,0.7426732826933362
1,37.769999999999996,37.769999999999996,1,3,0,1.0,1,0,0.42500271802617456
1,107.89999999999999,107.89999999999999,1,165,0,1.0,1,1,0.5658744746487274
1,29.77,29.77,1,86,0,1.0,1,1,0.6007587013777163
1,134.94,134.94,1,8,0,1.0,1,0,0.475142933067383
1,173.48,173.48,1,351,0,1.0,1,1,0.6126710058108659
1,119.84,119.84,1,51,0,1.0,1,1,0.5054252522594299
1,47.129999999999995,47.129999999999995,1,49,0,1.0,1,1,0.5099806689144051
1,218.55,218.55,1,91,0,1.0,1,1,0.7684816538563713
1,486.55999999999995,486.55999999999995,1,44,0,1.0,1,1,0.8073495466913237
1,137.43,137.43,1,176,0,1.0,1,1,0.5679053727575456
1,72.68,72.68,1,0,0,1.0,1,1,0.7804709263886874
1,416.87,416.87,1,309,0,1.0,1,1,0.928875146593303
1,296.38,296.38,2,344,0,1.0,1,1,0.881582634499004
1,309.48,309.48,2,83,0,1.0,1,1,0.8847369607281066
1,52.669999999999995,52.669999999999995,1,114,0,1.0,1,0,0.478212474006968
1,101.02000000000001,101.02000000000001,1,225,0,1.0,1,1,0.5352913284527442
1,147.55,147.55,1,61,0,1.0,1,1,0.5750510710825595
1,20.75,20.75,1,211,0,1.0,1,1,0.7475796337892825
1,71.72,71.72,1,45,0,1.0,1,0,0.48577400156787093
1,165.72,165.72,1,44,0,1.0,1,0,0.47198437647953634
1,60.519999999999996,60.519999999999996,1,381,0,1.0,1,1,0.59019217125074
1,66.69,66.69,1,1,0,1.0,1,1,0.7731213042045169
1,76.65,76.65,1,98,0,1.0,1,1,0.6419153553638738
1,59.25,59.25,1,186,0,1.0,1,0,0.4537131143299361
1,125.38,125.38,2,8,0,1.0,1,0,0.43704027324768313
1,144.47,144.47,1,64,0,1.0,1,1,0.5738900456362266
1,143.92000000000002,143.92000000000002,1,93,0,1.0,1,1,0.6284114044226734
1,329.38,329.38,1,111,0,1.0,1,1,0.7203815871848257
1,22.68,22.68,1,76,0,1.0,1,1,0.5904266251350877
1,28.07,28.07,1,208,0,1.0,1,1,0.7015879100285671
1,87.55000000000001,87.55000000000001,1,19,0,1.0,1,1,0.5777315417741015
4,73.48,18.37,4,419,0,4.0,1,1,0.9424252680844522
1,107.36,107.36,2,23,0,1.0,1,1,0.5378326322592984
1,71.14,71.14,1,86,0,1.0,1,1,0.6497983103514091
1,178.51,178.51,1,240,0,1.0,1,1,0.6017588203744219
1,119.97,119.97,1,66,0,1.0,1,1,0.5350281997450459
1,70.82,70.82,1,1,0,1.0,1,1,0.7860303331830588
1,158.8,158.8,1,91,0,1.0,1,1,0.620803182765098
1,163.79,163.79,1,96,0,1.0,1,1,0.6176095822506806
1,367.2,367.2,1,97,0,1.0,1,1,0.5974120157716374
1,178.27,178.27,1,56,0,1.0,1,1,0.7634108616203374
1,227.1,227.1,1,29,0,1.0,1,0,0.4517877057172377
1,54.78,54.78,1,258,0,1.0,1,0,0.47865702109263436
1,43.1,43.1,1,179,0,1.0,1,1,0.5870591543011311
1,147.07,147.07,1,334,0,1.0,1,1,0.5996750799439493
1,54.33,54.33,1,120,0,1.0,1,0,0.47411492198528443
1,76.02,76.02,1,330,0,1.0,1,1,0.847033919549548
1,32.379999999999995,32.379999999999995,1,108,0,1.0,1,1,0.6190811089239268
1,116.24,116.24,1,125,0,1.0,1,1,0.6068609988240815
1,171.26,171.26,1,113,0,1.0,1,1,0.5835514662537569
1,25.77,25.77,1,190,0,1.0,1,1,0.5218602311765571
1,78.01,78.01,1,170,0,1.0,1,1,0.639574133655809
1,161.21,161.21,1,375,0,1.0,1,1,0.619389229949453
1,72.43,72.43,1,84,0,1.0,1,1,0.5487849353546549
1,165.72,165.72,1,140,0,1.0,1,1,0.5688823030649316
1,35.0,35.0,1,78,0,1.0,1,1,0.5285306734985445
1,35.089999999999996,35.089999999999996,1,161,0,1.0,1,1,0.5582063961198139
1,140.34,140.34,2,210,0,1.0,1,1,0.692804175040304
1,94.8,94.8,1,22,0,1.0,1,1,0.559186061507793
1,57.69,57.69,1,240,0,1.0,1,1,0.5044637763885522
1,138.68,138.68,1,95,0,1.0,1,1,0.609781560928874
1,102.03,102.03,1,240,0,1.0,1,1,0.5784986726783404
1,55.01,55.01,1,16,0,1.0,1,0,0.49152818607131576
1,91.26,91.26,1,55,0,1.0,1,1,0.6045268368430572
1,75.48,75.48,1,109,0,1.0,1,1,0.6405866863779068
1,56.78,56.78,1,224,0,1.0,1,1,0.5332294845374654
1,173.31,173.31,1,82,0,1.0,1,1,0.6120996535627319
1,92.57,92.57,1,60,0,1.0,1,1,0.6371928238827345
1,107.78,107.78,1,201,0,1.0,1,1,0.5830749180383351
1,77.1,77.1,2,105,0,1.0,1,1,0.7131463190298989
1,107.85000000000001,107.85000000000001,1,176,0,1.0,1,1,0.5661694045625922
1,106.16000000000001,106.16000000000001,1,165,0,1.0,1,1,0.5916354423513667
1,45.089999999999996,45.089999999999996,1,36,0,1.0,1,1,0.5583048739823999
1,137.99,137.99,1,227,0,1.0,1,1,0.570205028571607
1,40.55,40.55,1,378,0,1.0,1,1,0.7503475670007458
1,107.05,107.05,1,302,0,1.0,1,1,0.5856747926801459
1,84.42999999999999,84.42999999999999,1,96,0,1.0,1,1,0.6304746103494182
1,102.64,102.64,1,53,0,1.0,1,1,0.5419601158376884
1,35.0,35.0,1,37,0,1.0,1,0,0.4467487698919457
1,81.78,81.78,1,368,0,1.0,1,1,0.7206508793886094
1,221.81,221.81,1,1,0,1.0,1,1,0.54630231748746
1,215.76,215.76,1,60,0,1.0,1,1,0.5993959455788092
1,96.21,96.21,1,100,0,1.0,1,1,0.5746694920021789
1,115.04,115.04,1,221,0,1.0,1,1,0.5625570031426156
1,95.21000000000001,95.21000000000001,1,277,0,1.0,1,1,0.5518990600942335
1,221.96,221.96,2,353,0,1.0,1,1,0.7232902891519629
1,178.34,178.34,1,52,0,1.0,1,1,0.7643068067364861
1,76.36,76.36,1,13,0,1.0,1,1,0.5022301838147063
1,145.65,145.65,1,288,0,1.0,1,1,0.5257041862674722
1,220.24,220.24,1,189,0,1.0,1,1,0.7301518343560449
1,83.98,83.98,1,183,0,1.0,1,1,0.6274846754419124
1,123.42,123.42,1,54,0,1.0,1,0,0.4740578044358159
1,95.64,95.64,2,248,0,1.0,1,0,0.4506658963964737
1,105.96,105.96,2,167,0,1.0,1,1,0.6231438600807608
1,73.34,73.34,1,169,0,1.0,1,1,0.6439534890112439
1,69.71,69.71,1,113,0,1.0,1,1,0.6454872841551835
1,84.49,84.49,1,85,0,1.0,1,1,0.6068643688790829
1,228.60999999999999,228.60999999999999,1,222,0,1.0,1,1,0.7976065108829247
1,285.53999999999996,285.53999999999996,1,263,0,1.0,1,1,0.8902803042057671
1,54.519999999999996,54.519999999999996,1,359,0,1.0,1,1,0.6468206526394594
1,200.13,200.13,1,81,0,1.0,1,1,0.7976452856319319
1,157.32,157.32,1,184,0,1.0,1,1,0.5915075497332939
1,65.36,65.36,1,10,0,1.0,1,0,0.4832179795996862
1,68.49,68.49,1,2,0,1.0,1,1,0.7900655110296981
1,94.39999999999999,94.39999999999999,1,91,0,1.0,1,1,0.6655245193548296
1,66.27,66.27,1,276,0,1.0,1,1,0.5220124461680435
1,106.87,106.87,1,47,0,1.0,1,0,0.49698206634832476
1,485.24,485.24,1,178,0,1.0,1,1,0.9304575440223495
1,96.72,96.72,1,12,0,1.0,1,1,0.5177351914568152
1,60.629999999999995,60.629999999999995,1,155,0,1.0,1,1,0.5349647820469302
1,27.6,27.6,1,297,0,1.0,1,1,0.6289890471571382
1,31.38,31.38,1,180,0,1.0,1,1,0.5952428428695252
1,52.84,52.84,1,2,0,1.0,1,1,0.793068372327652
1,279.08,279.08,1,19,0,1.0,1,1,0.5262843315079733
1,375.25,375.25,1,167,0,1.0,1,1,0.9055220636471801
1,159.37,159.37,1,87,0,1.0,1,1,0.6147194998261263
2,123.28,61.64,2,267,0,2.0,1,1,0.8730707571737248
1,430.1,430.1,2,49,0,1.0,1,1,0.9038649285249756
1,88.41999999999999,88.41999999999999,1,342,0,1.0,1,1,0.7142265658666015
1,180.71,180.71,1,104,0,1.0,1,1,0.6162779134213534
1,130.16,130.16,1,105,0,1.0,1,1,0.580983630064024
1,128.07999999999998,128.07999999999998,1,109,0,1.0,1,1,0.5730338952980877
1,278.22,278.22,1,57,0,1.0,1,1,0.6908426912505903
1,73.34,73.34,1,119,0,1.0,1,1,0.6470096171606742
1,44.269999999999996,44.269999999999996,1,4,0,1.0,1,1,0.622787888881586
1,51.14,51.14,1,125,0,1.0,1,0,0.47469806983902063
1,22.75,22.75,1,157,0,1.0,1,1,0.557016401274684
1,56.12,56.12,1,369,0,1.0,1,1,0.6462503908266413
1,128.42000000000002,128.42000000000002,1,47,0,1.0,1,0,0.4620005802967924
1,37.769999999999996,37.769999999999996,1,13,0,1.0,1,0,0.4167008986271911
1,149.57000000000002,149.57000000000002,1,408,0,1.0,1,1,0.6728663998121579
1,100.77000000000001,100.77000000000001,1,241,0,1.0,1,0,0.4527241611855436
1,289.61,289.61,1,176,0,1.0,1,1,0.839967287785045
1,57.68,57.68,1,287,0,1.0,1,1,0.5134138157903522
1,822.07,822.07,1,24,0,1.0,1,1,0.9915885197361667
1,361.62,361.62,1,174,0,1.0,1,1,0.7529015509930254
1,77.57,77.57,1,100,0,1.0,1,1,0.6431625994044999
1,31.580000000000002,31.580000000000002,1,204,0,1.0,1,1,0.6818772490029039
1,41.629999999999995,41.629999999999995,1,155,0,1.0,1,1,0.639778849730346
1,45.01,45.01,1,4,0,1.0,1,1,0.622787888881586
1,262.12,262.12,1,387,0,1.0,1,1,0.8248318598892621
1,222.04000000000002,222.04000000000002,2,84,0,1.0,1,1,0.8380858676682847
1,629.48,629.48,1,84,0,1.0,1,1,0.9486113652939878
1,54.1,54.1,1,129,0,1.0,1,0,0.4724021122850391
1,75.53,75.53,1,383,0,1.0,1,1,0.7169082794485749
1,85.16,85.16,1,174,0,1.0,1,1,0.6176260514035382
2,132.64999999999998,66.32499999999999,2,142,193,0.010309278350515464,1,0,0.30882613323016617
1,108.0,108.0,1,30,0,1.0,1,0,0.4729007481764337
1,14.780000000000001,14.780000000000001,1,151,0,1.0,1,1,0.7188709802299896
1,202.06,202.06,1,93,0,1.0,1,1,0.7715279739675127
1,130.56,130.56,1,74,0,1.0,1,0,0.4867400997313922
1,1240.85,1240.85,1,181,0,1.0,1,1,0.9752570272511879
1,165.29,165.29,1,175,0,1.0,1,1,0.5740574888068305
1,121.87,121.87,1,113,0,1.0,1,1,0.5733546385092745
1,216.86,216.86,1,259,0,1.0,1,1,0.8152609388633615
1,56.629999999999995,56.629999999999995,1,57,0,1.0,1,1,0.5395103904864772
1,127.42,127.42,1,386,0,1.0,1,1,0.637238483628468
1,208.08,208.08,1,135,0,1.0,1,1,0.7322022082231652
1,64.14,64.14,1,131,0,1.0,1,1,0.5425697986949218
1,117.94,117.94,1,240,0,1.0,1,1,0.5596227324013023
1,82.12,82.12,1,48,0,1.0,1,1,0.5265599419372738
1,74.77,74.77,1,53,0,1.0,1,1,0.5463613275495083
1,40.86,40.86,1,350,0,1.0,1,1,0.7832250272752984
1,53.0,53.0,1,262,0,1.0,1,0,0.48229453314704784
1,174.47,174.47,1,154,0,1.0,1,1,0.539190276386824
1,214.82999999999998,214.82999999999998,2,36,0,1.0,1,1,0.7131430658059849
1,63.1,63.1,1,135,0,1.0,1,1,0.5576567893363658
1,39.839999999999996,39.839999999999996,1,100,0,1.0,1,1,0.6080474136191906
1,63.5,63.5,2,181,0,1.0,1,1,0.723179079303754
1,132.03,132.03,1,244,0,1.0,1,1,0.5536589630342024
1,107.95,107.95,1,16,0,1.0,1,1,0.5003691019557883
1,124.4,124.4,1,210,0,1.0,1,1,0.5777063114368018
1,55.0,55.0,1,47,0,1.0,1,0,0.4849747305107173
1,319.11,319.11,1,148,0,1.0,1,1,0.8518342746407719
1,80.91,80.91,1,96,0,1.0,1,1,0.6553059219044791
1,308.38,308.38,2,275,0,1.0,1,1,0.832592031595793
1,52.21,52.21,1,114,0,1.0,1,0,0.478212474006968
1,187.44,187.44,2,355,0,1.0,1,1,0.7299872732070555
1,325.54,325.54,1,42,0,1.0,1,1,0.6875319958921973
1,102.66000000000001,102.66000000000001,1,11,0,1.0,1,1,0.5090165677147444
1,27.78,27.78,1,5,0,1.0,1,1,0.7215867869577889
1,86.64,86.64,1,199,0,1.0,1,1,0.6500441716933137
1,292.37,292.37,1,155,0,1.0,1,1,0.839967287785045
1,129.37,129.37,1,9,0,1.0,1,0,0.422840928515509
1,323.08,323.08,2,262,0,1.0,1,1,0.8504294530026721
1,55.69,55.69,1,44,0,1.0,1,0,0.4835590818731066
1,54.0,54.0,1,271,0,1.0,1,0,0.47849298314393507
1,226.7,226.7,1,50,0,1.0,1,1,0.6122408697011654
1,42.41,42.41,1,115,0,1.0,1,1,0.630368691441965
1,105.29,105.29,1,147,0,1.0,1,1,0.5862324381969479
1,152.43,152.43,1,321,0,1.0,1,1,0.7652351103586575
1,56.01,56.01,1,56,0,1.0,1,1,0.517382024712879
1,39.0,39.0,1,8,0,1.0,1,1,0.5144465905744685
1,75.17,75.17,1,96,0,1.0,1,1,0.6482654681619052
1,58.839999999999996,58.839999999999996,1,211,0,1.0,1,1,0.5126488428559934
1,293.35999999999996,293.35999999999996,1,92,0,1.0,1,1,0.7069448438008152
1,47.47,47.47,1,295,0,1.0,1,1,0.5287721844041122
1,108.51,108.51,1,267,0,1.0,1,1,0.5989855351810658
1,90.73,90.73,1,164,0,1.0,1,1,0.6609034496837584
1,42.79,42.79,1,123,0,1.0,1,1,0.6291954419953845
1,81.16,81.16,1,267,0,1.0,1,1,0.5217622860918719
1,106.78,106.78,1,338,0,1.0,1,1,0.6598606768561284
1,32.91,32.91,1,207,0,1.0,1,1,0.6940959045438985
1,82.67,82.67,1,63,0,1.0,1,1,0.6074889800234419
1,487.85999999999996,487.85999999999996,1,28,0,1.0,1,1,0.7765369504458712
2,186.39999999999998,93.19999999999999,2,187,0,2.0,1,1,0.8666964200436384
1,207.73,207.73,1,23,0,1.0,1,1,0.566482013451739
1,21.43,21.43,1,13,0,1.0,1,0,0.468083444983509
1,95.21000000000001,95.21000000000001,1,77,0,1.0,1,1,0.6338013781866089
1,125.22,125.22,1,226,0,1.0,1,1,0.5739533914187804
1,117.04,117.04,1,6,0,1.0,1,0,0.49234225744385884
1,25.75,25.75,1,151,0,1.0,1,0,0.426237855982022
4,986.96,246.74,4,55,136,0.029197080291970802,0,0,0.39153745517614924
1,19.71,19.71,1,355,0,1.0,1,1,0.7973738892010857
1,165.79000000000002,165.79000000000002,1,106,0,1.0,1,1,0.5803817307613971
1,85.15,85.15,1,93,0,1.0,1,1,0.6343060874020314
1,44.089999999999996,44.089999999999996,1,5,0,1.0,1,1,0.622787888881586
1,124.52,124.52,1,56,0,1.0,1,1,0.5120073791098164
1,105.38,105.38,2,49,0,1.0,1,0,0.4428341411885914
1,307.46,307.46,1,126,0,1.0,1,1,0.7907089230659828
1,33.1,33.1,1,178,0,1.0,1,1,0.5818453654879969
1,87.64,87.64,1,50,0,1.0,1,1,0.5754449559887886
1,50.5,50.5,1,244,0,1.0,1,0,0.4665023714598619
1,661.26,661.26,1,50,0,1.0,1,1,0.9756935112790285
1,118.03,118.03,1,398,0,1.0,1,1,0.6980274992397313
1,77.57,77.57,1,95,0,1.0,1,1,0.651958240397525
1,34.23,34.23,1,86,0,1.0,1,1,0.598107248530139
1,159.56,159.56,1,153,0,1.0,1,1,0.587055414283961
1,122.78,122.78,2,128,0,1.0,1,1,0.7141444395636033
1,99.2,99.2,1,100,0,1.0,1,1,0.5623328270495674
1,42.71,42.71,1,337,0,1.0,1,1,0.7183601580700821
1,135.49,135.49,1,231,0,1.0,1,1,0.544109931398357
1,96.19,96.19,1,168,0,1.0,1,1,0.5663387809093212
1,75.08,75.08,1,287,0,1.0,1,1,0.5528440036536258
1,136.02,136.02,1,343,0,1.0,1,1,0.6049058200997869
1,13.780000000000001,13.780000000000001,1,189,0,1.0,1,1,0.7381881843237346
1,106.78,106.78,1,239,0,1.0,1,1,0.570049387251413
1,46.01,46.01,1,101,0,1.0,1,1,0.5312668212127527
1,51.69,51.69,1,171,0,1.0,1,0,0.48374182461050197
1,27.86,27.86,1,382,0,1.0,1,1,0.7586782752086049
1,403.27,403.27,1,148,0,1.0,1,1,0.9134970099682306
1,56.09,56.09,1,295,0,1.0,1,1,0.5178668701975567
1,67.56,67.56,1,62,0,1.0,1,1,0.5458145683763618
1,92.57,92.57,1,154,0,1.0,1,1,0.6646338905371026
1,211.08999999999997,211.08999999999997,4,208,0,1.0,1,1,0.6953773575835498
1,4194.76,4194.76,1,316,0,1.0,1,1,0.9923145335787456
2,788.16,394.08,2,135,18,0.10526315789473684,1,1,0.814443567948733
1,52.59,52.59,1,57,0,1.0,1,1,0.5426583568722789
1,751.0500000000001,751.0500000000001,2,404,0,1.0,1,1,0.9341470075351509
1,130.22,130.22,1,208,0,1.0,1,1,0.5880146353028242
1,216.64,216.64,1,96,0,1.0,1,1,0.7638870556497815
1,53.269999999999996,53.269999999999996,1,155,0,1.0,1,0,0.48900420515231663
1,73.43,73.43,1,260,0,1.0,1,1,0.5449098782953112
1,208.85,208.85,1,151,0,1.0,1,1,0.6976611285261494
1,215.31,215.31,1,120,0,1.0,1,1,0.6445472828764419
1,71.03999999999999,71.03999999999999,1,86,0,1.0,1,1,0.6497983103514091
1,210.54,210.54,1,310,0,1.0,1,1,0.7576801753951257
1,92.02,92.02,2,141,0,1.0,1,1,0.5559167018574719
1,38.8,38.8,1,6,0,1.0,1,0,0.4798739121526676
1,37.9,37.9,1,77,0,1.0,1,1,0.5421863191158246
1,212.7,212.7,2,8,0,1.0,1,1,0.7332440275339492
2,331.94000000000005,165.97000000000003,2,233,63,0.03125,1,1,0.8684800794807266
1,140.32999999999998,140.32999999999998,1,98,0,1.0,1,1,0.605892859382654
1,469.39,469.39,1,155,0,1.0,1,1,0.9312268158164491
1,63.269999999999996,63.269999999999996,1,35,0,1.0,1,1,0.5207208309815005
1,36.28,36.28,1,77,0,1.0,1,1,0.536685271052949
1,39.46,39.46,1,261,0,1.0,1,1,0.6461755210774582
1,91.94999999999999,91.94999999999999,1,209,0,1.0,1,1,0.6818247101620197
1,122.96,122.96,1,197,0,1.0,1,1,0.5742125277146256
1,380.94,380.94,2,215,0,1.0,1,1,0.8711609135432443
1,81.57,81.57,1,259,0,1.0,1,1,0.51537631672693
1,243.76,243.76,1,387,0,1.0,1,1,0.8412996248987483
1,61.72,61.72,1,197,0,1.0,1,1,0.5529673447453666
1,102.03,102.03,1,227,0,1.0,1,1,0.6134766181012701
1,213.94,213.94,2,223,0,1.0,1,1,0.5478585712988542
1,70.57,70.57,1,84,0,1.0,1,1,0.6075054695685637
1,159.18,159.18,1,40,0,1.0,1,0,0.45538263936816303
1,112.95,112.95,1,132,0,1.0,1,1,0.5532233917615741
1,484.02,484.02,1,285,0,1.0,1,1,0.9629134730273353
1,214.14,214.14,1,84,0,1.0,1,1,0.7498923036756302
1,33.68,33.68,1,7,0,1.0,1,0,0.28325773266121973
1,65.71000000000001,65.71000000000001,1,209,0,1.0,1,1,0.5770686843896283
1,60.09,60.09,1,258,0,1.0,1,0,0.4835899440608739
1,161.79000000000002,161.79000000000002,1,315,0,1.0,1,1,0.7652351103586575
1,35.0,35.0,1,270,0,1.0,1,1,0.5744722906473434
1,100.25,100.25,1,88,0,1.0,1,1,0.5386028783236616
1,51.0,51.0,1,92,0,1.0,1,0,0.47726108079302804
1,1129.57,1129.57,1,183,0,1.0,1,1,0.9752570272511879
1,149.34,149.34,2,10,0,1.0,1,1,0.5624669320033729
1,89.27000000000001,89.27000000000001,1,82,0,1.0,1,1,0.6520688109597047
1,149.14,149.14,1,49,0,1.0,1,1,0.5346137978368833
1,230.25,230.25,1,219,0,1.0,1,1,0.7970395082696751
1,60.0,60.0,1,400,0,1.0,1,1,0.511661371689424
1,23.240000000000002,23.240000000000002,1,331,0,1.0,1,1,0.7380743819324442
1,939.11,939.11,1,49,0,1.0,1,1,0.9894558543168444
1,418.55,418.55,1,159,0,1.0,1,1,0.9312268158164491
1,25.380000000000003,25.380000000000003,1,210,0,1.0,1,1,0.5204706840653098
1,126.11000000000001,126.11000000000001,1,279,0,1.0,1,1,0.606214383763763
1,802.48,802.48,1,223,0,1.0,1,1,0.9775286774418361
1,511.21,511.21,1,39,0,1.0,1,1,0.7577596362411034
1,103.61,103.61,1,247,0,1.0,1,1,0.5830731958854526
1,67.82,67.82,1,45,0,1.0,1,0,0.4803964770628868
1,48.6,48.6,1,83,0,1.0,1,0,0.4805746380317931
1,165.70000000000002,165.70000000000002,1,84,0,1.0,1,1,0.6085305637126465
1,60.739999999999995,60.739999999999995,2,185,0,1.0,1,1,0.7239176494610322
1,1243.66,1243.66,1,176,0,1.0,1,1,0.9760262990452876
1,64.67999999999999,64.67999999999999,2,268,0,1.0,1,1,0.6943452836957992
1,38.26,38.26,1,35,0,1.0,1,0,0.490712149128476
1,1535.22,1535.22,3,289,0,1.0,1,1,0.9052197589312944
1,51.85,51.85,1,59,0,1.0,1,1,0.5409826811966033
1,171.32,171.32,1,144,0,1.0,1,1,0.5704174325883409
1,148.06,148.06,1,96,0,1.0,1,1,0.6287911441368343
1,142.57,142.57,2,362,0,1.0,1,1,0.7684698162395713
1,156.73000000000002,156.73000000000002,1,182,0,1.0,1,1,0.587903160009741
1,142.31,142.31,1,222,0,1.0,1,1,0.5382196038000904
1,318.44,318.44,1,351,0,1.0,1,1,0.8570542594690022
1,116.94,116.94,1,96,0,1.0,1,1,0.6276507151994366
1,134.43,134.43,1,41,0,1.0,1,0,0.46202770420528416
1,144.68,144.68,1,315,0,1.0,1,1,0.7663675683938775
1,101.13000000000001,101.13000000000001,1,340,0,1.0,1,1,0.6342810575017359
1,47.58,47.58,2,75,0,1.0,1,1,0.6898853096794012
1,298.4,298.4,1,229,0,1.0,1,1,0.8775782366033504
1,145.07000000000002,145.07000000000002,1,310,0,1.0,1,1,0.7663675683938775
1,127.92,127.92,1,251,0,1.0,1,1,0.5634934594310618
1,415.96,415.96,1,42,0,1.0,1,1,0.8043511653904761
1,97.72,97.72,1,171,0,1.0,1,1,0.5526738088497654
1,172.98000000000002,172.98000000000002,1,4,0,1.0,1,1,0.5744971632630839
1,177.34,177.34,1,32,0,1.0,1,1,0.6866798869460372
1,65.67999999999999,65.67999999999999,2,235,0,1.0,1,1,0.688875832036243
1,70.62,70.62,1,278,0,1.0,1,1,0.5554656582004035
1,308.60999999999996,308.60999999999996,3,33,0,1.0,1,1,0.7188786197679943
1,191.14,191.14,1,60,0,1.0,1,0,0.49806870107461976
1,115.44999999999999,115.44999999999999,1,107,0,1.0,1,1,0.6083333517111255
1,40.4,40.4,1,326,0,1.0,1,1,0.8628194487680112
1,165.8,165.8,1,113,0,1.0,1,1,0.5820163367303477
1,381.88,381.88,1,6,0,1.0,1,1,0.7657492443245979
1,64.1,64.1,1,55,0,1.0,1,1,0.5338408297421974
2,647.0699999999999,323.53499999999997,2,184,100,0.019801980198019802,1,1,0.8056330320923276
1,60.72,60.72,1,261,0,1.0,1,0,0.49186055406387086
1,213.83,213.83,1,111,0,1.0,1,1,0.6492346129844048
1,131.32,131.32,1,293,0,1.0,1,1,0.5681626480311521
1,194.91,194.91,1,306,0,1.0,1,1,0.8369501649814467
1,75.17,75.17,1,180,0,1.0,1,1,0.6304955741558846
1,131.44,131.44,1,67,0,1.0,1,1,0.5630148511388614
1,27.77,27.77,1,280,0,1.0,1,1,0.6526169177280673
1,157.3,157.3,1,63,0,1.0,1,1,0.5510496502461544
1,51.7,51.7,2,52,0,1.0,1,1,0.6229504193883227
1,66.25,66.25,1,159,0,1.0,1,1,0.5150861685478358
1,103.14999999999999,103.14999999999999,1,128,0,1.0,1,1,0.6086469257622963
1,391.72999999999996,391.72999999999996,1,240,0,1.0,1,1,0.9618873047527142
1,60.0,60.0,1,19,0,1.0,1,0,0.49002836745272643
1,192.44,192.44,1,37,0,1.0,1,0,0.3731626709442921
1,75.03,75.03,1,258,0,1.0,1,1,0.5428723405516084
1,84.81,84.81,1,330,0,1.0,1,1,0.8322938253872895
1,98.31,98.31,1,94,0,1.0,1,1,0.5713731429797884
1,75.62,75.62,1,237,0,1.0,1,1,0.501465125572038
1,193.17000000000002,193.17000000000002,1,368,0,1.0,1,1,0.7389253488442669
1,302.58,302.58,1,400,0,1.0,1,1,0.8561103210013501
1,160.76,160.76,1,100,0,1.0,1,1,0.5900584732018703
1,136.51999999999998,136.51999999999998,1,357,0,1.0,1,1,0.6118849547120813
1,57.59,57.59,1,225,0,1.0,1,1,0.561408665591635
1,56.84,56.84,2,333,0,1.0,1,1,0.8349621273531127
1,147.15,147.15,1,49,0,1.0,1,1,0.5526708692516562
1,277.15999999999997,277.15999999999997,1,54,0,1.0,1,1,0.6820078999085161
1,146.4,146.4,1,112,0,1.0,1,1,0.5929753971500187
1,46.01,46.01,1,155,0,1.0,1,1,0.5521569207712825
1,61.29,61.29,1,96,0,1.0,1,1,0.5331808206707647
1,253.06,253.06,1,96,0,1.0,1,1,0.7748485622770928
1,85.14,85.14,1,22,0,1.0,1,1,0.5592465971809302
1,68.12,68.12,1,74,0,1.0,1,0,0.4484314593448436
1,226.93,226.93,1,53,0,1.0,1,1,0.6077067028007734
1,130.57999999999998,130.57999999999998,2,13,0,1.0,1,1,0.5649045940637243
1,1334.2800000000002,1334.2800000000002,1,97,0,1.0,1,1,0.9257102530290522
1,113.45,113.45,1,111,0,1.0,1,1,0.5759128027592033
1,137.17000000000002,137.17000000000002,1,192,0,1.0,1,1,0.5769525589184509
1,75.16,75.16,1,191,0,1.0,1,1,0.6607803073459976
1,184.93,184.93,1,309,0,1.0,1,1,0.805573439164753
1,118.13,118.13,1,99,0,1.0,1,1,0.5981803340635191
1,216.87,216.87,1,45,0,1.0,1,0,0.44965363372091977
1,303.53,303.53,1,288,0,1.0,1,1,0.8892650771033572
1,174.74,174.74,1,162,0,1.0,1,1,0.5362438279549604
1,103.86,103.86,1,310,0,1.0,1,1,0.8137599396320235
1,854.22,854.22,2,136,0,1.0,1,0,0.4726129962877859
1,95.0,95.0,1,406,0,1.0,1,1,0.7433714064475465
1,126.2,126.2,1,288,0,1.0,1,1,0.5584359374398238
1,462.84,462.84,1,96,0,1.0,1,1,0.7709048415158655
1,47.77,47.77,1,286,0,1.0,1,1,0.5116821657183453
1,62.47,62.47,1,211,0,1.0,1,1,0.5568300293735443
1,44.42,44.42,1,387,0,1.0,1,1,0.6906664571216697
1,40.0,40.0,1,285,0,1.0,1,1,0.649714489117743
1,148.15,148.15,1,230,0,1.0,1,1,0.5326973303778236
1,205.48000000000002,205.48000000000002,2,130,0,1.0,1,1,0.6263923440141642
1,186.85,186.85,1,68,0,1.0,1,1,0.7341391405856839
1,104.58,104.58,1,155,0,1.0,1,1,0.604754537154713
1,111.18,111.18,1,275,0,1.0,1,1,0.5744667060627898
1,40.089999999999996,40.089999999999996,1,220,0,1.0,1,1,0.7086122162753672
1,309.12,309.12,1,334,0,1.0,1,1,0.7879989979822498
1,109.32000000000001,109.32000000000001,1,99,0,1.0,1,1,0.5746758115982392
1,117.94,117.94,1,235,0,1.0,1,1,0.5558043672004488
1,173.84,173.84,1,62,0,1.0,1,1,0.5652650249447786
1,160.57000000000002,160.57000000000002,1,125,0,1.0,1,1,0.5908746921548607
1,33.089999999999996,33.089999999999996,1,256,0,1.0,1,1,0.6484181682162984
1,117.97,117.97,1,46,0,1.0,1,1,0.5240385298848406
1,45.78,45.78,1,54,0,1.0,1,1,0.5471687498306699
1,97.32,97.32,1,6,0,1.0,1,1,0.512521178190309
1,117.35000000000001,117.35000000000001,1,283,0,1.0,1,1,0.6340570260812529
1,278.06,278.06,1,273,0,1.0,1,1,0.8886309685616307
1,174.95999999999998,174.95999999999998,1,253,0,1.0,1,1,0.5995746168266419
1,732.68,732.68,1,22,0,1.0,1,1,0.9915885197361667
1,69.94,69.94,1,406,0,1.0,1,1,0.5894103537220996
1,202.82000000000002,202.82000000000002,1,240,0,1.0,1,1,0.7741896842459723
1,45.96,45.96,1,304,0,1.0,1,1,0.7932741852136047
1,68.3,68.3,1,177,0,1.0,1,1,0.6580873350250899
1,62.01,62.01,1,26,0,1.0,1,1,0.5152540412388441
1,872.95,872.95,1,104,0,1.0,1,1,0.9060983120998344
1,44.089999999999996,44.089999999999996,1,280,0,1.0,1,1,0.6842759765270112
1,76.18,76.18,1,6,0,1.0,1,0,0.43852317663268725
1,77.65,77.65,1,140,0,1.0,1,1,0.6408674416182918
1,482.69,482.69,1,284,0,1.0,1,1,0.9620781186754086
1,111.32000000000001,111.32000000000001,1,13,0,1.0,1,1,0.5332274077541291
1,233.04,233.04,1,246,0,1.0,1,1,0.753459173623051
1,55.78,55.78,1,254,0,1.0,1,0,0.455425300763562
1,46.71,46.71,1,388,0,1.0,1,1,0.5807608567432134
1,357.58,357.58,1,322,0,1.0,1,1,0.6287792477491119
2,153.76,76.88,2,271,0,2.0,1,1,0.8973791122341017
1,55.11,55.11,1,149,0,1.0,1,0,0.4778174577061024
1,823.0699999999999,823.0699999999999,1,86,0,1.0,1,1,0.9670165234687511
3,87.75,29.25,3,329,0,3.0,1,1,0.9428602843189012
1,107.78,107.78,1,88,0,1.0,1,1,0.5660996097136676
2,242.5,121.25,3,64,206,0.00966183574879227,1,0,0.34219400378492065
1,148.15,148.15,1,176,0,1.0,1,1,0.5844313347468643
1,120.18,120.18,1,92,0,1.0,1,1,0.5942363175749436
1,102.64,102.64,1,53,0,1.0,1,1,0.5419601158376884
1,71.71,71.71,1,383,0,1.0,1,1,0.646788817875082
1,190.35,190.35,1,269,0,1.0,1,1,0.811514953844244
1,101.03999999999999,101.03999999999999,1,95,0,1.0,1,1,0.5527386144841608
1,31.77,31.77,1,57,0,1.0,1,0,0.3719373568914899
1,152.1,152.1,1,232,0,1.0,1,1,0.5006190742812315
1,145.11,145.11,1,2,0,1.0,1,1,0.7455841118210431
1,42.77,42.77,1,101,0,1.0,1,1,0.6200437922748803
1,63.269999999999996,63.269999999999996,1,15,0,1.0,1,1,0.5188660613268141
1,67.5,67.5,1,61,0,1.0,1,1,0.5290571786272743
1,33.989999999999995,33.989999999999995,1,27,0,1.0,1,0,0.42793958414228994
1,126.99,126.99,1,160,0,1.0,1,1,0.5696427243392285
1,47.69,47.69,1,241,0,1.0,1,0,0.4973849806547679
1,376.89,376.89,1,393,0,1.0,1,1,0.9443210723285578
1,75.53,75.53,1,315,0,1.0,1,1,0.847033919549548
1,116.85000000000001,116.85000000000001,1,76,0,1.0,1,1,0.6117703853808251
1,84.34,84.34,1,184,0,1.0,1,1,0.5943213453579411
1,67.98,67.98,1,213,0,1.0,1,1,0.628217148154165
1,359.88,359.88,2,72,0,1.0,1,1,0.8566359415580791
1,296.64,296.64,2,22,0,1.0,1,1,0.7704710055950472
1,279.2,279.2,2,316,0,1.0,1,1,0.8880705132164917
1,788.71,788.71,1,312,0,1.0,1,1,0.9896979317495944
1,195.91,195.91,1,290,0,1.0,1,1,0.7916172041589186
1,141.23000000000002,141.23000000000002,1,175,0,1.0,0,1,0.5655963748628601
1,122.78,122.78,1,16,0,1.0,1,0,0.47519580537192146
1,76.08,76.08,1,186,0,1.0,1,1,0.6456416280791972
1,111.39,111.39,1,48,0,1.0,1,1,0.5433123186771247
1,68.02,68.02,1,68,0,1.0,1,1,0.5435975839374455
1,112.43,112.43,1,85,0,1.0,1,1,0.5471083276161991
1,107.78,107.78,1,200,0,1.0,1,1,0.5830749180383351
1,104.82,104.82,1,216,0,1.0,1,1,0.5788720869189927
1,97.81,97.81,1,5,0,1.0,1,1,0.6245248300541131
1,168.02999999999997,168.02999999999997,3,92,0,1.0,1,1,0.8141814771309654
1,44.0,44.0,1,152,0,1.0,1,1,0.6634627738646441
1,176.23000000000002,176.23000000000002,1,262,0,1.0,1,1,0.6380273215404398
1,51.05,51.05,1,95,0,1.0,1,0,0.4766758965745756
1,186.37,186.37,1,236,0,1.0,1,1,0.7887457511080629
1,39.1,39.1,1,282,0,1.0,1,1,0.6364411564389245
1,116.75,116.75,1,343,0,1.0,1,1,0.654460880733561
1,22.37,22.37,1,19,0,1.0,1,0,0.39400914496285916
1,153.01,153.01,1,255,0,1.0,1,1,0.571541935401976
1,810.13,810.13,1,166,0,1.0,1,1,0.9721788782771491
1,94.3,94.3,1,286,0,1.0,1,1,0.5653608849150971
1,41.839999999999996,41.839999999999996,1,16,0,1.0,1,1,0.6115535443122486
1,386.65999999999997,386.65999999999997,1,328,0,1.0,1,1,0.9537221559955458
1,82.5,82.5,1,53,0,1.0,1,1,0.5479698467168305
1,69.52,69.52,1,372,0,1.0,1,1,0.6841920607751218
1,73.56,73.56,2,146,0,1.0,1,1,0.7276711479591684
1,49.69,49.69,1,137,0,1.0,1,1,0.5053054041749803
1,56.6,56.6,1,135,0,1.0,1,0,0.4967700614565973
1,137.99,137.99,1,247,0,1.0,1,1,0.5463827485525199
1,71.72,71.72,1,262,0,1.0,1,0,0.46231757145515806
1,270.53,270.53,1,191,0,1.0,1,1,0.8423036663248537
1,120.14,120.14,1,367,0,1.0,1,1,0.5641886242935054
1,115.36000000000001,115.36000000000001,1,92,0,1.0,1,1,0.6260875020959199
1,91.47999999999999,91.47999999999999,1,148,0,1.0,1,1,0.6600697367283141
1,173.84,173.84,1,100,0,1.0,1,1,0.5754260056548671
1,77.61,77.61,1,202,0,1.0,1,1,0.6501684032998841
1,35.0,35.0,1,112,0,1.0,1,1,0.579324641360305
1,167.62,167.62,1,12,0,1.0,1,0,0.4287937455131826
1,218.94,218.94,1,347,0,1.0,1,1,0.7805505660198208
1,174.43,174.43,1,93,0,1.0,1,1,0.6089380055509269
1,142.92,142.92,1,55,0,1.0,1,1,0.5503380477739768
1,165.8,165.8,1,159,0,1.0,1,1,0.5773786718434877
1,124.00999999999999,124.00999999999999,1,89,0,1.0,1,1,0.5555307254908409
1,76.66,76.66,1,82,0,1.0,1,1,0.6101620870991131
1,38.68,38.68,1,86,0,1.0,1,1,0.5612016404222595
1,231.27,231.27,1,226,0,1.0,1,1,0.8075691292494802
1,125.18,125.18,1,391,0,1.0,1,1,0.6827786496605495
1,52.09,52.09,1,378,0,1.0,1,1,0.6193383216562859
1,125.75,125.75,1,121,0,1.0,1,1,0.572201028359612
1,104.7,104.7,1,338,0,1.0,1,1,0.6658947526403121
1,159.14000000000001,159.14000000000001,1,92,0,1.0,1,1,0.62594561305412
1,116.74,116.74,1,80,0,1.0,1,1,0.5992497296282108
1,40.6,40.6,1,106,0,1.0,1,1,0.6176254049197016
1,97.32,97.32,1,158,0,1.0,1,1,0.5564042497031095
1,99.01,99.01,1,114,0,1.0,1,1,0.5623328270495674
1,73.15,73.15,1,93,0,1.0,1,1,0.6529920765982038
1,196.01,196.01,1,24,0,1.0,1,0,0.3235272526325447
1,159.03,159.03,1,92,0,1.0,1,1,0.62594561305412
1,146.68,146.68,2,243,0,1.0,1,1,0.6623571501643617
1,416.55,416.55,1,43,0,1.0,1,1,0.8043511653904761
1,82.59,82.59,1,86,0,1.0,1,1,0.6403393982526082
1,187.73,187.73,1,9,0,1.0,1,1,0.6609548896738298
1,155.05,155.05,1,308,0,1.0,1,1,0.7643422532158004
1,111.89,111.89,1,285,0,1.0,1,1,0.56494370861404
1,430.98,430.98,6,126,0,1.0,1,1,0.8950503755913021
1,422.20000000000005,422.20000000000005,2,228,0,1.0,1,1,0.9049657222416392
1,57.910000000000004,57.910000000000004,1,156,0,1.0,1,0,0.49941371308644117
1,62.01,62.01,1,133,0,1.0,1,1,0.5350373768506697
1,47.85,47.85,1,38,0,1.0,1,0,0.4965658344802884
1,55.5,55.5,2,96,0,1.0,1,1,0.7100670549912458
1,63.599999999999994,63.599999999999994,1,88,0,1.0,1,1,0.5451434428453182
1,60.1,60.1,1,124,0,1.0,1,0,0.46168340296590427
1,82.73,82.73,1,14,0,1.0,1,1,0.5274716077436834
1,74.16,74.16,1,86,0,1.0,1,1,0.6383707150470557
1,48.589999999999996,48.589999999999996,1,47,0,1.0,1,0,0.47977236512536175
1,165.0,165.0,3,214,0,1.0,1,1,0.7831165026002057
1,76.69,76.69,1,268,0,1.0,1,1,0.524415727925401
1,88.09,88.09,1,316,0,1.0,1,1,0.8419437404570533
1,116.44999999999999,116.44999999999999,1,251,0,1.0,1,1,0.5948333226137726
1,153.22,153.22,1,39,0,1.0,1,0,0.46294692136519205
1,132.42000000000002,132.42000000000002,2,248,0,1.0,1,1,0.6847483256597778
1,251.88,251.88,1,93,0,1.0,1,1,0.7748485622770928
1,113.86,113.86,1,340,0,1.0,1,1,0.6531871350626681
1,134.34,134.34,1,2,0,1.0,1,1,0.7041644500779259
1,163.97,163.97,1,207,0,1.0,1,1,0.5879921314001837
1,29.92,29.92,1,186,0,1.0,1,1,0.6670427736703195
1,81.11000000000001,81.11000000000001,1,173,0,1.0,1,1,0.6416239240833902
1,119.56,119.56,2,9,0,1.0,1,0,0.44756614493323305
1,104.55,104.55,1,183,0,1.0,1,1,0.6193488440038121
1,157.28,157.28,1,316,0,1.0,1,1,0.7652351103586575
1,124.27000000000001,124.27000000000001,1,73,0,1.0,1,0,0.4814449074816312
1,94.3,94.3,1,113,0,1.0,1,1,0.6647479300635906
1,110.28,110.28,2,47,0,1.0,1,0,0.41167974104037064
1,601.47,601.47,1,176,0,1.0,1,1,0.9633751141946074
1,113.62,113.62,1,43,0,1.0,1,0,0.4962628352313651
1,37.769999999999996,37.769999999999996,1,28,0,1.0,1,0,0.38753004022175846
1,1069.04,1069.04,1,316,0,1.0,1,1,0.9923145335787456
1,29.839999999999996,29.839999999999996,1,187,0,1.0,1,1,0.6670427736703195
1,56.78,56.78,1,80,0,1.0,1,0,0.4742249292658904
1,117.75,117.75,1,30,0,1.0,1,1,0.5069505320492264
2,215.67000000000002,107.83500000000001,2,296,13,0.14285714285714285,1,1,0.7999988203404869
1,45.64,45.64,1,376,0,1.0,1,1,0.623779542640254
1,101.12,101.12,1,42,0,1.0,1,1,0.5219198680742496
1,59.36,59.36,2,42,0,1.0,1,1,0.6112729582647861
1,66.6,66.6,1,96,0,1.0,1,1,0.5271571717916193
1,312.41999999999996,312.41999999999996,1,71,0,1.0,1,1,0.7621755453505178
1,253.4,253.4,1,242,0,1.0,1,1,0.8519228377623538
1,92.28999999999999,92.28999999999999,1,0,0,1.0,1,1,0.8110921860735456
1,44.089999999999996,44.089999999999996,1,29,0,1.0,1,1,0.5584545630039783
1,243.01,243.01,1,186,0,1.0,1,1,0.806802301869733
1,272.61,272.61,1,336,0,1.0,1,1,0.808294136899066
1,372.16,372.16,1,218,0,1.0,1,1,0.9259681234941636
1,783.22,783.22,1,508,0,1.0,1,1,0.9916032742791628
1,124.52,124.52,1,25,0,1.0,1,0,0.47335661468893336
2,528.77,264.385,2,173,0,2.0,1,1,0.9564631459749555
1,63.9,63.9,1,110,0,1.0,1,1,0.5327154633687323
1,137.6,137.6,1,71,0,1.0,1,0,0.4664946738619044
1,62.5,62.5,1,238,0,1.0,1,1,0.5021840808609698
1,31.91,31.91,1,91,0,1.0,1,1,0.6050074235495323
1,55.54,55.54,2,130,0,1.0,1,1,0.7089230439422901
1,62.78,62.78,1,50,0,1.0,1,1,0.551991897023003
1,285.45,285.45,1,161,0,1.0,1,1,0.8509309019482786
1,164.71,164.71,1,43,0,1.0,1,0,0.4696459489024472
2,271.83000000000004,135.91500000000002,2,18,0,2.0,1,1,0.8782498776426034
1,158.3,158.3,1,38,0,1.0,1,0,0.46294692136519205
1,84.31,84.31,2,207,0,1.0,1,1,0.5635664400862755
1,20.03,20.03,1,38,0,1.0,1,0,0.45278350783915833
1,30.27,30.27,1,349,0,1.0,1,1,0.7957708356164788
1,220.27,220.27,1,230,0,1.0,1,1,0.8017168309826876
1,40.6,40.6,1,265,0,1.0,1,1,0.6514268830659907
1,169.84,169.84,1,220,0,1.0,1,1,0.581868525989305
1,46.75,46.75,1,20,0,1.0,1,0,0.4932779899257495
1,248.35999999999999,248.35999999999999,1,86,0,1.0,1,1,0.8352674096381533
1,62.79,62.79,1,178,0,1.0,1,1,0.554248249090566
1,251.4,251.4,1,90,0,1.0,1,1,0.8246895789171542
1,145.14,145.14,1,209,0,1.0,1,1,0.597464101077397
1,113.71,113.71,1,285,0,1.0,1,1,0.5708168066311731
1,87.96000000000001,87.96000000000001,1,220,0,1.0,1,1,0.5858719672345033
1,137.53,137.53,1,134,0,1.0,1,1,0.5756310481447396
1,55.18,55.18,2,161,0,1.0,1,1,0.7013931118877411
1,319.44,319.44,1,328,0,1.0,1,1,0.8299114754629124
1,48.71,48.71,1,0,0,1.0,1,1,0.7716305358284585
1,108.73,108.73,1,164,0,1.0,1,1,0.5658744746487274
1,243.57,243.57,1,208,0,1.0,1,1,0.801745730895284
1,181.60000000000002,181.60000000000002,1,4,0,1.0,1,1,0.7495490922554812
1,43.0,43.0,1,9,0,1.0,1,1,0.6003636851743303
1,235.04000000000002,235.04000000000002,1,53,0,1.0,1,1,0.6000155438785766
1,54.0,54.0,1,278,0,1.0,1,0,0.49529138812068046
1,89.17,89.17,1,150,0,1.0,1,1,0.6584826894721603
1,107.78,107.78,1,64,0,1.0,1,1,0.576062026502187
1,73.83,73.83,1,72,0,1.0,1,1,0.5882642771782765
1,44.1,44.1,1,37,0,1.0,1,1,0.5667532436714331
1,244.15,244.15,1,201,0,1.0,1,1,0.8002226900205119
1,72.14,72.14,1,184,0,1.0,1,1,0.642297051474363
1,314.7,314.7,1,288,0,1.0,1,1,0.9111638100492551
1,67.83,67.83,1,239,0,1.0,1,0,0.4087618153992541
1,263.47,263.47,1,230,0,1.0,1,1,0.8375139841823346
1,29.619999999999997,29.619999999999997,1,359,0,1.0,1,1,0.7776600732103695
1,95.22,95.22,1,94,0,1.0,1,1,0.639048416160031
1,107.78,107.78,1,96,0,1.0,1,1,0.5877735773054513
1,59.1,59.1,1,286,0,1.0,1,1,0.5113029078060183
1,55.11,55.11,1,168,0,1.0,1,0,0.484477222736848
1,90.88000000000001,90.88000000000001,1,46,0,1.0,1,1,0.569395219970852
1,204.55,204.55,1,6,0,1.0,1,0,0.49782211072736543
1,83.23,83.23,1,112,0,1.0,1,1,0.61983629818076
1,77.57,77.57,1,159,0,1.0,1,1,0.643304574509153
1,90.88000000000001,90.88000000000001,1,175,0,1.0,1,1,0.6596055586043857
1,142.97,142.97,1,280,0,1.0,1,1,0.5829445059294852
1,217.29,217.29,3,76,0,1.0,1,1,0.8802631576245223
1,63.0,63.0,1,275,0,1.0,1,1,0.5445344725650981
1,40.01,40.01,1,199,0,1.0,1,1,0.68882111783963
1,76.78,76.78,1,210,0,1.0,1,1,0.6504997224573986
1,56.78,56.78,1,175,0,1.0,1,0,0.49081994909433024
1,73.15,73.15,1,9,0,1.0,1,0,0.4712007883003452
1,167.20000000000002,167.20000000000002,1,206,0,1.0,1,1,0.5868320726630325
1,65.71000000000001,65.71000000000001,1,188,0,1.0,1,1,0.5401765504695554
1,70.72,70.72,1,111,0,1.0,1,1,0.6623696029359979
1,274.47,274.47,1,137,0,1.0,1,1,0.8066766769508218
1,291.36,291.36,2,95,0,1.0,1,1,0.8339498528362778
1,42.17,42.17,1,152,0,1.0,0,1,0.639778849730346
1,36.22,36.22,1,165,0,1.0,1,1,0.5609117101294758
1,216.07,216.07,1,243,0,1.0,1,1,0.6528883952118696
1,103.25,103.25,1,114,0,1.0,1,1,0.6088191896021452
1,55.09,55.09,1,88,0,1.0,1,0,0.4661722313762278
1,55.0,55.0,1,218,0,1.0,1,1,0.5141485123084208
1,440.47,440.47,1,110,0,1.0,1,1,0.7650893082046443
1,72.66,72.66,1,42,0,1.0,1,1,0.531932849250425
1,76.69,76.69,1,35,0,1.0,1,0,0.49370837919497385
1,72.14,72.14,1,256,0,1.0,1,1,0.5274449360680038
1,115.35000000000001,115.35000000000001,1,182,0,1.0,1,1,0.6056408924441234
1,251.75,251.75,1,5,0,1.0,1,1,0.5854855002178617
1,208.81,208.81,1,349,0,1.0,1,1,0.7099221524449466
1,222.85000000000002,222.85000000000002,1,398,0,1.0,1,1,0.8371779361925771
1,77.57,77.57,1,177,0,1.0,1,1,0.6295124659118823
1,88.72,88.72,1,83,0,1.0,1,1,0.6520688109597047
1,102.87,102.87,1,96,0,1.0,1,1,0.6216256877246328
1,190.37,190.37,1,67,0,1.0,1,1,0.5406141131359135
1,237.24,237.24,1,19,0,1.0,1,0,0.36741209574180383
1,112.91,112.91,1,272,0,1.0,1,1,0.5812324586012841
1,182.61,182.61,1,12,0,1.0,1,1,0.6386709411530137
1,21.77,21.77,1,32,0,1.0,1,0,0.39317212057586476
1,163.81,163.81,1,1,0,1.0,1,1,0.7318143949879388
1,211.89,211.89,1,283,0,1.0,1,1,0.7131315946822935
1,102.72,102.72,1,178,0,1.0,1,1,0.6017968133940518
1,1424.0,1424.0,1,329,0,1.0,1,1,0.9923145335787456
1,47.96,47.96,1,342,0,1.0,1,1,0.6643169768934426
1,22.46,22.46,1,111,0,1.0,1,1,0.5083908408610593
1,117.95,117.95,1,208,0,1.0,1,1,0.5904936908607128
1,146.26999999999998,146.26999999999998,1,72,0,1.0,1,1,0.5230795005484385
1,90.98,90.98,1,194,0,1.0,1,1,0.674654753514632
1,34.78,34.78,1,302,0,1.0,1,1,0.6483247224086988
1,133.34,133.34,2,96,0,1.0,1,1,0.7486865256850497
1,62.78,62.78,1,101,0,1.0,1,1,0.5276776001407906
1,60.49,60.49,1,353,0,1.0,1,1,0.6245911942874343
1,43.1,43.1,1,210,0,1.0,1,1,0.6848888362395706
1,87.72999999999999,87.72999999999999,1,274,0,1.0,1,1,0.5375552161996228
2,156.95,78.475,2,93,82,0.024096385542168676,1,1,0.6410244019926901
1,242.22000000000003,242.22000000000003,2,118,0,1.0,1,1,0.8066011822314042
1,116.44,116.44,1,106,0,1.0,1,1,0.6083333517111255
1,77.57,77.57,1,122,0,1.0,1,1,0.6444839471572367
1,235.06,235.06,1,180,0,1.0,1,1,0.7285598787369917
1,146.25,146.25,1,19,0,1.0,1,1,0.5088812145576244
1,116.94,116.94,1,51,0,1.0,1,1,0.5699369973308916
1,87.55000000000001,87.55000000000001,1,2,0,1.0,1,1,0.8214570569071273
1,218.87,218.87,1,88,0,1.0,1,1,0.8246790584844772
1,106.38,106.38,1,89,0,1.0,1,1,0.5951815991771189
1,471.05,471.05,1,377,0,1.0,1,1,0.9709635262129388
2,94.6,47.3,2,49,335,0.005952380952380952,1,1,0.7370009434161007
1,102.96,102.96,1,110,0,1.0,1,1,0.6088191896021452
1,266.3,266.3,1,90,0,1.0,1,1,0.8069132099792218
1,104.56,104.56,1,188,0,1.0,1,1,0.6185395627361268
1,172.39000000000001,172.39000000000001,1,55,0,1.0,1,1,0.5439453323470712
1,81.17999999999999,81.17999999999999,2,53,0,1.0,1,1,0.5505199472308865
1,99.42999999999999,99.42999999999999,1,96,0,1.0,1,1,0.548366558299265
1,34.089999999999996,34.089999999999996,1,279,0,1.0,1,1,0.6427730560631529
1,44.41,44.41,1,177,0,1.0,1,1,0.6400164565547379
1,62.44,62.44,1,95,0,1.0,1,1,0.5303864962184872
1,901.16,901.16,1,134,0,1.0,1,1,0.9210727698475109
1,157.3,157.3,1,62,0,1.0,1,1,0.5522106756924873
1,214.56,214.56,1,323,0,1.0,1,1,0.7555239597735635
1,87.89,87.89,1,86,0,1.0,1,1,0.6352246477942242
1,117.94,117.94,1,92,0,1.0,1,1,0.6027212072515951
1,74.16,74.16,1,207,0,1.0,1,1,0.6666763874104802
1,132.17,132.17,1,87,0,1.0,1,1,0.6003288517628853
1,81.16,81.16,1,245,0,1.0,1,1,0.5104670765098708
1,232.86,232.86,2,386,0,1.0,1,1,0.7130360260475186
1,64.78999999999999,64.78999999999999,1,41,0,1.0,1,1,0.5094485595169004
1,99.69,99.69,1,296,0,1.0,1,0,0.4792841096110628
1,103.44,103.44,2,75,0,1.0,1,1,0.6552202235506687
1,2023.58,2023.58,1,142,0,1.0,1,1,0.9434168789124375
2,131.17000000000002,65.58500000000001,2,233,0,2.0,1,1,0.838720884984112
1,45.79,45.79,1,103,0,1.0,1,1,0.5299675014848615
1,116.85000000000001,116.85000000000001,1,151,0,1.0,1,1,0.6030697777613206
1,131.56,131.56,1,45,0,1.0,1,0,0.4714029204734297
1,647.54,647.54,1,174,0,1.0,1,1,0.9619038959884496
2,278.19000000000005,139.09500000000003,2,19,70,0.028169014084507043,1,1,0.6682713989337895
1,40.86,40.86,1,373,0,1.0,1,1,0.7677947391357258
1,136.05,136.05,1,295,0,1.0,1,1,0.5595122556332357
1,134.47,134.47,1,17,0,1.0,1,0,0.46964441110497923
1,79.17,79.17,1,232,0,1.0,1,1,0.5020224564858838
1,674.83,674.83,1,147,0,1.0,1,1,0.9679288540636871
1,82.69,82.69,1,98,0,1.0,1,1,0.6530869139876181
1,1078.43,1078.43,1,87,0,1.0,1,1,0.9729729954656925
1,137.53,137.53,1,132,0,1.0,1,1,0.5756310481447396
2,146.13,73.065,2,72,0,2.0,1,1,0.7665433861799701
1,74.67,74.67,1,69,0,1.0,1,1,0.5912975961934278
1,132.04999999999998,132.04999999999998,1,9,0,1.0,1,0,0.4277383188710286
1,292.10999999999996,292.10999999999996,1,313,0,1.0,1,1,0.8098345508060831
1,37.769999999999996,37.769999999999996,1,25,0,1.0,1,0,0.38753004022175846
1,35.1,35.1,1,143,0,1.0,1,1,0.5778447115119612
1,43.839999999999996,43.839999999999996,1,16,0,1.0,1,0,0.4827347809572645
1,101.34,101.34,1,74,0,1.0,1,1,0.5211244334806551
1,143.12,143.12,1,175,0,1.0,1,1,0.5862000226158571
1,81.51,81.51,1,18,0,1.0,1,1,0.514933116400811
1,158.7,158.7,2,94,0,1.0,1,1,0.7569356141956243
1,29.28,29.28,1,226,0,1.0,1,1,0.7234094137742962
1,115.05000000000001,115.05000000000001,1,236,0,1.0,1,1,0.5847103071137614
1,36.28,36.28,1,52,0,1.0,1,0,0.44698516361199836
1,119.80000000000001,119.80000000000001,1,388,0,1.0,1,1,0.6968094204535143
1,43.72,43.72,1,172,0,1.0,1,1,0.659876068998505
1,140.22,140.22,1,89,0,1.0,1,1,0.5807654453746235
1,86.15,86.15,1,195,0,1.0,1,1,0.6210147096957436
1,110.2,110.2,1,370,0,1.0,1,1,0.6779651675658055
1,6726.66,6726.66,1,280,0,1.0,1,1,0.984459441120661
1,45.089999999999996,45.089999999999996,1,63,0,1.0,1,1,0.5646423453860264
1,26.380000000000003,26.380000000000003,1,220,0,1.0,1,1,0.5559072059221906
1,169.39999999999998,169.39999999999998,6,409,0,1.0,1,1,0.9109862607845268
1,199.59,199.59,1,88,0,1.0,1,1,0.7976452856319319
1,73.43,73.43,1,29,0,1.0,1,1,0.5268074006030591
1,157.22,157.22,1,94,0,1.0,1,1,0.62594561305412
1,105.71000000000001,105.71000000000001,1,140,0,1.0,1,1,0.5874768541774485
1,73.75999999999999,73.75999999999999,1,265,0,1.0,1,1,0.5502997853092817
2,492.26,246.13,2,161,127,0.015625,1,1,0.7416048104112433
1,65.96,65.96,1,77,0,1.0,1,1,0.5497891241022624
1,136.6,136.6,1,86,0,1.0,1,1,0.598720055390116
1,64.49,64.49,1,279,0,1.0,1,1,0.5422857084740708
1,176.16,176.16,2,69,0,1.0,1,1,0.7717714274116785
1,206.54,206.54,1,8,0,1.0,1,1,0.5237135983774915
1,49.0,49.0,1,37,0,1.0,1,0,0.4904692076717534
1,1121.01,1121.01,1,109,0,1.0,1,1,0.9209130762537984
1,182.59,182.59,1,325,0,1.0,1,1,0.7810876937334384
1,702.97,702.97,1,44,0,1.0,1,1,0.9947007818646573
1,84.16,84.16,1,388,0,1.0,1,1,0.7235040512738767
1,147.22,147.22,1,17,0,1.0,1,1,0.5072854698767734
2,1304.3600000000001,652.1800000000001,2,73,22,0.08695652173913043,1,1,0.9174495878438481
1,41.96,41.96,1,344,0,1.0,1,1,0.7136051738229757
1,333.5400000000001,333.5400000000001,3,284,0,1.0,1,1,0.7750881253711615
1,115.16,115.16,1,187,0,1.0,1,1,0.6122304964180842
1,36.0,36.0,1,184,0,1.0,1,1,0.6442515394310513
1,60.1,60.1,1,214,0,1.0,1,0,0.46257211513345436
1,97.23,97.23,1,293,0,1.0,1,0,0.4978241659473727
1,91.66000000000001,91.66000000000001,1,161,0,1.0,1,1,0.6609034496837584
1,65.5,65.5,1,132,0,1.0,1,1,0.5449746232629986
1,33.1,33.1,1,45,0,1.0,1,0,0.4734058950357627
1,182.91,182.91,1,85,0,1.0,1,1,0.6968397486790078
1,230.95000000000002,230.95000000000002,1,7,0,1.0,1,0,0.49294030378806536
1,476.38,476.38,1,375,0,1.0,1,1,0.9709635262129388
1,414.45,414.45,2,119,0,1.0,1,1,0.7859494618970878
1,55.09,55.09,1,9,0,1.0,1,0,0.49147335167420114
1,106.29,106.29,1,145,0,1.0,1,1,0.5874768541774485
1,40.17,40.17,1,296,0,1.0,1,1,0.6465578149714707
1,111.89,111.89,1,165,0,1.0,1,1,0.5477714366765745
1,48.61,48.61,1,301,0,1.0,1,1,0.5402513094440957
1,130.16,130.16,1,159,0,1.0,1,1,0.578573805414978
1,61.800000000000004,61.800000000000004,1,209,0,1.0,1,1,0.5515142129227143
1,46.11,46.11,1,20,0,1.0,1,1,0.5616238258954195
1,32.089999999999996,32.089999999999996,1,210,0,1.0,1,1,0.6940959045438985
1,37.089999999999996,37.089999999999996,1,29,0,1.0,1,0,0.35399674976938916
1,68.73,68.73,1,119,0,1.0,1,1,0.6501642324291599
1,52.5,52.5,1,97,0,1.0,1,0,0.4783515722502512
1,120.27000000000001,120.27000000000001,1,133,0,1.0,1,1,0.5716104838920908
1,77.89,77.89,1,10,0,1.0,1,0,0.4523843288288397
1,45.37,45.37,1,178,0,1.0,1,1,0.5334616456068295
1,381.88,381.88,1,131,0,1.0,1,1,0.8631375372415757
1,56.49,56.49,1,122,0,1.0,1,0,0.4830685587179324
1,92.69,92.69,1,45,0,1.0,1,1,0.569395219970852
2,232.23000000000002,116.11500000000001,2,158,196,0.01015228426395939,1,0,0.1971920866303284
1,164.17000000000002,164.17000000000002,1,280,0,1.0,1,1,0.5698610680359566
1,58.6,58.6,1,30,0,1.0,1,0,0.4816916503801058
1,277.12,277.12,1,195,0,1.0,1,1,0.8437355774968388
1,190.98,190.98,1,1,0,1.0,1,1,0.6008157306047143
1,103.28,103.28,1,94,0,1.0,1,1,0.620062474621116
1,54.42,54.42,1,369,0,1.0,1,1,0.6462593180586221
1,47.62,47.62,1,6,0,1.0,1,0,0.4960848588541653
1,120.04,120.04,1,356,0,1.0,1,1,0.6432269233975255
1,145.58,145.58,1,8,0,1.0,1,0,0.49248386385002885
1,86.15,86.15,1,19,0,1.0,1,1,0.5711138240510004
1,138.6,138.6,1,30,0,1.0,1,0,0.4656176631393685
1,116.36000000000001,116.36000000000001,1,88,0,1.0,1,1,0.6034579022935409
1,114.35000000000001,114.35000000000001,1,0,0,1.0,1,1,0.631989112857852
1,87.7,87.7,1,245,0,1.0,1,1,0.5290303251683579
1,303.10999999999996,303.10999999999996,1,328,0,1.0,1,1,0.8078017038311254
1,86.17999999999999,86.17999999999999,1,347,0,1.0,1,1,0.7142265658666015
1,35.089999999999996,35.089999999999996,1,53,0,1.0,1,0,0.40229432936591586
1,54.0,54.0,1,220,0,1.0,1,1,0.5146980128940796
1,232.55,232.55,1,147,0,1.0,1,1,0.7311799152929224
1,272.71,272.71,1,91,0,1.0,1,1,0.707603904623642
1,172.52,172.52,1,183,0,1.0,1,1,0.5596450168805654
1,89.88000000000001,89.88000000000001,1,46,0,1.0,1,1,0.569395219970852
1,574.51,574.51,1,105,0,1.0,1,1,0.8761099060607461
1,336.59,336.59,2,238,0,1.0,1,1,0.8546966725451369
1,112.94,112.94,1,47,0,1.0,1,1,0.5057947356739135
1,153.85,153.85,1,164,0,1.0,1,1,0.5800247309286461
1,223.82,223.82,1,141,0,1.0,1,1,0.7496220812176307
1,36.78,36.78,1,180,0,1.0,1,1,0.5255700364001057
1,167.3,167.3,2,355,0,1.0,1,1,0.7653519700697246
1,353.62,353.62,1,99,0,1.0,1,1,0.6662694862864528
1,148.76999999999998,148.76999999999998,3,191,0,1.0,1,1,0.8088874213705934
1,317.2,317.2,1,390,0,1.0,1,1,0.8768255716611513
1,146.27,146.27,1,218,0,1.0,1,1,0.560528978364016
1,58.62,58.62,1,378,0,1.0,1,1,0.6004429626051122
1,20.73,20.73,1,71,0,1.0,1,0,0.48586093332383135
1,217.45000000000002,217.45000000000002,1,109,0,1.0,1,1,0.75414664575039
1,372.64,372.64,1,408,0,1.0,1,1,0.9443210723285578
1,79.56,79.56,1,100,0,1.0,1,1,0.6460915750930744
1,93.26,93.26,1,49,0,1.0,1,1,0.5785382087313942
1,45.01,45.01,1,127,0,1.0,1,1,0.6535097386225192
1,228.79,228.79,1,99,0,1.0,1,1,0.7743183348298617
1,29.75,29.75,1,108,0,1.0,1,1,0.6258167423531915
1,107.78,107.78,1,269,0,1.0,1,1,0.5982512087998079
1,154.74,154.74,1,31,0,1.0,1,0,0.4380392157701766
1,122.32000000000001,122.32000000000001,1,167,0,1.0,1,1,0.562716185541684
1,29.0,29.0,1,264,0,1.0,1,1,0.6524185142632385
1,35.769999999999996,35.769999999999996,1,6,0,1.0,1,0,0.45916642301295185
1,75.07,75.07,1,20,0,1.0,1,1,0.525462299295085
1,205.73999999999998,205.73999999999998,2,158,0,1.0,1,0,0.47063391424003875
1,163.25,163.25,1,78,0,1.0,1,1,0.6089603795371088
1,45.62,45.62,1,101,0,1.0,1,1,0.5240889607114277
1,48.269999999999996,48.269999999999996,1,176,0,1.0,1,1,0.5016924660664721
1,448.39,448.39,1,6,0,1.0,1,1,0.8015383527504674
1,56.85,56.85,1,29,0,1.0,1,0,0.484412456556874
1,49.09,49.09,1,17,0,1.0,1,0,0.47318994978011913
1,37.769999999999996,37.769999999999996,1,86,0,1.0,1,1,0.5555422014194746
1,56.78,56.78,1,91,0,1.0,1,0,0.4829020099235123
1,75.07,75.07,1,44,0,1.0,1,1,0.530209988704785
1,115.27999999999999,115.27999999999999,2,288,0,1.0,1,1,0.7176840153250557
1,40.42,40.42,1,215,0,1.0,1,1,0.6908375854185628
1,125.17999999999999,125.17999999999999,2,112,0,1.0,1,1,0.7140041067813162
1,44.519999999999996,44.519999999999996,1,387,0,1.0,1,1,0.6906664571216697
1,107.8,107.8,1,162,0,1.0,1,1,0.5658744746487274
1,63.91,63.91,1,312,0,1.0,1,1,0.8325391745613638
1,60.46,60.46,1,8,0,1.0,1,0,0.48697460312312196
1,54.0,54.0,1,96,0,1.0,1,0,0.4783515722502512
1,33.730000000000004,33.730000000000004,1,129,0,1.0,1,1,0.5941177390658342
1,177.49,177.49,1,21,0,1.0,1,1,0.7081398138004958
1,68.02,68.02,1,96,0,1.0,1,1,0.6535066609682882
1,117.17999999999999,117.17999999999999,2,119,0,1.0,1,1,0.7422871516447864
2,114.21000000000001,57.105000000000004,2,208,0,2.0,1,1,0.6884337108783107
1,272.33,272.33,1,399,0,1.0,1,1,0.8587984889006617
1,124.24000000000001,124.24000000000001,1,322,0,1.0,1,1,0.7735723865784361
1,45.14,45.14,1,87,0,1.0,1,1,0.5224789619877755
1,166.8,166.8,1,196,0,1.0,1,1,0.5825320314197973
1,81.63000000000001,81.63000000000001,1,60,0,1.0,1,1,0.5890527756958296
1,44.83,44.83,1,312,0,1.0,1,1,0.8719321455684604
1,63.1,63.1,1,10,0,1.0,1,1,0.5143233735578847
1,223.97,223.97,1,97,0,1.0,1,1,0.775356519194064
1,36.75,36.75,1,275,0,1.0,1,1,0.6157668353773014
1,67.83,67.83,1,353,0,1.0,1,1,0.6516277498879305
1,338.13,338.13,3,176,0,1.0,1,1,0.7888032419133845
1,256.5,256.5,2,42,0,1.0,1,1,0.6872034368060691
2,98.63,49.315,2,84,0,2.0,1,1,0.8551541866185866
1,171.61,171.61,1,51,0,1.0,1,1,0.5494564661374371
1,190.48000000000002,190.48000000000002,1,81,0,1.0,1,1,0.795782685348096
1,93.21000000000001,93.21000000000001,1,271,0,1.0,1,1,0.5686708843042152
1,70.15,70.15,1,225,0,1.0,1,1,0.6550664116260589
2,95.18,47.59,2,10,0,2.0,1,1,0.9173698854801684
1,69.14,69.14,1,186,0,1.0,1,1,0.655863085208496
1,63.53,63.53,1,87,0,1.0,1,1,0.5451434428453182
1,196.81,196.81,1,151,0,1.0,1,1,0.7555832257730877
1,93.72,93.72,1,309,0,1.0,1,1,0.8531008776678287
1,159.3,159.3,1,277,0,1.0,1,1,0.5752926976235002
1,35.68,35.68,1,98,0,1.0,1,1,0.5740580206491133
1,249.72000000000003,249.72000000000003,2,508,0,1.0,1,1,0.8558074113578109
1,66.00999999999999,66.00999999999999,1,88,0,1.0,1,1,0.537771014100338
1,21.69,21.69,1,308,0,1.0,1,1,0.6976459995547841
1,66.00999999999999,66.00999999999999,1,171,0,1.0,1,1,0.5388201933983496
1,45.089999999999996,45.089999999999996,1,271,0,1.0,1,1,0.5056606992623767
1,220.28,220.28,1,177,0,1.0,1,1,0.7391849564085451
1,139.27,139.27,1,324,0,1.0,1,1,0.7663675683938775
1,56.75,56.75,1,223,0,1.0,1,1,0.5317099990316102
1,207.06,207.06,1,330,0,1.0,1,1,0.8258492045139523
1,37.54,37.54,1,224,0,1.0,1,1,0.6920062387962376
1,64.0,64.0,2,62,0,1.0,1,1,0.7258506170235052
1,77.24000000000001,77.24000000000001,1,15,0,1.0,1,0,0.4932285057124647
1,57.5,57.5,1,26,0,1.0,1,0,0.4781535294832281
1,121.4,121.4,1,82,0,1.0,1,1,0.5675152715449113
1,135.12,135.12,2,62,0,1.0,1,1,0.6501606986114902
1,85.14,85.14,1,276,0,1.0,1,1,0.526242032741146
1,139.62,139.62,1,219,0,1.0,1,1,0.5440171885388906
1,64.14,64.14,1,1,0,1.0,1,1,0.786563353344971
1,81.89,81.89,1,196,0,1.0,1,1,0.6570467740723169
1,510.15999999999997,510.15999999999997,1,56,0,1.0,1,1,0.873833385957134
1,172.52,172.52,1,193,0,1.0,1,1,0.55883573561288
1,85.15,85.15,1,72,0,1.0,1,1,0.6013206753345702
1,72.14,72.14,1,100,0,1.0,1,1,0.628240184386378
1,237.68,237.68,1,72,0,1.0,1,1,0.5722205436478063
1,77.57,77.57,1,179,0,1.0,1,1,0.6299902530907003
1,471.0,471.0,1,74,0,1.0,1,1,0.8793992469185349
1,378.74,378.74,2,11,0,1.0,1,1,0.5974409558969658
1,87.72999999999999,87.72999999999999,1,141,0,1.0,1,1,0.6397013841917564
1,89.28,89.28,1,114,0,1.0,1,1,0.661078657274636
1,86.15,86.15,1,257,0,1.0,1,1,0.52338230335798
1,818.33,818.33,1,165,0,1.0,1,1,0.9721788782771491
1,56.6,56.6,1,95,0,1.0,1,0,0.4850463854534875
1,276.11,276.11,1,343,0,1.0,1,1,0.8255988681798336
1,99.33,99.33,1,112,0,1.0,1,1,0.5388516750359891
1,56.78,56.78,1,215,0,1.0,1,0,0.4685994402711855
1,115.44999999999999,115.44999999999999,1,105,0,1.0,1,1,0.6083333517111255
1,501.72,501.72,4,361,0,1.0,1,1,0.9577283777973233
1,67.5,67.5,1,284,0,1.0,1,0,0.4117413518925032
1,337.83,337.83,1,12,0,1.0,1,1,0.5060855842183263
1,114.93,114.93,1,50,0,1.0,1,1,0.5699369973308916
1,54.82,54.82,1,214,0,1.0,1,0,0.4699787584883601
1,49.36,49.36,2,83,0,1.0,1,1,0.6980378003407731
1,62.379999999999995,62.379999999999995,1,289,0,1.0,1,1,0.5186377784805314
1,352.97,352.97,1,300,0,1.0,1,1,0.8998347008713745
1,84.26,84.26,1,239,0,1.0,1,0,0.48850901212255443
1,86.83000000000001,86.83000000000001,1,77,0,1.0,1,1,0.6427771273387557
1,1300.57,1300.57,1,198,0,1.0,1,1,0.9746640353374414
1,194.91,194.91,1,143,0,1.0,1,1,0.7200071646180055
1,71.14,71.14,1,8,0,1.0,1,0,0.4608496226724734
2,187.36,93.68,2,172,0,2.0,1,1,0.8557716888608426
1,165.67000000000002,165.67000000000002,1,268,0,1.0,1,1,0.5696897064135975
1,44.790000000000006,44.790000000000006,1,12,0,1.0,1,1,0.575777799147016
1,177.18,177.18,1,97,0,1.0,1,1,0.6150376817861692
1,116.94,116.94,1,268,0,1.0,1,1,0.6374057047480868
1,77.77,77.77,1,56,0,1.0,1,1,0.5663473103508709
1,357.62,357.62,1,212,0,1.0,1,1,0.684185398157875
1,67.5,67.5,1,39,0,1.0,1,0,0.46888268399442706
1,213.93,213.93,1,283,0,1.0,1,1,0.7109753790607314
1,134.28,134.28,1,149,0,1.0,1,1,0.569310066115694
1,29.56,29.56,1,92,0,1.0,1,1,0.5983377059415396
1,45.86,45.86,1,356,0,1.0,1,1,0.6469944189124409
1,46.01,46.01,1,123,0,1.0,1,1,0.5392712677200935
1,37.44,37.44,1,162,0,1.0,1,1,0.5556304190358539
1,91.18,91.18,1,231,0,1.0,1,1,0.5612010242340248
1,51.84,51.84,1,181,0,1.0,1,0,0.48263591279711204
1,46.36,46.36,1,54,0,1.0,1,1,0.5422361872102459
1,618.94,618.94,1,110,0,1.0,1,1,0.8684191574978027
1,148.18,148.18,1,93,0,1.0,1,1,0.6272279310333175
1,330.07000000000005,330.07000000000005,3,223,0,1.0,1,1,0.7821989384286855
1,168.78,168.78,1,69,0,1.0,1,1,0.5182949365975691
1,85.21000000000001,85.21000000000001,2,214,0,1.0,1,1,0.5259968232968544
1,354.62,354.62,2,102,0,1.0,1,1,0.8043879964667072
1,164.26000000000002,164.26000000000002,1,14,0,1.0,1,0,0.49595566783336276
1,296.71,296.71,1,205,0,1.0,1,1,0.8286087176898477
1,124.84,124.84,1,390,0,1.0,1,1,0.6827786496605495
1,68.65,68.65,1,163,0,1.0,1,1,0.6611347149062686
1,116.0,116.0,1,161,0,1.0,1,1,0.5978272581725156
1,139.0,139.0,1,112,0,1.0,1,1,0.5729090996102659
1,78.6,78.6,1,350,0,1.0,1,1,0.7167146560851525
1,42.589999999999996,42.589999999999996,1,244,0,1.0,1,1,0.6849020965432057
1,145.68,145.68,1,2,0,1.0,1,1,0.7455841118210431
1,109.64,109.64,2,57,0,1.0,1,1,0.5049910943283819
1,83.23,83.23,1,274,0,1.0,1,0,0.4942216237966206
1,36.78,36.78,1,106,0,1.0,1,1,0.5663595749310815
1,296.36,296.36,1,57,0,1.0,1,1,0.7553459011155124
1,155.05,155.05,1,310,0,1.0,1,1,0.7652351103586575
1,106.87,106.87,1,13,0,1.0,1,1,0.5083071216374331
1,56.17,56.17,1,100,0,1.0,1,0,0.4803245650216386
1,153.2,153.2,1,184,0,1.0,1,1,0.5915075497332939
1,135.51,135.51,1,65,0,1.0,1,1,0.5738900456362266
1,117.85000000000001,117.85000000000001,1,142,0,1.0,1,1,0.5677797269192866
1,106.78,106.78,1,17,0,1.0,1,1,0.5003691019557883
1,137.16,137.16,1,346,0,1.0,1,1,0.6049058200997869
1,47.02,47.02,1,126,0,1.0,1,1,0.5375584580198481
1,382.88,382.88,1,324,0,1.0,1,1,0.9537221559955458
1,279.79,279.79,2,356,0,1.0,1,1,0.9037708000268826
1,417.15999999999997,417.15999999999997,1,19,0,1.0,1,1,0.7703019724200726
1,94.39999999999999,94.39999999999999,1,42,0,1.0,1,1,0.5651274634852665
1,256.92,256.92,1,103,0,1.0,1,1,0.7132317208163024
1,44.239999999999995,44.239999999999995,1,261,0,1.0,1,1,0.6812497562831463
1,150.73,150.73,2,289,0,1.0,1,1,0.6667128443360703
1,415.34000000000003,415.34000000000003,2,75,0,1.0,1,1,0.9186180439955285
1,28.759999999999998,28.759999999999998,1,7,0,1.0,1,1,0.6086631650793016
1,635.19,635.19,3,191,0,1.0,1,1,0.7803048311303122
1,131.7,131.7,1,96,0,1.0,1,1,0.6168170379993796
1,295.91,295.91,1,22,0,1.0,1,1,0.5756205822531628
1,98.81,98.81,1,269,0,1.0,1,1,0.5023223604712228
1,36.089999999999996,36.089999999999996,1,19,0,1.0,1,0,0.42713587476024384
1,872.17,872.17,1,18,0,1.0,1,1,0.9924603146079615
1,293.35999999999996,293.35999999999996,1,19,0,1.0,1,1,0.5447026717366857
1,38.099999999999994,38.099999999999994,1,22,0,1.0,1,0,0.4858048745975163
1,116.23,116.23,1,76,0,1.0,1,1,0.6117703853808251
1,69.12,69.12,1,52,0,1.0,1,0,0.46955476802592017
1,76.69,76.69,1,285,0,1.0,1,1,0.5244605164994264
1,301.65999999999997,301.65999999999997,1,211,0,1.0,1,1,0.8747197561894329
1,23.42,23.42,1,316,0,1.0,1,1,0.8001802625501053
1,270.54,270.54,1,246,0,1.0,1,1,0.8875652137903287
1,372.0,372.0,6,1,0,1.0,1,1,0.8720132038546131
1,74.16,74.16,1,206,0,1.0,1,1,0.6666763874104802
1,63.730000000000004,63.730000000000004,1,27,0,1.0,1,1,0.5207698881824393
1,66.53,66.53,1,386,0,1.0,1,1,0.5838721130252525
1,58.550000000000004,58.550000000000004,1,381,0,1.0,1,1,0.6025538705894461
1,261.46,261.46,1,19,0,1.0,1,0,0.4861529374324286
1,156.18,156.18,1,341,0,1.0,1,1,0.6079364265398346
1,50.8,50.8,1,368,0,1.0,1,1,0.6454474045539301
1,49.36,49.36,2,192,0,1.0,1,1,0.7208474618014074
1,112.11999999999999,112.11999999999999,1,120,0,1.0,1,1,0.553498829827154
1,111.91,111.91,1,219,0,1.0,1,1,0.5218510664265238
1,167.13,167.13,1,289,0,1.0,1,1,0.53961745464481
1,108.0,108.0,1,51,0,1.0,1,1,0.5338568556504882
1,33.85,33.85,1,260,0,1.0,1,1,0.6287374808019188
1,231.74,231.74,1,165,0,1.0,1,1,0.7406707101303237
1,215.69,215.69,1,376,0,1.0,1,1,0.6476600365833954
1,81.92,81.92,1,225,0,1.0,1,1,0.6315560411328505
1,305.7,305.7,1,356,0,1.0,1,1,0.8423058291180261
1,126.04,126.04,1,16,0,1.0,1,0,0.460212633776082
1,65.53999999999999,65.53999999999999,2,59,0,1.0,0,1,0.6852373242068519
1,48.69,48.69,1,96,0,1.0,1,0,0.4870630348570388
1,59.75,59.75,1,22,0,1.0,1,0,0.4777842362391841
1,125.41,125.41,1,354,0,1.0,1,1,0.6174172734536449
1,347.96999999999997,347.96999999999997,1,273,0,1.0,1,1,0.904053248193333
1,61.379999999999995,61.379999999999995,1,379,0,1.0,1,1,0.6319249360347637
1,33.839999999999996,33.839999999999996,1,158,0,1.0,1,1,0.5902542762589033
2,180.03,90.015,2,106,90,0.02197802197802198,1,0,0.46480989779713155
1,92.57,92.57,1,49,0,1.0,1,1,0.5865443803672061
1,124.94,124.94,1,134,0,1.0,1,1,0.572201028359612
1,306.3,306.3,2,85,0,1.0,1,1,0.8790772589459722
2,123.35,61.675,2,246,16,0.11764705882352941,1,0,0.46204569714912813
1,76.0,76.0,2,275,0,1.0,1,1,0.6302868469661245
1,52.34,52.34,1,34,0,1.0,1,0,0.4866065259929413
1,138.63,138.63,1,0,0,1.0,1,1,0.6492981212889194
1,181.76000000000002,181.76000000000002,2,44,0,1.0,1,1,0.6344131644837618
1,81.82,81.82,1,91,0,1.0,1,1,0.6509725294223434
1,40.089999999999996,40.089999999999996,1,222,0,1.0,1,1,0.7202817079999857
1,91.86,91.86,2,167,0,1.0,1,1,0.5277511917154726
1,37.089999999999996,37.089999999999996,1,57,0,1.0,1,0,0.3618676004022857
1,80.95,80.95,1,335,0,1.0,1,1,0.7148954142157313
1,661.08,661.08,3,215,0,1.0,1,1,0.7812958618405911
1,181.91,181.91,1,27,0,1.0,1,1,0.7194853817567173
1,165.98,165.98,1,171,0,1.0,1,1,0.5717131068964593
1,54.0,54.0,1,49,0,1.0,1,1,0.5116417228046197
1,73.13,73.13,1,151,0,1.0,1,1,0.6494731455508627
1,73.34,73.34,1,183,0,1.0,1,1,0.6521039860228651
1,42.78,42.78,1,100,0,1.0,1,1,0.6200437922748803
2,181.94,90.97,2,212,0,2.0,1,1,0.8806822036542545
1,139.62,139.62,1,2,0,1.0,1,1,0.7455841118210431
1,69.73,69.73,1,148,0,1.0,1,1,0.6557708107699864
1,24.75,24.75,1,49,0,1.0,1,0,0.45475721395775454
1,154.72,154.72,1,145,0,1.0,1,1,0.5785590455054048
1,23.450000000000003,23.450000000000003,1,386,0,1.0,1,1,0.7071469741910408
1,129.82,129.82,1,38,0,1.0,1,0,0.44594763823775035
1,61.75,61.75,1,260,0,1.0,1,0,0.4527308483858412
1,126.95,126.95,1,325,0,1.0,1,1,0.7735723865784361
1,102.3,102.3,2,291,0,1.0,1,1,0.6767464191375118
1,262.09999999999997,262.09999999999997,2,354,0,1.0,1,1,0.7635642570096819
1,131.73,131.73,1,108,0,1.0,1,1,0.580983630064024
1,123.74000000000001,123.74000000000001,1,182,0,1.0,1,1,0.5677652586976233
1,45.1,45.1,1,54,0,1.0,1,1,0.5471687498306699
1,122.27,122.27,1,121,0,1.0,1,1,0.572201028359612
1,189.26000000000002,189.26000000000002,1,117,0,1.0,1,1,0.7555290383704528
1,45.0,45.0,1,37,0,1.0,1,1,0.5667532436714331
1,77.98,77.98,1,204,0,1.0,1,1,0.6501684032998841
1,116.83000000000001,116.83000000000001,1,217,0,1.0,1,1,0.5841787645045289
1,102.64,102.64,1,48,0,1.0,1,1,0.5427046581827575
1,120.39,120.39,1,139,0,1.0,1,1,0.5602918946415443
1,134.0,134.0,1,383,0,1.0,1,1,0.6228241431355025
1,115.88000000000001,115.88000000000001,1,378,0,1.0,1,1,0.6717491574915532
1,106.21000000000001,106.21000000000001,1,47,0,1.0,1,0,0.49698206634832476
2,157.35,78.675,2,72,117,0.01694915254237288,1,1,0.6178322917507547
1,99.52000000000001,99.52000000000001,1,363,0,1.0,1,1,0.6539453187053079
1,207.10000000000002,207.10000000000002,2,35,0,1.0,1,1,0.6834796880158804
1,213.96,213.96,1,151,0,1.0,1,1,0.5959386673850703
1,110.52000000000001,110.52000000000001,1,275,0,1.0,1,1,0.5992026824987416
1,114.44,114.44,1,60,0,1.0,1,1,0.59696744876798
1,111.69999999999999,111.69999999999999,2,36,0,1.0,1,0,0.4736331205183414
1,125.12,125.12,1,111,0,1.0,1,1,0.572373292199461
1,63.39,63.39,1,255,0,1.0,1,1,0.5349699270521622
1,44.53,44.53,1,260,0,1.0,1,1,0.680152032052892
1,57.61,57.61,1,4,0,1.0,1,1,0.5752482095031805
1,166.35,166.35,1,45,0,1.0,1,0,0.49502827911737085
1,40.95,40.95,1,402,0,1.0,1,1,0.7342375804278127
1,155.74,155.74,1,148,0,1.0,1,1,0.5773146295249044
1,96.8,96.8,1,84,0,1.0,1,1,0.5680993032106795
1,629.48,629.48,1,161,0,1.0,1,1,0.9633751141946074
1,289.76,289.76,1,11,0,1.0,1,0,0.4991929201722419
1,239.99999999999997,239.99999999999997,6,212,0,1.0,1,1,0.8692682306750945
1,75.69,75.69,1,188,0,1.0,1,1,0.6462189215505715
1,368.10999999999996,368.10999999999996,1,146,0,1.0,1,1,0.7389385100409492
1,40.0,40.0,1,96,0,1.0,1,1,0.6059444742240635
1,23.2,23.2,1,82,0,1.0,1,1,0.5930998299450242
1,57.51,57.51,1,26,0,1.0,1,0,0.4781535294832281
1,227.9,227.9,1,396,0,1.0,1,1,0.8371779361925771
2,200.06,100.03,2,161,9,0.2,1,1,0.6629935089788862
1,287.64,287.64,1,128,0,1.0,1,1,0.7938461140131025
1,147.15,147.15,1,236,0,1.0,1,1,0.509607282954799
1,386.33,386.33,1,75,0,1.0,1,1,0.8882809485711588
1,96.88000000000001,96.88000000000001,1,380,0,1.0,1,1,0.6866448041302491
1,69.72,69.72,1,355,0,1.0,1,1,0.6926346411579086
1,60.42,60.42,1,407,0,1.0,1,1,0.5030918870737091
1,58.62,58.62,1,273,0,1.0,1,0,0.48428769663831817
1,132.95000000000002,132.95000000000002,1,112,0,1.0,1,1,0.5825653471257267
1,36.089999999999996,36.089999999999996,1,0,0,1.0,1,1,0.8357071029124584
2,91.35,45.675,2,117,47,0.041666666666666664,1,0,0.14877783378812995
1,139.43,139.43,1,48,0,1.0,1,1,0.5412752904795174
1,64.09,64.09,1,3,0,1.0,1,1,0.5890936136705679
1,122.4,122.4,1,36,0,1.0,1,0,0.4001017796985759
1,101.74000000000001,101.74000000000001,1,180,0,1.0,1,1,0.6017968133940518
1,219.17000000000002,219.17000000000002,1,41,0,1.0,1,0,0.48283524112185017
1,85.33999999999999,85.33999999999999,1,266,0,1.0,1,1,0.530714263715465
1,108.19,108.19,1,92,0,1.0,1,1,0.5884984997951549
1,436.5,436.5,1,209,0,1.0,1,1,0.9259376865756597
1,188.98000000000002,188.98000000000002,1,3,0,1.0,1,0,0.30063454492986175
1,104.1,104.1,1,222,0,1.0,1,1,0.5657541106532691
2,208.86,104.43,3,90,6,0.2857142857142857,1,0,0.4786835468847788
1,44.089999999999996,44.089999999999996,1,35,0,1.0,1,1,0.5568720822541874
1,222.97,222.97,1,240,0,1.0,1,1,0.8062761090818147
1,367.10999999999996,367.10999999999996,1,136,0,1.0,1,1,0.7511982737324459
1,234.73,234.73,1,148,0,1.0,1,1,0.7150197443242403
1,98.11999999999999,98.11999999999999,1,133,0,1.0,1,1,0.5621605632097184
1,424.68,424.68,1,214,0,1.0,1,1,0.9571379883489758
1,27.42,27.42,1,321,0,1.0,1,1,0.8653201391326474
1,90.9,90.9,1,43,0,1.0,1,1,0.5761195747593347
1,146.69,146.69,1,96,0,1.0,1,1,0.6287911441368343
5,911.54,182.308,10,95,147,0.033783783783783786,1,0,0.39054175603774965
1,83.19,83.19,1,10,0,1.0,1,0,0.4594077216851355
1,31.38,31.38,1,91,0,1.0,1,1,0.5947514615886405
1,39.85,39.85,1,153,0,1.0,1,1,0.6277824710746565
1,42.69,42.69,1,57,0,1.0,1,1,0.6115973776544281
1,77.89,77.89,1,289,0,1.0,1,1,0.5078262936931027
1,77.89,77.89,1,126,0,1.0,1,1,0.6444839471572367
2,233.60000000000002,116.80000000000001,2,231,76,0.025974025974025976,1,1,0.7465937992252691
1,78.2,78.2,1,7,0,1.0,1,0,0.4443337883552611
1,163.48,163.48,1,214,0,1.0,1,1,0.5552908950839
1,103.14,103.14,1,64,0,1.0,1,1,0.592118606861986
1,35.769999999999996,35.769999999999996,1,29,0,1.0,1,0,0.436321553403364
1,81.78,81.78,1,308,0,1.0,1,1,0.8448490226396392
1,210.72,210.72,1,115,0,1.0,1,1,0.6486712136841858
1,107.78,107.78,1,96,0,1.0,1,1,0.5877735773054513
1,72.05,72.05,1,215,0,1.0,1,1,0.5993204849543574
1,73.09,73.09,1,319,0,1.0,1,1,0.8552100725999975
1,265.04,265.04,1,212,0,1.0,1,1,0.8751470182611168
1,97.03,97.03,1,145,0,1.0,1,1,0.5667494839343774
1,55.19,55.19,1,384,0,1.0,1,1,0.5581729000618082
1,193.51,193.51,1,177,0,1.0,1,1,0.751215089777628
1,95.21000000000001,95.21000000000001,1,16,0,1.0,1,1,0.5706947378037079
1,144.69,144.69,1,321,0,1.0,1,1,0.7663675683938775
1,93.28,93.28,1,42,0,1.0,1,1,0.5617941301519331
1,237.0,237.0,1,3,0,1.0,1,0,0.36544583311214623
1,100.77000000000001,100.77000000000001,1,90,0,1.0,1,1,0.5468207285594907
1,138.65,138.65,1,155,0,1.0,1,1,0.5669775123662973
1,394.28999999999996,394.28999999999996,2,216,0,1.0,1,1,0.9015049142583782
1,158.20000000000002,158.20000000000002,1,291,0,1.0,1,1,0.5345696324471341
1,82.60000000000001,82.60000000000001,1,220,0,1.0,1,1,0.5893985373284811
1,77.57,77.57,1,242,0,1.0,1,0,0.49886303669809434
1,64.42,64.42,1,399,0,1.0,1,1,0.5711734459223624
1,113.62,113.62,1,80,0,1.0,1,1,0.5704062945110261
1,67.02,67.02,1,11,0,1.0,1,0,0.44494961820151974
1,353.76,353.76,1,373,0,1.0,1,1,0.8645828778123833
1,181.71,181.71,1,29,0,1.0,1,1,0.6844669428252829
1,168.57,168.57,1,29,0,1.0,1,0,0.4440243896019206
2,93.84,46.92,2,324,27,0.07142857142857142,1,1,0.8022101465642274
1,55.96,55.96,1,321,0,1.0,1,1,0.7936265775785457
1,81.21,81.21,1,78,0,1.0,1,1,0.6264139518750382
1,96.22,96.22,1,17,0,1.0,1,1,0.5635361358999003
1,159.56,159.56,1,264,0,1.0,1,1,0.5732768707742679
1,96.65,96.65,1,304,0,1.0,1,1,0.7901515613185451
1,107.88,107.88,1,129,0,1.0,1,1,0.5749400901793066
1,161.37,161.37,1,49,0,1.0,1,1,0.5360501050047343
1,38.269999999999996,38.269999999999996,1,3,0,1.0,1,0,0.4328348362498871
1,257.65,257.65,5,158,0,1.0,1,1,0.8567412527196865
1,128.99,128.99,1,157,0,1.0,1,1,0.578573805414978
1,93.26,93.26,1,36,0,1.0,1,1,0.5535916978832764
1,59.730000000000004,59.730000000000004,1,51,0,1.0,1,0,0.492484692183369
1,212.48999999999998,212.48999999999998,1,42,0,1.0,1,1,0.5916458787801925
1,499.69,499.69,1,0,0,1.0,1,1,0.8538112669916142
1,41.0,41.0,1,268,0,1.0,1,1,0.6292771078800192
1,24.6,24.6,1,10,0,1.0,1,1,0.5519025476884248
1,241.02,241.02,1,233,0,1.0,1,1,0.8556905928108605
1,116.94,116.94,1,150,0,1.0,1,1,0.6030697777613206
1,70.7,70.7,1,300,0,1.0,1,1,0.6014800183459915
1,271.18,271.18,2,83,0,1.0,1,1,0.8679695696885248
1,371.93,371.93,1,47,0,1.0,1,1,0.7278337269409113
1,30.1,30.1,1,196,0,1.0,1,1,0.6814713695468316
1,127.15,127.15,1,213,0,1.0,1,1,0.5480303967043869
1,67.5,67.5,1,48,0,1.0,1,0,0.4819036549908637
1,975.44,975.44,1,320,0,1.0,1,1,0.9896979317495944
1,279.7,279.7,1,14,0,1.0,1,1,0.5478526906657707
1,30.270000000000003,30.270000000000003,1,169,0,1.0,1,1,0.6055003557499656
1,83.91,83.91,1,179,0,1.0,1,1,0.6084703565131132
1,163.68,163.68,1,38,0,1.0,1,0,0.4661813262544425
1,43.519999999999996,43.519999999999996,1,311,0,1.0,1,1,0.8719321455684604
1,158.2,158.2,2,61,0,1.0,1,1,0.6109070106070073
1,134.49,134.49,1,23,0,1.0,1,0,0.468709490902113
1,96.8,96.8,1,237,0,1.0,1,0,0.4833551377814761
1,135.84,135.84,2,275,0,1.0,1,1,0.6966783429241936
1,190.01,190.01,1,24,0,1.0,1,0,0.3213036993706198
1,65.1,65.1,1,18,0,1.0,1,1,0.51182438329915
1,124.5,124.5,1,65,0,1.0,1,1,0.5363787960011517
1,206.76000000000002,206.76000000000002,1,117,0,1.0,1,1,0.7445876408210352
1,257.94,257.94,1,89,0,1.0,1,1,0.5726748607977339
1,217.78,217.78,1,147,0,1.0,1,1,0.7310616829386651
1,232.73000000000002,232.73000000000002,1,297,0,1.0,1,1,0.8167209816961067
1,17.28,17.28,1,25,0,1.0,1,0,0.4702741195955364
1,133.48000000000002,133.48000000000002,1,96,0,1.0,1,1,0.6126757733031966
1,85.92,85.92,1,217,0,1.0,1,1,0.5898232204516536
1,60.599999999999994,60.599999999999994,1,512,0,1.0,1,0,0.4595648775838113
1,226.74,226.74,1,93,0,1.0,1,1,0.775356519194064
1,77.57,77.57,1,109,0,1.0,1,1,0.6431625994044999
1,179.35,179.35,1,132,0,1.0,1,1,0.6143323317956637
1,178.43,178.43,1,176,0,1.0,1,1,0.5574841001186758
1,34.0,34.0,1,246,0,1.0,1,1,0.6722438046156357
1,97.25999999999999,97.25999999999999,1,101,0,1.0,1,1,0.5610045199426232
1,419.04,419.04,1,105,0,1.0,1,1,0.7701612557263828
1,44.1,44.1,1,74,0,1.0,1,1,0.5312702364370527
1,159.76,159.76,1,278,0,1.0,1,1,0.5752926976235002
1,116.94,116.94,1,236,0,1.0,1,1,0.5847103071137614
1,71.75,71.75,1,152,0,1.0,1,1,0.5973110634808827
1,63.36,63.36,1,197,0,1.0,1,1,0.5790342293522639
1,218.64000000000001,218.64000000000001,1,241,0,1.0,1,1,0.8047903553600362
1,180.26,180.26,1,106,0,1.0,1,1,0.6162779134213534
1,251.09,251.09,1,9,0,1.0,1,0,0.4887207866494695
1,52.17,52.17,1,95,0,1.0,1,0,0.4783515722502512
1,662.3399999999999,662.3399999999999,6,29,0,1.0,1,1,0.9323905823873783
1,1057.2,1057.2,1,12,0,1.0,1,1,0.9939965537780804
2,79.09,39.545,2,135,144,0.013793103448275862,1,0,0.2297807639270198
1,147.23,147.23,1,65,0,1.0,1,1,0.5738900456362266
1,147.38,147.38,1,104,0,1.0,1,1,0.591340791181068
1,103.37,103.37,1,209,0,1.0,1,1,0.6265230999627184
1,97.78999999999999,97.78999999999999,1,202,0,1.0,1,1,0.5713851940869736
1,127.3,127.3,1,85,0,1.0,1,1,0.5892727706871357
1,58.46,58.46,1,308,0,1.0,1,1,0.7891201902735626
1,71.91,71.91,1,160,0,1.0,1,1,0.6323613654620449
1,171.84,171.84,1,271,0,1.0,1,1,0.6356714199423774
1,89.88000000000001,89.88000000000001,1,36,0,1.0,1,1,0.5623261696115873
1,175.18,175.18,1,138,0,1.0,1,1,0.5288901648232758
1,18.62,18.62,1,512,0,1.0,1,1,0.7547564477127617
2,620.37,310.185,3,50,0,2.0,1,1,0.9146546524680572
1,234.70000000000002,234.70000000000002,2,286,0,1.0,1,1,0.5418099029152256
1,79.95,79.95,1,305,0,1.0,1,1,0.844375409372906
1,97.50999999999999,97.50999999999999,1,0,0,1.0,1,1,0.7915892850234014
1,664.26,664.26,1,185,0,1.0,1,1,0.9611346241943499
1,77.57,77.57,1,181,0,1.0,1,1,0.6299902530907003
1,177.39,177.39,1,127,0,1.0,1,1,0.5467199636338229
1,83.25,83.25,1,94,0,1.0,1,1,0.6270687260702685
1,135.77,135.77,1,145,0,1.0,1,1,0.5633154014952838
1,55.01,55.01,1,209,0,1.0,1,1,0.5199070792049425
1,71.56,71.56,1,336,0,1.0,1,1,0.686836046979517
1,50.87,50.87,1,112,0,1.0,1,0,0.47653679833129237
1,55.879999999999995,55.879999999999995,1,33,0,1.0,1,0,0.4836274130618345
1,47.62,47.62,1,129,0,1.0,1,0,0.4752980442558805
1,92.11000000000001,92.11000000000001,1,387,0,1.0,1,1,0.729213677227579
1,70.72,70.72,1,92,0,1.0,1,1,0.6602859924292804
1,54.42,54.42,1,385,0,1.0,1,1,0.5744836933141548
1,421.2,421.2,2,155,0,1.0,1,1,0.9013228592462971
1,64.74,64.74,1,359,0,1.0,1,1,0.6911488502449108
1,42.269999999999996,42.269999999999996,1,43,0,1.0,1,1,0.6138944650871019
1,107.78,107.78,1,139,0,1.0,1,1,0.5594277508815889
1,274.19,274.19,1,197,0,1.0,1,1,0.8339118372714064
1,516.28,516.28,1,115,0,1.0,1,0,0.412980944517746
1,58.589999999999996,58.589999999999996,1,287,0,1.0,1,1,0.5134138157903522
1,42.6,42.6,1,287,0,1.0,1,1,0.6621321826465262
1,66.6,66.6,1,25,0,1.0,1,1,0.5084407628376729
1,77.57,77.57,1,142,0,1.0,1,1,0.6408674416182918
1,215.04000000000002,215.04000000000002,1,58,0,1.0,1,1,0.6653549772834189
1,186.84,186.84,1,360,0,1.0,1,1,0.7282453209253292
1,48.629999999999995,48.629999999999995,1,162,0,1.0,1,1,0.5058420049810344
1,50.5,50.5,1,224,0,1.0,1,1,0.5282430113062592
2,131.42000000000002,65.71000000000001,2,86,48,0.04081632653061224,1,0,0.2598079482329573
1,77.89,77.89,1,108,0,1.0,1,1,0.6431625994044999
1,83.0,83.0,1,9,0,1.0,1,0,0.4744397310621823
1,125.43,125.43,1,248,0,1.0,1,1,0.5528572068243777
1,140.07,140.07,1,241,0,1.0,1,1,0.548628062123161
1,84.56,84.56,1,331,0,1.0,1,1,0.7044309218776786
1,50.95,50.95,1,383,0,1.0,1,1,0.5588207527540949
1,76.17,76.17,1,72,0,1.0,1,1,0.5790452860951383
1,361.07,361.07,1,31,0,1.0,1,1,0.5644496784665137
1,45.089999999999996,45.089999999999996,1,20,0,1.0,1,1,0.5616238258954195
1,159.03,159.03,1,167,0,1.0,1,1,0.5813898493369326
1,131.95000000000002,131.95000000000002,1,69,0,1.0,1,1,0.5300547264141011
1,168.20000000000002,168.20000000000002,1,30,0,1.0,1,0,0.44644643583089827
1,31.75,31.75,1,132,0,1.0,1,1,0.5705927111529911
1,122.76,122.76,1,266,0,1.0,1,1,0.6041985569145306
1,254.22,254.22,1,81,0,1.0,1,1,0.790332961427821
1,49.519999999999996,49.519999999999996,1,328,0,1.0,1,1,0.8023512361532312
1,115.37,115.37,1,39,0,1.0,1,1,0.5193482227233579
1,104.68,104.68,1,2,0,1.0,1,1,0.7954152104467763
1,102.96,102.96,1,19,0,1.0,1,1,0.5503413807070091
1,105.28,105.28,1,236,0,1.0,1,1,0.5662310220505598
1,158.71,158.71,1,216,0,1.0,1,1,0.55855781930724
1,63.36,63.36,1,96,0,1.0,1,1,0.5520608698100866
1,614.69,614.69,1,133,0,1.0,1,1,0.8992659554848187
1,87.7,87.7,1,202,0,1.0,1,1,0.6500441716933137
1,125.52,125.52,1,139,0,1.0,1,1,0.5608824391090654
1,77.66,77.66,1,288,0,1.0,1,1,0.5016219302575877
1,48.14,48.14,1,85,0,1.0,1,0,0.4795401878481909
1,65.09,65.09,1,20,0,1.0,1,1,0.51182438329915
1,337.44,337.44,1,187,0,1.0,1,1,0.8652372197430441
1,227.27,227.27,1,204,0,1.0,1,1,0.741022309933407
1,75.16,75.16,1,78,0,1.0,1,1,0.6237448571164942
1,81.73,81.73,1,45,0,1.0,1,1,0.5213631325057506
1,216.64,216.64,1,289,0,1.0,1,1,0.8088522013536595
1,87.8,87.8,1,64,0,1.0,1,1,0.6264096134122484
1,689.63,689.63,1,336,0,1.0,1,1,0.9846925479206812
1,87.7,87.7,1,206,0,1.0,1,1,0.6552410157926315
1,84.12,84.12,1,170,0,1.0,1,1,0.6157606474170468
1,53.0,53.0,1,135,0,1.0,1,0,0.4900752482533611
1,29.509999999999998,29.509999999999998,1,348,0,1.0,1,1,0.7891956934357715
1,67.11,67.11,1,52,0,1.0,1,0,0.48790120911797485
1,64.78999999999999,64.78999999999999,1,221,0,1.0,1,1,0.5507844086844143
1,45.0,45.0,1,208,0,1.0,1,1,0.7180711539107997
1,99.92,99.92,1,246,0,1.0,1,0,0.4632979073940444
1,74.56,74.56,1,79,0,1.0,1,1,0.6245139863322762
1,330.57,330.57,2,82,0,1.0,1,1,0.8880702940614399
1,124.62,124.62,2,246,0,1.0,1,1,0.6830120889796533
1,137.2,137.2,1,153,0,1.0,1,1,0.57181177027384
1,136.45999999999998,136.45999999999998,1,243,0,1.0,1,1,0.548628062123161
1,61.620000000000005,61.620000000000005,1,21,0,1.0,1,1,0.5075411563158579
1,286.09,286.09,1,330,0,1.0,1,1,0.8322662907292613
1,130.1,130.1,2,267,0,1.0,1,1,0.7017025709856455
1,32.69,32.69,1,254,0,1.0,1,1,0.634393696238493
1,97.23,97.23,1,234,0,1.0,1,0,0.4630504240496368
1,123.41999999999999,123.41999999999999,6,40,0,1.0,1,1,0.717009254379743
1,178.27,178.27,1,192,0,1.0,1,1,0.5701908037227048
1,254.44,254.44,1,293,0,1.0,1,1,0.8563238321962088
1,46.65,46.65,1,44,0,1.0,1,0,0.48946794539632454
1,62.7,62.7,1,7,0,1.0,1,1,0.5141093323257603
1,107.35,107.35,1,214,0,1.0,1,1,0.5788720869189927
1,50.0,50.0,1,212,0,1.0,1,0,0.4795088143233507
1,113.44,113.44,1,7,0,1.0,1,0,0.48087724382902897
1,65.00999999999999,65.00999999999999,1,57,0,1.0,1,1,0.5753622793566215
1,88.74,88.74,1,288,0,1.0,1,1,0.5051522100008085
1,85.42,85.42,1,374,0,1.0,1,1,0.7226877884795874
1,97.62,97.62,1,37,0,1.0,1,1,0.5588549633469431
1,1140.15,1140.15,1,182,0,1.0,1,1,0.9752570272511879
1,87.71000000000001,87.71000000000001,1,129,0,1.0,1,1,0.646732366267892
2,72.19999999999999,36.099999999999994,2,372,5,0.3333333333333333,1,1,0.9779225146557697
1,114.45,114.45,1,19,0,1.0,1,1,0.5389734143474375
1,219.38,219.38,1,319,0,1.0,1,1,0.826390493778222
1,184.37,184.37,2,120,0,1.0,1,1,0.7861695317332487
1,160.16,160.16,1,21,0,1.0,1,0,0.4711969520322485
1,63.269999999999996,63.269999999999996,1,16,0,1.0,1,1,0.5201296231618046
1,149.09,149.09,1,379,0,1.0,1,1,0.6249990889155974
1,419.04,419.04,1,111,0,1.0,1,1,0.779830431216345
1,219.63,219.63,1,204,0,1.0,1,1,0.7395365562116284
1,31.38,31.38,1,37,0,1.0,1,0,0.28659633672545726
1,29.169999999999998,29.169999999999998,1,96,0,1.0,1,1,0.6369696809039445
1,32.089999999999996,32.089999999999996,1,247,0,1.0,1,1,0.6779778162153114
1,137.22,137.22,1,85,0,1.0,1,1,0.598720055390116
1,45.480000000000004,45.480000000000004,1,45,0,1.0,1,1,0.5552820788580762
1,117.94,117.94,1,130,0,1.0,1,1,0.5800953735687422
1,180.38,180.38,1,385,0,1.0,1,1,0.6693969025422086
1,163.06,163.06,1,22,0,1.0,1,0,0.4711969520322485
1,85.83000000000001,85.83000000000001,1,3,0,1.0,1,1,0.6321147274277075
1,33.839999999999996,33.839999999999996,1,16,0,1.0,1,0,0.27366464289235587
1,88.19999999999999,88.19999999999999,2,359,0,1.0,1,1,0.7871510379017522
1,128.1,128.1,1,182,0,1.0,1,1,0.5768475688652954
1,118.2,118.2,2,92,0,1.0,1,1,0.7387754538700929
1,77.57,77.57,1,223,0,1.0,1,1,0.5968780636509481
2,166.83999999999997,83.41999999999999,2,109,119,0.016666666666666666,1,1,0.537422323554051
1,59.6,59.6,1,126,0,1.0,1,0,0.4455503056488042
1,66.6,66.6,1,288,0,1.0,1,1,0.5267368407182288
1,65.63,65.63,1,7,0,1.0,1,0,0.4830039383675619
1,128.9,128.9,1,208,0,1.0,1,1,0.5880146353028242
1,77.89,77.89,1,176,0,1.0,1,1,0.6376910280967991
1,1421.69,1421.69,6,253,0,1.0,1,1,0.985742649379907
1,57.59,57.59,1,95,0,1.0,1,0,0.48953274724570645
1,55.239999999999995,55.239999999999995,1,52,0,1.0,1,0,0.49587797281740403
1,182.76,182.76,1,280,0,1.0,1,1,0.7042257228152847
1,177.59,177.59,1,185,0,1.0,1,1,0.5710000849903901
1,102.06,102.06,1,26,0,1.0,1,1,0.5387678098282579
1,216.05,216.05,1,90,0,1.0,1,1,0.7265200517931544
1,50.629999999999995,50.629999999999995,1,15,0,1.0,1,0,0.49026462423632533
1,87.9,87.9,2,303,0,1.0,1,1,0.6141851479314973
1,34.66,34.66,1,282,0,1.0,1,1,0.6427730560631529
1,331.02,331.02,1,349,0,1.0,1,1,0.8349171294902964
1,84.19999999999999,84.19999999999999,1,400,0,1.0,1,1,0.7225386233900518
1,249.76,249.76,2,93,0,1.0,1,1,0.846237799969499
1,165.48,165.48,1,4,0,1.0,1,1,0.5795578451881914
1,204.49,204.49,1,406,0,1.0,1,1,0.7812252018587997
1,147.15,147.15,1,76,0,1.0,1,1,0.6241797376308924
1,27.75,27.75,1,89,0,1.0,1,1,0.6327255369472997
1,99.13,99.13,1,51,0,1.0,1,1,0.5459590545189252
1,113.82,113.82,1,93,0,1.0,1,1,0.5938239280898464
1,33.62,33.62,1,129,0,1.0,1,1,0.6148971673372424
1,106.29,106.29,1,209,0,1.0,1,1,0.6171344460127163
1,90.23,90.23,1,392,0,1.0,1,1,0.7494899703635315
1,47.69,47.69,1,161,0,1.0,1,1,0.5040075537359303
1,187.53,187.53,1,101,0,1.0,1,1,0.7569183581887703
1,95.47999999999999,95.47999999999999,2,35,0,1.0,1,1,0.5240211299265076
1,29.799999999999997,29.799999999999997,1,9,0,1.0,1,0,0.34055747598591957
1,138.24,138.24,1,17,0,1.0,1,1,0.5072854698767734
1,216.15,216.15,1,8,0,1.0,1,0,0.33947006365092053
1,52.730000000000004,52.730000000000004,1,275,0,1.0,1,0,0.48929669088981104
1,213.5,213.5,2,107,0,1.0,1,1,0.6928152276949081
1,112.32000000000001,112.32000000000001,1,63,0,1.0,1,1,0.5856450572670415
1,77.57,77.57,1,120,0,1.0,1,1,0.6446562109970858
1,92.80000000000001,92.80000000000001,1,234,0,1.0,1,1,0.5511465392219572
1,42.11,42.11,1,260,0,1.0,1,1,0.6612668867498662
1,90.28,90.28,1,145,0,1.0,1,1,0.6613141527088146
1,126.22,126.22,1,257,0,1.0,1,1,0.6024636215422386
1,59.42,59.42,1,167,0,1.0,1,0,0.45680570460261566
1,162.25,162.25,1,27,0,1.0,0,0,0.4816646590864249
1,43.089999999999996,43.089999999999996,1,66,0,1.0,1,0,0.47310597831206697
1,127.38000000000001,127.38000000000001,1,64,0,1.0,1,1,0.5258747591787247
1,177.56,177.56,1,75,0,1.0,1,1,0.6893382731335408
1,421.36,421.36,2,105,0,1.0,1,1,0.8107551284676483
1,45.089999999999996,45.089999999999996,1,226,0,1.0,1,1,0.608233602231786
1,57.09,57.09,1,88,0,1.0,1,0,0.474168282155518
1,70.14,70.14,1,3,0,1.0,1,1,0.5616880728327901
2,344.09,172.045,2,169,0,2.0,1,1,0.9735816884753131
1,604.3,604.3,1,107,0,1.0,1,1,0.8681485476536335
1,107.78,107.78,1,120,0,1.0,1,1,0.5728242184259352
1,53.01,53.01,1,32,0,1.0,1,0,0.4866065259929413
1,57.35,57.35,1,284,0,1.0,1,1,0.504468579158919
1,157.22,157.22,1,51,0,1.0,1,1,0.5338774225901632
1,52.18,52.18,2,30,0,1.0,1,1,0.6264275759916766
1,191.26000000000002,191.26000000000002,1,326,0,1.0,1,1,0.8315178904905849
1,268.62,268.62,2,87,0,1.0,1,1,0.8679695696885248
1,167.20000000000002,167.20000000000002,1,125,0,1.0,1,1,0.5811979497143874
1,470.14,470.14,1,273,0,1.0,1,1,0.9615211483520312
1,53.01,53.01,1,259,0,1.0,1,0,0.47955614128459245
1,91.28,91.28,1,202,0,1.0,1,1,0.676627866062702
1,73.03,73.03,1,109,0,1.0,1,1,0.6473052212543627
1,34.089999999999996,34.089999999999996,1,98,0,1.0,1,1,0.6078320933841691
1,42.589999999999996,42.589999999999996,1,171,0,1.0,1,1,0.636192144864207
1,155.23,155.23,1,11,0,1.0,1,0,0.47627086591747136
1,200.52,200.52,1,127,0,1.0,1,1,0.7578321742418356
1,72.04,72.04,1,55,0,1.0,1,1,0.5617835927925557
1,61.01,61.01,1,46,0,1.0,1,1,0.5086659755803188
1,225.88,225.88,2,96,0,1.0,1,1,0.7791197528450379
1,49.0,49.0,1,116,0,1.0,1,0,0.49711844692743523
1,59.0,59.0,1,55,0,1.0,1,1,0.5151892597113478
1,195.91,195.91,1,181,0,1.0,1,1,0.7454062419582315
1,42.78,42.78,1,96,0,1.0,1,1,0.6184612455396693
1,94.63,94.63,1,166,0,1.0,1,1,0.6567925104965696
1,84.82000000000001,84.82000000000001,1,55,0,1.0,1,1,0.5813332234871402
1,292.46999999999997,292.46999999999997,1,306,0,1.0,1,1,0.8191171870817258
1,44.230000000000004,44.230000000000004,1,512,0,1.0,1,1,0.6372979100511152
1,476.99,476.99,2,167,0,1.0,1,1,0.8998245863620139
1,50.1,50.1,1,84,0,1.0,1,0,0.46828506698368916
1,286.88,286.88,1,26,0,1.0,1,1,0.5807787137650939
1,105.94,105.94,1,76,0,1.0,1,1,0.6044603763933744
1,63.519999999999996,63.519999999999996,1,352,0,1.0,1,1,0.6973653626163435
1,70.63,70.63,1,20,0,1.0,1,0,0.45633647392533333
1,42.4,42.4,1,114,0,1.0,1,1,0.6319024605051458
1,57.0,57.0,1,2,0,1.0,1,1,0.7912895351618267
1,53.6,53.6,1,250,0,1.0,1,0,0.4727132222664403
1,104.28,104.28,1,168,0,1.0,1,1,0.6010240963013687
1,223.73,223.73,1,44,0,1.0,1,1,0.5314667302837175
1,552.96,552.96,2,48,0,1.0,1,1,0.9481131306175822
1,102.06,102.06,1,164,0,1.0,1,1,0.6010240963013687
1,37.089999999999996,37.089999999999996,1,112,0,1.0,1,1,0.5681655813161156
1,36.82,36.82,1,404,0,1.0,1,1,0.7447315952928638
1,53.730000000000004,53.730000000000004,1,56,0,1.0,1,1,0.5205299910986807
1,137.6,137.6,1,90,0,1.0,1,1,0.6058429605878453
1,59.14,59.14,1,81,0,1.0,1,0,0.4679849184725411
1,96.8,96.8,1,96,0,1.0,1,1,0.5852730210359167
1,103.14,103.14,1,29,0,1.0,1,1,0.5198285211118088
1,91.07000000000001,91.07000000000001,1,312,0,1.0,1,1,0.8581166336851728
1,235.32000000000002,235.32000000000002,2,47,0,1.0,0,1,0.6608966817941023
1,106.78999999999999,106.78999999999999,2,147,0,1.0,1,1,0.5734823268363307
1,162.65,162.65,1,48,0,1.0,1,1,0.5223981510049087
1,45.17,45.17,1,343,0,1.0,1,1,0.6604178689665767
1,284.90999999999997,284.90999999999997,1,88,0,1.0,1,1,0.8207109041459855
1,154.72,154.72,2,314,0,1.0,1,1,0.8546124366671336
1,182.18,182.18,1,44,0,1.0,1,1,0.7174494430176012
1,37.769999999999996,37.769999999999996,1,215,0,1.0,1,1,0.6696365409570014
1,97.43,97.43,1,43,0,1.0,1,1,0.5465582002713696
1,35.68,35.68,1,122,0,1.0,1,1,0.5770796652956713
1,107.87,107.87,1,238,0,1.0,1,1,0.5462785014806406
1,364.75,364.75,1,362,0,1.0,1,1,0.853023432424307
2,322.49,161.245,2,160,49,0.04,1,1,0.7290171107813345
1,52.78,52.78,1,106,0,1.0,1,0,0.4760519005297501
1,244.15,244.15,1,37,0,1.0,1,1,0.523703572116928
1,111.07,111.07,1,333,0,1.0,1,1,0.6421544144224786
1,55.85,55.85,1,1,0,1.0,1,1,0.7912895351618267
1,150.14,150.14,2,5,0,1.0,1,1,0.575935480414949
1,286.59,286.59,1,20,0,1.0,1,1,0.5611776261867263
1,408.15,408.15,1,23,0,1.0,1,1,0.7832078403656622
1,36.75,36.75,1,295,0,1.0,1,1,0.6270677636840251
1,122.97,122.97,1,12,0,1.0,1,0,0.42209092402844156
1,59.74,59.74,1,302,0,1.0,1,1,0.5288751249283148
1,58.989999999999995,58.989999999999995,1,11,0,1.0,1,0,0.4878756874888247
1,144.65,144.65,1,212,0,1.0,1,1,0.5604430331096517
1,36.78,36.78,1,194,0,1.0,1,1,0.6466886245208093
1,240.4,240.4,1,395,0,1.0,1,1,0.8646250210512604
1,106.97,106.97,1,45,0,1.0,1,0,0.49954512172952337
1,41.78,41.78,1,61,0,1.0,1,1,0.6133225923304625
1,68.02,68.02,1,224,0,1.0,1,1,0.6378675711039563
1,60.85,60.85,1,113,0,1.0,1,1,0.5219491379692669
1,129.22,129.22,1,107,0,1.0,1,1,0.580983630064024
1,118.17,118.17,1,79,0,1.0,1,1,0.5811944103752285
1,36.69,36.69,1,140,0,1.0,1,1,0.5806162470924855
1,34.089999999999996,34.089999999999996,1,275,0,1.0,1,1,0.638106550777442
1,84.15,84.15,1,355,0,1.0,1,1,0.6889271420925487
1,30.439999999999998,30.439999999999998,1,76,0,1.0,1,1,0.5635114164821063
1,357.58,357.58,1,354,0,1.0,1,1,0.7057808429419441
1,34.86,34.86,1,397,0,1.0,1,1,0.7725842229768183
1,80.85,80.85,1,310,0,1.0,1,1,0.8452682665157631
1,192.0,192.0,3,78,0,1.0,1,1,0.8453309429984919
1,58.62,58.62,1,136,0,1.0,1,0,0.4898814549660759
1,209.3,209.3,1,373,0,1.0,1,1,0.7388374128128251
1,34.089999999999996,34.089999999999996,1,27,0,1.0,1,0,0.42793958414228994
1,127.14,127.14,1,261,0,1.0,1,1,0.6060858380479043
1,117.85000000000001,117.85000000000001,1,96,0,1.0,1,1,0.6042844203551119
1,190.53,190.53,1,21,0,1.0,1,0,0.3848708643392659
2,406.15,203.075,2,41,0,2.0,1,1,0.8544202712818749
1,165.71,165.71,1,39,0,1.0,1,0,0.4684264287618923
1,165.70000000000002,165.70000000000002,1,158,0,1.0,1,1,0.5773786718434877
1,59.239999999999995,59.239999999999995,1,91,0,1.0,1,0,0.44019651882199223
1,464.98,464.98,1,8,0,1.0,1,1,0.7762361011349994
1,119.30000000000001,119.30000000000001,1,332,0,1.0,1,1,0.6336775000732386
1,125.63000000000001,125.63000000000001,1,185,0,1.0,1,1,0.5738630993048915
1,266.06,266.06,2,288,0,1.0,1,1,0.8325217745597311
1,194.48,194.48,1,204,0,1.0,1,1,0.7554129239620611
1,95.67,95.67,1,87,0,1.0,1,1,0.5712663414145563
1,54.0,54.0,1,284,0,1.0,1,0,0.4941335772319967
1,163.24,163.24,1,31,0,1.0,1,0,0.4412736206594268
1,101.73,101.73,1,107,0,1.0,1,1,0.6088191896021452
1,134.76,134.76,1,359,0,1.0,1,1,0.6118849547120813
1,38.0,38.0,1,277,0,1.0,1,1,0.6364411564389245
1,178.27,178.27,1,188,0,1.0,1,1,0.5701908037227048
1,82.73,82.73,1,111,0,1.0,1,1,0.6488260977169239
1,41.7,41.7,1,399,0,1.0,1,1,0.670445012767786
1,40.01,40.01,1,181,0,1.0,1,1,0.6069165531354875
2,111.97,55.985,2,314,0,2.0,1,1,0.9467737626359423
1,44.08,44.08,1,13,0,1.0,1,1,0.5704549014854146
1,71.65,71.65,1,267,0,1.0,1,0,0.45765306100167746
1,60.059999999999995,60.059999999999995,1,158,0,1.0,1,0,0.4765223257962244
1,85.92,85.92,1,18,0,1.0,1,1,0.5734147090067526
2,586.37,293.185,2,240,60,0.03278688524590164,1,1,0.7805520465433174
3,195.45999999999998,65.15333333333332,3,96,0,3.0,1,1,0.8405748666974663
1,208.72,208.72,2,106,0,1.0,1,1,0.610983222913478
1,83.41000000000001,83.41000000000001,1,54,0,1.0,1,1,0.5027319464381409
1,1237.81,1237.81,1,182,0,1.0,1,1,0.9752570272511879
1,67.5,67.5,1,22,0,1.0,1,0,0.4474079267624373
1,77.57,77.57,1,121,0,1.0,1,1,0.6444839471572367
1,43.089999999999996,43.089999999999996,1,180,0,1.0,1,1,0.6189129317911771
1,102.84,102.84,1,134,0,1.0,0,1,0.6086469257622963
1,137.26,137.26,1,387,0,1.0,1,1,0.615832274118426
1,66.78999999999999,66.78999999999999,1,109,0,1.0,1,0,0.4720027915389657
1,96.8,96.8,1,34,0,1.0,1,1,0.5434751013318561
1,32.68,32.68,1,67,0,1.0,1,0,0.48543081839695246
1,124.44,124.44,1,365,0,1.0,1,1,0.6243964080659392
1,99.7,99.7,1,134,0,1.0,1,1,0.5416590873295793
1,29.0,29.0,1,134,0,1.0,1,1,0.6490080798410722
1,139.52,139.52,1,60,0,1.0,1,1,0.5731468830741232
1,597.79,597.79,3,35,0,1.0,1,1,0.9219187554278547
2,251.49,125.745,2,134,18,0.10526315789473684,1,1,0.6802203412567923
1,65.71000000000001,65.71000000000001,1,137,0,1.0,1,1,0.5449746232629986
1,187.55,187.55,1,268,0,1.0,1,1,0.8091227625025881
1,51.53,51.53,1,6,0,1.0,1,0,0.49021074929286923
1,101.28999999999999,101.28999999999999,1,312,0,1.0,1,1,0.7932573258100319
1,234.29,234.29,1,141,0,1.0,1,1,0.7409537266888562
1,219.42000000000002,219.42000000000002,3,241,0,1.0,1,1,0.7251038012687939
1,41.75,41.75,1,137,0,1.0,1,1,0.6364398367461073
1,149.04000000000002,149.04000000000002,1,226,0,1.0,1,1,0.5740230671046341
1,97.71000000000001,97.71000000000001,1,27,0,1.0,1,1,0.5536957315172457
1,77.57,77.57,1,153,0,1.0,1,1,0.643304574509153
1,302.62,302.62,2,266,0,1.0,1,1,0.8349275579115825
1,87.44,87.44,1,242,0,1.0,1,1,0.5244558019612459
1,32.0,32.0,1,97,0,1.0,1,1,0.605646930419646
2,75.09,37.545,2,119,8,0.2222222222222222,0,1,0.8636827802985069
1,63.37,63.37,1,169,0,1.0,1,1,0.5548763737251378
1,97.88,97.88,1,21,0,1.0,1,1,0.547961952404362
1,452.97999999999996,452.97999999999996,1,163,0,1.0,1,1,0.9312268158164491
1,105.38,105.38,1,84,0,1.0,1,1,0.5925524675127317
1,53.0,53.0,1,394,0,1.0,1,1,0.5744836933141548
1,195.8,195.8,4,196,0,1.0,1,1,0.7817196568163712
1,607.87,607.87,1,92,0,1.0,1,1,0.8974262724036375
1,293.35999999999996,293.35999999999996,1,71,0,1.0,1,1,0.7448993003479837
1,53.05,53.05,1,72,0,1.0,1,0,0.4828805715079657
1,266.86,266.86,1,197,0,1.0,1,1,0.8324799260994212
1,155.42000000000002,155.42000000000002,1,14,0,1.0,1,0,0.4992724355584452
1,103.64,103.64,1,49,0,1.0,1,1,0.5503725843189393
2,169.98000000000002,84.99000000000001,3,187,0,2.0,1,1,0.8072015688371762
1,82.14,82.14,1,345,0,1.0,1,1,0.7180247051920446
1,126.53999999999999,126.53999999999999,2,95,0,1.0,1,1,0.7304161994375218
1,185.84,185.84,1,100,0,1.0,1,1,0.7569183581887703
1,257.92,257.92,1,57,0,1.0,1,1,0.518156593061973
1,789.04,789.04,1,189,0,1.0,1,1,0.9714096064830494
1,114.44,114.44,1,21,0,1.0,1,1,0.5261648101235706
1,141.73000000000002,141.73000000000002,1,110,0,1.0,1,1,0.5758765561914595
1,321.82,321.82,1,33,0,1.0,1,1,0.58892542467654
1,418.04,418.04,1,96,0,1.0,1,1,0.7709048415158655
1,29.68,29.68,1,40,0,1.0,1,0,0.29939964231639693
1,288.19,288.19,1,201,0,1.0,1,1,0.8229482231081727
1,223.14,223.14,1,238,0,1.0,1,1,0.8062761090818147
1,43.089999999999996,43.089999999999996,1,33,0,1.0,1,0,0.4741674772455208
1,54.51,54.51,1,103,0,1.0,1,0,0.4713709282889906
1,96.8,96.8,1,64,0,1.0,1,1,0.5905380538321986
1,44.089999999999996,44.089999999999996,1,86,0,1.0,1,1,0.6142227486885199
1,31.75,31.75,1,206,0,1.0,1,1,0.6723121015510148
1,161.62,161.62,1,122,0,1.0,1,1,0.5848972625368584
1,53.269999999999996,53.269999999999996,1,17,0,1.0,1,0,0.48659937906278466
1,127.38000000000001,127.38000000000001,1,75,0,1.0,1,1,0.5316372401125623
1,72.14,72.14,1,43,0,1.0,1,1,0.5273933065435724
1,159.41,159.41,1,279,0,1.0,1,1,0.5752926976235002
1,65.0,65.0,1,158,0,1.0,1,1,0.5433760879498329
1,388.6,388.6,2,204,0,1.0,1,1,0.9003122283125816
1,278.07,278.07,1,393,0,1.0,1,1,0.8600840596176149
1,192.83,192.83,1,243,0,1.0,1,1,0.7911379424497187
2,659.2,329.6,3,217,0,2.0,1,1,0.9537236901515811
1,63.53,63.53,1,26,0,1.0,1,1,0.5222091405188879
1,162.39,162.39,1,3,0,1.0,1,1,0.5587655559668533
1,125.0,125.0,2,222,0,1.0,1,1,0.6659153002277849
1,236.84,236.84,2,23,0,1.0,1,1,0.646797532736988
1,31.839999999999996,31.839999999999996,1,1,0,1.0,1,1,0.8822355976934246
1,100.5,100.5,2,187,0,1.0,1,1,0.6151665218604253
1,61.75,61.75,1,20,0,1.0,1,1,0.5149724283513138
1,52.09,52.09,1,348,0,1.0,1,1,0.6547893320460461
1,124.52,124.52,1,37,0,1.0,1,0,0.44733138120455757
1,62.71,62.71,1,7,0,1.0,1,1,0.5141093323257603
1,51.01,51.01,1,211,0,1.0,1,1,0.5204902270586786
1,1425.56,1425.56,1,89,0,1.0,1,1,0.9680516685970391
1,37.86,37.86,1,349,0,1.0,1,1,0.7860150741299382
1,281.3,281.3,1,264,0,1.0,1,1,0.8902803042057671
1,57.68,57.68,1,122,0,1.0,1,0,0.4875549205101514
1,86.83000000000001,86.83000000000001,1,96,0,1.0,1,1,0.6538768306657455
1,63.37,63.37,1,153,0,1.0,1,1,0.5584630785912768
1,77.42,77.42,2,6,0,1.0,1,1,0.5413130759167134
1,207.25,207.25,3,64,0,1.0,1,1,0.7947642628736976
1,206.97,206.97,1,56,0,1.0,1,1,0.6653549772834189
1,119.38999999999999,119.38999999999999,1,399,0,1.0,1,1,0.6958439925696893
1,122.24999999999999,122.24999999999999,3,184,0,1.0,1,1,0.7999154688609807
1,87.75999999999999,87.75999999999999,1,101,0,1.0,1,1,0.6450811896727203
1,127.01,127.01,1,108,0,1.0,1,1,0.5749343550971721
1,83.31,83.31,1,318,0,1.0,1,1,0.8246828622799367
1,90.79,90.79,1,168,0,1.0,1,1,0.6609034496837584
1,70.63,70.63,1,68,0,1.0,1,1,0.5081669002018497
1,442.11,442.11,3,110,0,1.0,1,1,0.7264614522499994
1,40.739999999999995,40.739999999999995,1,231,0,1.0,1,1,0.7078738502894663
1,23.11,23.11,1,153,0,1.0,1,1,0.557016401274684
1,139.68,139.68,2,156,0,1.0,1,1,0.6901752595608589
1,79.24000000000001,79.24000000000001,1,192,0,1.0,1,1,0.648195290751814
1,72.15,72.15,1,8,0,1.0,1,0,0.4741864733719198
1,201.84,201.84,1,150,0,1.0,1,1,0.7354607843160921
1,141.13,141.13,1,22,0,1.0,1,0,0.49588284261973037
1,114.45,114.45,1,96,0,1.0,1,1,0.5953871411933631
1,385.29999999999995,385.29999999999995,2,349,0,1.0,1,1,0.9552857459004965
1,45.480000000000004,45.480000000000004,1,48,0,1.0,1,1,0.5601231345807771
1,163.79,163.79,1,30,0,1.0,1,0,0.4412736206594268
1,788.5999999999999,788.5999999999999,5,157,0,1.0,1,1,0.9498261622863811
1,143.06,143.06,1,94,0,1.0,1,1,0.6284114044226734
1,147.16,147.16,1,74,0,1.0,1,0,0.49761529422875733
1,87.72,87.72,1,94,0,1.0,1,1,0.6523136175622288
1,146.66,146.66,1,34,0,1.0,1,0,0.4649459379068059
1,185.34,185.34,2,181,0,1.0,1,1,0.7377582222780279
1,119.25,119.25,1,76,0,1.0,1,1,0.5909255587701973
1,232.70999999999998,232.70999999999998,3,167,0,1.0,1,1,0.7612055596344772
1,198.82000000000002,198.82000000000002,1,162,0,1.0,1,1,0.751215089777628
1,73.58,73.58,1,337,0,1.0,1,1,0.7280920625933534
1,76.08,76.08,1,189,0,1.0,1,1,0.6448323468115117
1,68.28999999999999,68.28999999999999,1,13,0,1.0,1,0,0.48291968243196864
1,99.15,99.15,1,98,0,1.0,1,1,0.568401531360974
1,131.57,131.57,1,268,0,1.0,1,1,0.6075296648707831
1,64.0,64.0,1,145,0,1.0,1,1,0.5576567893363658
1,100.18,100.18,2,60,0,1.0,1,1,0.5037227369432815
1,725.81,725.81,2,259,0,1.0,1,1,0.8511546161880024
1,163.25,163.25,1,51,0,1.0,1,1,0.5353137297580141
1,128.14000000000001,128.14000000000001,1,11,0,1.0,1,0,0.41145985737134644
1,130.5,130.5,1,322,0,1.0,1,1,0.7745537328882496
1,117.96,117.96,2,91,0,1.0,1,1,0.7321662176782234
1,119.29,119.29,1,61,0,1.0,1,1,0.5361892251913789
2,529.56,264.78,2,177,0,2.0,1,1,0.9564631459749555
1,61.989999999999995,61.989999999999995,1,93,0,1.0,1,1,0.5319772032186567
1,122.80000000000001,122.80000000000001,1,135,0,1.0,1,1,0.572201028359612
1,103.75,103.75,1,161,0,1.0,1,1,0.6010240963013687
2,266.88,133.44,2,101,0,2.0,1,1,0.9674492917419809
2,388.0,194.0,2,68,3,0.5,1,1,0.8016745775598301
1,193.45,193.45,1,307,0,1.0,1,1,0.8369501649814467
1,24.330000000000002,24.330000000000002,1,133,0,1.0,1,1,0.5553951637698432
1,41.93,41.93,1,399,0,1.0,1,1,0.670445012767786
1,187.91,187.91,1,301,0,1.0,1,1,0.7956796097212765
1,40.089999999999996,40.089999999999996,1,282,0,1.0,1,1,0.6488658754944423
1,141.13,141.13,1,85,0,1.0,1,1,0.5964719661919046
1,101.73,101.73,1,102,0,1.0,1,1,0.6088191896021452
1,45.489999999999995,45.489999999999995,1,398,0,1.0,1,1,0.5847635220366159
1,241.32,241.32,1,293,0,1.0,1,1,0.8614053127349118
1,29.34,29.34,1,138,0,1.0,1,1,0.6116409860372776
1,56.69,56.69,1,286,0,1.0,1,1,0.5089326095819506
1,281.3,281.3,1,102,0,1.0,0,1,0.6793108429870331
1,59.62,59.62,1,112,0,1.0,1,0,0.44910184384132135
1,242.14000000000001,242.14000000000001,2,94,0,1.0,1,1,0.846237799969499
1,174.72000000000003,174.72000000000003,3,170,0,1.0,1,1,0.7726862756504772
1,298.10999999999996,298.10999999999996,1,99,0,1.0,1,1,0.6615878036297377
1,61.72,61.72,1,74,0,1.0,1,0,0.4740612478412888
1,58.62,58.62,1,390,0,1.0,1,1,0.5243197888113114
1,30.95,30.95,1,364,0,1.0,1,1,0.7842352153910769
1,22.93,22.93,1,42,0,1.0,1,0,0.4406674110575368
1,157.21,157.21,1,84,0,1.0,1,1,0.6147194998261263
1,107.35,107.35,1,254,0,1.0,1,1,0.5825974736529992
1,149.69,149.69,1,125,0,1.0,1,1,0.5908746921548607
1,246.04,246.04,1,44,0,1.0,1,1,0.5639097419742479
1,156.33,156.33,1,255,0,1.0,1,1,0.571541935401976
1,220.68,220.68,1,26,0,1.0,1,0,0.41964420830484267
1,178.9,178.9,2,240,0,1.0,1,1,0.6954509126842829
1,269.25,269.25,1,117,0,1.0,1,1,0.7324846114267008
1,390.32,390.32,1,79,0,1.0,1,1,0.9153938894887494
1,102.03,102.03,1,242,0,1.0,1,1,0.5784986726783404
1,601.3,601.3,1,155,0,1.0,1,1,0.9633751141946074
1,115.44,115.44,1,78,0,1.0,1,1,0.6006443950859905
1,60.37,60.37,1,41,0,1.0,1,0,0.45665281329404156
1,71.14,71.14,1,168,0,1.0,1,1,0.671264321156103
1,126.43,126.43,2,290,0,1.0,1,1,0.692787711754205
1,25.0,25.0,1,95,0,1.0,1,0,0.4052093671673906
1,87.55000000000001,87.55000000000001,1,18,0,1.0,1,1,0.5777315417741015
1,36.0,36.0,1,50,0,1.0,1,0,0.44391319423304393
1,117.94,117.94,1,231,0,1.0,1,1,0.5551046016764981
1,48.72,48.72,1,50,0,1.0,1,1,0.5048330791095936
1,160.3,160.3,1,223,0,1.0,1,1,0.535753812431537
1,83.23,83.23,1,296,0,1.0,1,1,0.5239231361418577
1,110.39999999999999,110.39999999999999,1,107,0,1.0,1,1,0.5658305390103157
1,47.62,47.62,1,169,0,1.0,1,0,0.4870374889674961
1,321.75,321.75,1,243,0,1.0,1,1,0.9045504246407412
1,179.9,179.9,1,46,0,1.0,1,1,0.7258397871106503
1,36.65,36.65,1,127,0,1.0,1,1,0.5770796652956713
1,190.55,190.55,1,143,0,1.0,1,1,0.7200071646180055
1,104.02,104.02,1,384,0,1.0,1,1,0.6830686469349291
1,101.34,101.34,1,89,0,1.0,0,1,0.5792136806348932
1,29.18,29.18,1,259,0,1.0,1,1,0.6513207900329842
1,109.18,109.18,1,21,0,1.0,1,0,0.4865355154434104
1,145.59,145.59,1,275,0,1.0,1,1,0.5725518646450712
1,191.49,191.49,1,35,0,1.0,1,0,0.3602380202982191
1,116.36000000000001,116.36000000000001,1,140,0,1.0,1,1,0.5955424095735347
1,217.63,217.63,1,51,0,1.0,0,1,0.5814871918307255
1,90.88000000000001,90.88000000000001,1,49,0,1.0,1,1,0.5865443803672061
1,158.91000000000003,158.91000000000003,3,110,0,1.0,1,1,0.8000680815776936
1,97.44,97.44,2,190,0,1.0,1,1,0.6140503832546778
1,27.619999999999997,27.619999999999997,1,171,0,1.0,1,1,0.6232873647165247
1,20.75,20.75,1,249,0,1.0,1,1,0.7260366949359688
1,237.0,237.0,1,15,0,1.0,1,0,0.3514146408584772
1,135.41,135.41,1,342,0,1.0,1,1,0.6049058200997869
1,134.57999999999998,134.57999999999998,1,94,0,1.0,1,1,0.61111256019968
1,165.81,165.81,1,235,0,1.0,1,1,0.5035189246277502
1,76.78,76.78,1,225,0,1.0,1,1,0.6215622153599368
1,672.41,672.41,1,64,0,1.0,1,1,0.9634726396655192
1,1690.95,1690.95,1,167,0,1.0,1,1,0.9760262990452876
1,75.63,75.63,1,288,0,1.0,1,1,0.5042240191315315
1,72.14,72.14,1,96,0,1.0,1,1,0.6354902528337356
1,169.0,169.0,1,248,0,1.0,1,1,0.6079662301434329
1,118.93,118.93,1,7,0,1.0,1,0,0.489318428691097
1,42.09,42.09,1,299,0,1.0,1,1,0.6650379694215265
1,74.72,74.72,1,19,0,1.0,1,1,0.525462299295085
1,111.89,111.89,1,96,0,1.0,1,1,0.5675344701921001
1,107.78,107.78,1,101,0,1.0,1,1,0.5728242184259352
1,386.15,386.15,1,49,0,1.0,1,1,0.8754478159560847
1,79.92999999999999,79.92999999999999,1,289,0,1.0,1,1,0.5064244912950233
1,168.20000000000002,168.20000000000002,1,34,0,1.0,1,0,0.4436305981203039
1,147.28,147.28,1,197,0,1.0,1,1,0.5919805864448061
1,107.78,107.78,1,178,0,1.0,1,1,0.56435905614819
1,210.18,210.18,1,327,0,1.0,1,1,0.7576801753951257
2,195.74,97.87,2,86,145,0.0136986301369863,1,0,0.3115225585518439
1,195.0,195.0,1,102,0,1.0,1,1,0.7584545802093391
1,300.83,300.83,1,269,0,1.0,1,1,0.8862976416609702
1,162.05,162.05,1,129,0,1.0,1,1,0.5848972625368584
1,75.18,75.18,1,94,0,1.0,1,1,0.6467022550583884
1,352.1,352.1,1,4,0,1.0,1,1,0.5272628094028622
1,315.72999999999996,315.72999999999996,1,106,0,1.0,1,1,0.6687553878643311
1,399.25,399.25,2,122,0,1.0,1,1,0.7892827952304212
1,54.11,54.11,1,376,0,1.0,1,1,0.6193383216562859
1,364.04999999999995,364.04999999999995,1,54,0,1.0,1,1,0.7324812247300578
1,57.5,57.5,1,34,0,1.0,1,0,0.4756650381529731
1,291.49,291.49,2,104,0,1.0,1,1,0.8057231544984197
1,153.22,153.22,1,135,0,1.0,1,1,0.5908746921548607
1,59.31,59.31,3,159,0,1.0,1,1,0.6653624314797218
1,55.01,55.01,1,191,0,1.0,1,0,0.49327486122939734
1,37.839999999999996,37.839999999999996,1,236,0,1.0,1,1,0.6891335850453811
1,86.14,86.14,1,334,0,1.0,1,1,0.7040984559565437
1,208.0,208.0,1,44,0,1.0,1,1,0.5946112064259294
1,59.84,59.84,1,180,0,1.0,1,0,0.4522218492900537
1,64.11,64.11,1,69,0,1.0,1,1,0.5423133296693858
1,102.03,102.03,1,209,0,1.0,1,1,0.6265230999627184
1,58.09,58.09,1,90,0,1.0,1,0,0.48824139008843476
2,250.03,125.015,2,14,0,2.0,1,1,0.8663242976512796
1,190.48000000000002,190.48000000000002,1,59,0,1.0,1,0,0.4921134277881896
1,202.48,202.48,2,335,0,1.0,1,1,0.5264377644370934
1,64.7,64.7,1,253,0,1.0,1,1,0.512831790032534
1,180.77,180.77,1,282,0,1.0,1,1,0.7042257228152847
1,34.72,34.72,1,151,0,1.0,1,1,0.5959927503540303
1,118.01,118.01,1,147,0,1.0,1,1,0.5665353109387861
1,59.82,59.82,1,195,0,1.0,1,0,0.4639935340373946
1,100.86000000000001,100.86000000000001,1,54,0,1.0,1,0,0.4888967846885734
1,141.33,141.33,1,17,0,1.0,1,1,0.5072854698767734
1,130.03,130.03,1,58,0,1.0,1,1,0.5563164152903277
1,65.95,65.95,1,361,0,1.0,1,1,0.6911488502449108
1,59.67999999999999,59.67999999999999,2,123,0,1.0,1,1,0.6920656441622152
1,112.71000000000001,112.71000000000001,1,150,0,1.0,1,1,0.5502936468321518
1,49.49,49.49,1,168,0,1.0,1,1,0.5058420049810344
1,198.5,198.5,1,61,0,1.0,1,0,0.45713127108636353
1,1232.85,1232.85,1,184,0,1.0,1,1,0.9752570272511879
1,182.18,182.18,1,133,0,1.0,1,1,0.6143323317956637
1,157.68,157.68,1,324,0,1.0,1,1,0.7652351103586575
1,66.89,66.89,1,176,0,1.0,1,0,0.4939804214990496
1,43.0,43.0,1,216,0,1.0,1,1,0.7032175533777186
1,689.93,689.93,1,46,0,1.0,1,1,0.9947007818646573
1,53.620000000000005,53.620000000000005,1,211,0,1.0,1,1,0.5221659027343543
1,116.94,116.94,1,127,0,1.0,1,1,0.6068609988240815
1,98.56,98.56,1,92,0,1.0,1,1,0.5713731429797884
1,69.03999999999999,69.03999999999999,1,391,0,1.0,1,1,0.5904670164740718
1,145.57,145.57,1,389,0,1.0,1,1,0.668575356750214
2,782.43,391.215,2,296,5,0.3333333333333333,1,1,0.7481172860453652
1,46.84,46.84,1,134,0,1.0,1,1,0.5499798109797116
1,67.1,67.1,1,186,0,1.0,1,1,0.5772415455232469
1,138.15,138.15,1,279,0,1.0,1,1,0.6018964421144414
1,367.2,367.2,1,10,0,1.0,1,0,0.444536339389416
1,154.44,154.44,2,129,0,1.0,1,1,0.733600934881662
1,102.74000000000001,102.74000000000001,1,275,0,1.0,1,1,0.6273261965562137
1,72.78,72.78,1,8,0,1.0,1,0,0.4712007883003452
1,213.76000000000002,213.76000000000002,1,31,0,1.0,1,1,0.5267849226811709
1,98.19,98.19,2,229,0,1.0,1,1,0.5932907946589326
1,119.48,119.48,1,96,0,1.0,1,1,0.5940797209811225
1,174.13,174.13,1,82,0,1.0,1,1,0.6120996535627319
1,144.78,144.78,1,228,0,1.0,1,1,0.5767993638689913
1,121.88000000000001,121.88000000000001,1,2,0,1.0,1,1,0.7105399467223599
1,71.53999999999999,71.53999999999999,1,212,0,1.0,1,1,0.5732413209484981
1,65.71000000000001,65.71000000000001,1,107,0,1.0,0,1,0.5217744793043244
1,95.77000000000001,95.77000000000001,1,293,0,1.0,1,0,0.49131625224887443
1,23.78,23.78,1,64,0,1.0,1,0,0.4518108838242323
1,172.97,172.97,1,76,0,1.0,1,1,0.619005890096757
1,111.32000000000001,111.32000000000001,1,68,0,1.0,1,1,0.570405205828025
1,769.59,769.59,1,147,0,1.0,1,1,0.9679288540636871
1,74.5,74.5,1,77,0,1.0,1,1,0.6329024109387305
2,290.43,145.215,3,46,0,2.0,1,1,0.8553692223798994
1,120.18,120.18,1,86,0,1.0,1,1,0.576231207942315
1,83.23,83.23,1,198,0,1.0,1,1,0.6312835160332839
1,92.19,92.19,1,2,0,1.0,1,1,0.8237815514016217
1,442.87,442.87,3,23,0,1.0,1,1,0.8965162614680189
1,92.80000000000001,92.80000000000001,1,226,0,1.0,1,1,0.658013745061986
1,214.05,214.05,1,35,0,1.0,1,1,0.5358036528906124
1,65.00999999999999,65.00999999999999,1,169,0,1.0,1,1,0.5397893830836938
1,117.94,117.94,1,72,0,1.0,1,1,0.5783515857795362
1,262.07,262.07,1,56,0,1.0,1,1,0.5684166554993155
1,149.14000000000001,149.14000000000001,1,224,0,1.0,1,1,0.5383204209179381
2,170.69,85.345,2,143,0,2.0,1,1,0.8363160963493708
1,82.98,82.98,1,18,0,1.0,1,1,0.5175925635214126
1,113.91,113.91,1,174,0,1.0,1,1,0.567047577067374
1,59.68,59.68,1,198,0,1.0,1,0,0.48175791889867287
1,44.69,44.69,1,120,0,1.0,1,1,0.6546829880690995
1,72.14,72.14,1,245,0,1.0,1,1,0.5039831674014423
1,44.0,44.0,1,193,0,1.0,1,1,0.7102230989894831
1,106.87,106.87,1,41,0,1.0,1,0,0.4875420764846153
1,52.17,52.17,1,168,0,1.0,1,0,0.4873636961667996
1,115.94,115.94,1,140,0,1.0,1,1,0.5955424095735347
1,155.88,155.88,1,129,0,1.0,1,1,0.5908746921548607
1,266.5,266.5,1,83,0,1.0,1,1,0.8169463292138571
1,35.4,35.4,1,74,0,1.0,1,0,0.4507347766299581
2,158.95,79.475,2,42,14,0.13333333333333333,1,1,0.5894020862325806
1,106.97,106.97,1,229,0,1.0,1,1,0.6050273326743423
1,167.13,167.13,1,206,0,1.0,1,1,0.5868320726630325
1,386.92999999999995,386.92999999999995,2,205,0,1.0,1,1,0.9003122283125816
1,184.75,184.75,1,248,0,1.0,1,1,0.789802815310158
1,47.62,47.62,1,30,0,1.0,1,0,0.49030229200537756
1,181.51,181.51,1,260,0,1.0,1,1,0.7026275661744651
1,43.98,43.98,1,27,0,1.0,1,0,0.47265059176286667
1,164.9,164.9,1,187,0,1.0,1,1,0.5825320314197973
1,75.65,75.65,1,199,0,1.0,1,1,0.6481920340986413
1,266.96000000000004,266.96000000000004,2,96,0,1.0,1,1,0.7930310277406336
1,62.14,62.14,1,108,0,1.0,1,1,0.5152515630129247
1,42.0,42.0,1,18,0,1.0,1,1,0.61376465654834
1,92.9,92.9,1,50,0,1.0,1,1,0.5858080051204859
1,414.18,414.18,2,264,0,1.0,1,1,0.9051304062703293
1,118.89,118.89,1,28,0,1.0,1,1,0.5238175746102383
1,107.78,107.78,1,187,0,1.0,1,1,0.581101805490265
1,144.58,144.58,1,306,0,1.0,1,1,0.7654747112510204
1,313.2,313.2,1,45,0,1.0,1,1,0.6930646084051534
1,47.59,47.59,1,287,0,1.0,1,0,0.4997105056658747
1,81.78,81.78,1,329,0,1.0,1,1,0.8457418797824964
1,354.34999999999997,354.34999999999997,1,509,0,1.0,1,1,0.8768689288774403
1,59.900000000000006,59.900000000000006,2,308,0,1.0,1,1,0.9047701396736647
1,82.98,82.98,1,55,0,1.0,0,1,0.5734934194338998
1,23.86,23.86,1,398,0,1.0,1,1,0.7147550756897202
1,347.0,347.0,1,312,0,1.0,1,1,0.8274176846935136
1,32.62,32.62,1,399,0,1.0,1,1,0.7798808318386602
1,68.46,68.46,2,94,0,1.0,1,1,0.7622175487338537
1,120.87,120.87,1,241,0,1.0,1,1,0.5539273500822962
1,97.71000000000001,97.71000000000001,1,193,0,1.0,1,1,0.5694120815389038
1,61.84,61.84,1,215,0,1.0,1,0,0.4982963467013238
1,93.3,93.3,1,50,0,1.0,1,1,0.5748158938464178
1,207.10000000000002,207.10000000000002,2,117,0,1.0,1,1,0.6290431018879179
1,31.77,31.77,1,201,0,1.0,1,1,0.6819837824966432
1,84.57,84.57,1,212,0,1.0,1,1,0.5843335940944521
1,49.42,49.42,1,348,0,1.0,1,1,0.6643169768934426
1,143.89000000000001,143.89000000000001,1,159,0,1.0,1,1,0.5895212056525144
1,33.85,33.85,1,35,0,1.0,1,0,0.3055034476434255
1,77.98,77.98,1,410,0,1.0,1,1,0.7387684120242705
1,127.16,127.16,2,149,0,1.0,1,1,0.6888938478538891
1,148.15,148.15,1,170,0,1.0,1,1,0.5826721673161301
1,58.64,58.64,1,32,0,1.0,1,0,0.479607148904694
1,53.800000000000004,53.800000000000004,1,40,0,1.0,1,0,0.48948694908125245
1,41.71,41.71,1,218,0,1.0,1,1,0.7231593873672987
1,119.25,119.25,1,8,0,1.0,1,0,0.4276741733411134
1,135.49,135.49,1,22,0,1.0,1,0,0.49588284261973037
1,220.04,220.04,1,221,0,1.0,1,1,0.7966090798787682
1,73.17,73.17,1,311,0,1.0,1,1,0.8552100725999975
1,59.69,59.69,1,160,0,1.0,1,0,0.4584462135881326
1,31.77,31.77,1,104,0,1.0,1,1,0.5852510247762712
1,115.07000000000001,115.07000000000001,1,176,0,1.0,1,1,0.5981221880863805
1,106.87,106.87,1,48,0,1.0,1,1,0.535124335326897
1,155.63,155.63,1,76,0,1.0,1,1,0.6241797376308924
1,38.3,38.3,1,128,0,1.0,1,1,0.588035916875522
1,95.67,95.67,1,355,0,1.0,1,1,0.6578976347981406
1,163.25,163.25,1,86,0,1.0,1,1,0.6092129111349028
1,273.98,273.98,2,198,0,1.0,1,1,0.8420754266938207
1,361.07,361.07,1,188,0,1.0,1,1,0.744063515181903
1,80.10000000000001,80.10000000000001,1,36,0,1.0,1,1,0.5027429542731494
1,60.0,60.0,1,5,0,1.0,1,1,0.5737059748756197
1,287.62,287.62,1,316,0,1.0,1,1,0.8213026765660276
1,101.74000000000001,101.74000000000001,1,30,0,1.0,1,0,0.49375520079847784
1,84.61,84.61,1,222,0,1.0,1,1,0.5750381675804886
2,132.07,66.035,3,283,0,2.0,1,1,0.9273141854904334
1,139.52,139.52,1,58,0,1.0,1,1,0.5671916097876931
1,126.92,126.92,1,15,0,1.0,1,0,0.45727321458890374
1,77.85,77.85,1,304,0,1.0,1,1,0.8435389735327471
1,40.78,40.78,1,111,0,1.0,1,1,0.6205045750497128
1,109.0,109.0,1,16,0,1.0,1,0,0.49774837498642643
1,119.92999999999999,119.92999999999999,1,141,0,1.0,1,1,0.5592948372426351
1,185.55,185.55,1,12,0,1.0,1,1,0.6386709411530137
1,60.79,60.79,1,125,0,1.0,1,1,0.5227869824096695
1,76.75999999999999,76.75999999999999,1,21,0,1.0,1,0,0.4825135621443163
1,42.269999999999996,42.269999999999996,1,42,0,1.0,1,1,0.6138944650871019
1,76.02,76.02,1,390,0,1.0,1,1,0.7338758919988263
1,40.1,40.1,1,133,0,1.0,1,1,0.6244434580904178
1,439.72,439.72,1,28,0,1.0,1,1,0.7765369504458712
1,56.879999999999995,56.879999999999995,1,171,0,1.0,1,0,0.491340646428083
1,61.75,61.75,1,31,0,1.0,1,1,0.5100852469984157
1,96.71000000000001,96.71000000000001,1,37,0,1.0,1,1,0.5624506414393425
1,75.08,75.08,1,0,0,1.0,1,1,0.7814319969482981
1,175.8,175.8,2,12,0,1.0,1,1,0.5795223987862909
2,121.06,60.53,2,226,0,2.0,1,1,0.8090540568621573
1,549.03,549.03,1,28,0,1.0,1,1,0.9742147283572276
1,92.9,92.9,1,132,0,1.0,1,1,0.66834513478495
1,69.73,69.73,1,102,0,1.0,1,1,0.6392768068291588
1,135.92000000000002,135.92000000000002,1,195,0,1.0,1,1,0.5769525589184509
1,328.41999999999996,328.41999999999996,1,323,0,1.0,1,1,0.8299114754629124
1,45.76,45.76,1,175,0,1.0,1,1,0.5467501988434997
1,116.94,116.94,1,25,0,1.0,1,1,0.5379826399950683
1,73.15,73.15,1,90,0,1.0,1,1,0.648759098786818
1,66.5,66.5,1,91,0,1.0,1,1,0.5266837229496013
1,131.84,131.84,4,301,0,1.0,1,1,0.8368232226591932
1,83.54,83.54,1,134,0,1.0,1,1,0.623292807337475
1,88.2,88.2,1,112,0,1.0,1,1,0.6450811896727203
1,117.44,117.44,1,148,0,1.0,1,1,0.5665353109387861
1,89.88000000000001,89.88000000000001,1,9,0,1.0,1,1,0.5386094795230081
1,228.88,228.88,2,96,0,1.0,1,1,0.7791197528450379
1,468.8,468.8,1,316,0,1.0,1,1,0.9537221559955458
1,73.34,73.34,1,225,0,1.0,1,1,0.6352134198757221
1,289.03999999999996,289.03999999999996,1,21,0,1.0,1,1,0.5739655705981512
1,125.00999999999999,125.00999999999999,1,96,0,1.0,1,1,0.5945926895250665
1,37.0,37.0,1,112,0,1.0,1,1,0.5681655813161156
1,46.69,46.69,1,36,0,1.0,1,0,0.4903012324351209
1,130.56,130.56,1,204,0,1.0,1,1,0.5811979531032434
1,251.07,251.07,1,46,0,1.0,1,1,0.558953921077185
1,196.99,196.99,1,148,0,1.0,1,1,0.7069332241479583
1,25.5,25.5,1,47,0,1.0,1,0,0.4513577299584616
1,755.9,755.9,3,193,0,1.0,1,1,0.8831231198397226
1,71.71,71.71,1,326,0,1.0,1,1,0.8150623871659315
1,56.6,56.6,1,111,0,1.0,1,0,0.48490728721020426
1,71.72,71.72,1,147,0,1.0,1,1,0.612692077402682
2,220.07999999999998,110.03999999999999,2,30,0,2.0,1,1,0.8652055731611635
1,721.14,721.14,1,178,0,1.0,1,1,0.9714096064830494
1,118.98,118.98,1,16,0,1.0,1,1,0.5351110029999198
1,42.5,42.5,1,272,0,1.0,1,1,0.6432304877912319
1,328.41999999999996,328.41999999999996,1,314,0,1.0,1,1,0.8299114754629124
1,230.96,230.96,1,78,0,1.0,1,1,0.8243098852785954
1,61.800000000000004,61.800000000000004,1,54,0,1.0,0,1,0.5250180696303327
1,40.089999999999996,40.089999999999996,1,152,0,1.0,1,1,0.6277824710746565
1,91.96000000000001,91.96000000000001,1,272,0,1.0,1,1,0.5706169124304029
1,44.01,44.01,1,25,0,1.0,1,1,0.5179683180824605
1,319.25,319.25,1,86,0,1.0,1,1,0.832409908774325
1,133.58,133.58,1,154,0,1.0,1,1,0.57181177027384
1,65.0,65.0,1,0,0,1.0,1,1,0.7767546464531088
1,27.33,27.33,1,142,0,1.0,1,1,0.645132853233988
1,82.78,82.78,1,166,0,1.0,1,1,0.6452376319682329
1,121.7,121.7,2,96,0,1.0,1,1,0.7327108150101799
1,141.14,141.14,1,136,0,1.0,1,1,0.5624064630545585
1,65.62,65.62,1,30,0,1.0,1,1,0.5142263173385965
1,133.35,133.35,1,134,0,1.0,1,1,0.5784471219846739
1,398.85,398.85,1,314,0,1.0,1,1,0.9537221559955458
1,57.0,57.0,1,20,0,1.0,1,0,0.48842172505503667
1,65.09,65.09,1,132,0,1.0,1,1,0.5449746232629986
1,83.55000000000001,83.55000000000001,1,309,0,1.0,1,1,0.8216131343887803
1,47.379999999999995,47.379999999999995,1,116,0,1.0,1,1,0.5404445171666741
1,97.0,97.0,1,22,0,1.0,1,1,0.552027459603985
1,37.72,37.72,1,237,0,1.0,1,1,0.6835383915765028
1,102.66000000000001,102.66000000000001,1,99,0,1.0,1,1,0.6155216014330401
1,297.21,297.21,1,316,0,1.0,1,1,0.804468370497792
1,124.80000000000001,124.80000000000001,1,342,0,1.0,1,1,0.6174172734536449
1,256.35,256.35,1,48,0,1.0,1,1,0.5879643737894529
1,54.519999999999996,54.519999999999996,1,361,0,1.0,1,1,0.6468206526394594
1,142.48000000000002,142.48000000000002,2,15,0,1.0,1,1,0.588197474614365
1,230.15,230.15,1,43,0,1.0,1,1,0.5268951185725751
1,161.56,161.56,1,253,0,1.0,1,1,0.52506948226054
1,168.33,168.33,1,22,0,1.0,1,0,0.4676972605771339
1,116.94,116.94,1,39,0,1.0,1,1,0.5193482227233579
1,205.98000000000002,205.98000000000002,1,41,0,1.0,1,1,0.5916458787801925
1,85.24,85.24,1,45,0,1.0,1,1,0.5593070057108307
1,138.6,138.6,1,53,0,1.0,1,1,0.5469214928168754
1,261.18,261.18,3,62,0,1.0,1,1,0.7419748851736023
1,209.29999999999998,209.29999999999998,1,200,0,1.0,1,1,0.6989420213170368
1,124.22,124.22,1,363,0,1.0,1,1,0.6243964080659392
2,374.15,187.075,2,284,16,0.11764705882352941,1,1,0.8112959220485924
1,69.82000000000001,69.82000000000001,1,17,0,1.0,1,0,0.4619804371020291
2,107.74000000000001,53.870000000000005,2,89,14,0.13333333333333333,1,1,0.6499641815754416
1,157.07,157.07,1,42,0,1.0,1,0,0.46389682635298213
1,86.02000000000001,86.02000000000001,1,111,0,1.0,1,1,0.6270736595125229
1,99.42999999999999,99.42999999999999,1,19,0,1.0,1,1,0.5220304465478607
1,194.5,194.5,1,257,0,1.0,1,1,0.8092848644817349
1,579.35,579.35,1,5,0,1.0,1,1,0.9858119568304382
1,517.15,517.15,1,167,0,1.0,1,1,0.9151580279218979
1,154.32,154.32,1,158,0,1.0,1,1,0.587055414283961
1,212.12,212.12,1,281,0,1.0,1,1,0.7142683074319095
1,147.15,147.15,1,41,0,1.0,1,0,0.49459175969823926
1,35.0,35.0,1,192,0,1.0,1,1,0.6408831582901032
1,53.09,53.09,1,72,0,1.0,1,0,0.4810838812006371
1,185.06,185.06,1,279,0,1.0,1,1,0.8091671099314452
1,55.0,55.0,1,258,0,1.0,1,0,0.47865702109263436
1,237.98,237.98,2,215,0,1.0,1,1,0.7242079343126495
1,80.2,80.2,1,285,0,1.0,1,1,0.5258323086490401
1,52.1,52.1,1,211,0,1.0,1,1,0.5221659027343543
1,22.46,22.46,1,403,0,1.0,1,1,0.5192657308851762
1,319.11,319.11,1,130,0,1.0,1,1,0.8133656333301446
1,185.54000000000002,185.54000000000002,1,110,0,1.0,1,1,0.7559744203299388
1,218.8,218.8,2,96,0,1.0,1,1,0.7791197528450379
1,236.55,236.55,1,24,0,1.0,1,1,0.5039480304273446
1,190.04,190.04,2,84,0,1.0,1,1,0.7433317824744533
1,34.089999999999996,34.089999999999996,1,259,0,1.0,1,1,0.6413244532791692
1,58.379999999999995,58.379999999999995,1,39,0,1.0,1,0,0.48742628071863436
1,178.89,178.89,1,251,0,1.0,1,1,0.653981690082261
1,72.15,72.15,1,30,0,1.0,1,1,0.5216304222542545
1,199.52,199.52,1,256,0,1.0,1,1,0.8092848644817349
1,307.14,307.14,1,385,0,1.0,1,1,0.8446004755422472
1,290.67,290.67,1,197,0,1.0,1,1,0.8229482231081727
1,168.29000000000002,168.29000000000002,1,195,0,1.0,1,1,0.5886437412280209
1,112.7,112.7,1,32,0,1.0,1,0,0.4895637911811395
1,38.379999999999995,38.379999999999995,1,84,0,1.0,1,1,0.5608697510095955
1,65.53,65.53,1,42,0,1.0,1,1,0.5153957784341787
1,36.769999999999996,36.769999999999996,1,48,0,1.0,1,0,0.3660631081421532
1,34.68,34.68,1,292,0,1.0,1,1,0.6494074790841657
1,139.52,139.52,1,133,0,1.0,1,1,0.5727368357704169
1,45.78,45.78,1,89,0,1.0,1,1,0.531300312684055
1,329.58000000000004,329.58000000000004,2,3,0,1.0,0,1,0.5919357198882619
1,145.66,145.66,1,146,0,1.0,1,1,0.5798413634846026
1,66.99,66.99,1,95,0,1.0,1,1,0.5568346682210926
1,160.5,160.5,3,180,0,1.0,1,1,0.7867170030424576
1,89.27000000000001,89.27000000000001,1,79,0,1.0,1,1,0.6498502701844172
1,17.77,17.77,1,37,0,1.0,1,0,0.4619046779327293
2,99.03999999999999,49.519999999999996,2,364,15,0.125,1,1,0.9074945669720593
1,218.13,218.13,1,305,0,1.0,1,1,0.8493048733244871
1,140.0,140.0,4,51,0,1.0,1,1,0.7171746310053927
1,47.17,47.17,1,10,0,1.0,1,0,0.4991262984013225
1,39.42,39.42,1,358,0,1.0,1,1,0.7703698715949541
1,208.51,208.51,1,81,0,1.0,1,1,0.7955126426833156
1,32.379999999999995,32.379999999999995,1,159,0,1.0,1,1,0.601726761953706
1,188.73000000000002,188.73000000000002,1,92,0,1.0,1,1,0.7817520984094439
1,92.19,92.19,1,114,0,1.0,1,1,0.6672298583395782
1,88.72,88.72,1,95,0,1.0,1,1,0.6693383981178612
1,41.0,41.0,1,38,0,1.0,1,1,0.6177734980853634
1,92.57,92.57,1,161,0,1.0,1,1,0.6609034496837584
1,189.42000000000002,189.42000000000002,1,153,0,1.0,1,1,0.7531910344314318
1,91.16,91.16,1,110,0,1.0,1,1,0.6666939581897783
1,45.01,45.01,1,121,0,1.0,1,1,0.6535097386225192
1,43.95,43.95,1,299,0,1.0,1,1,0.6895303968830019
1,990.54,990.54,1,316,0,1.0,1,1,0.9896979317495944
1,63.0,63.0,1,27,0,1.0,1,1,0.5207698881824393
2,84.42,42.21,2,337,0,2.0,1,1,0.96332598225411
1,76.65,76.65,1,91,0,1.0,1,1,0.6398009707985992
1,203.83,203.83,1,79,0,1.0,1,1,0.7950084749243763
1,136.3,136.3,1,93,0,1.0,1,1,0.61111256019968
1,63.11,63.11,1,134,0,1.0,1,1,0.5576567893363658
1,38.01,38.01,1,34,0,1.0,1,0,0.490712149128476
1,128.22,128.22,1,275,0,1.0,1,1,0.6058803292266468
1,96.88,96.88,1,185,0,1.0,1,1,0.5838863348661447
1,113.62,113.62,1,22,0,1.0,1,1,0.5142378734558559
1,201.93,201.93,1,310,0,1.0,1,1,0.8258492045139523
1,215.01,215.01,1,197,0,1.0,1,1,0.5970153101040144
1,114.84,114.84,1,53,0,1.0,1,1,0.5622609040963608
1,31.509999999999998,31.509999999999998,1,310,0,1.0,1,1,0.8726719536765347
1,187.39000000000001,187.39000000000001,2,94,0,1.0,1,1,0.8301946220708812
1,597.35,597.35,1,132,0,1.0,1,1,0.8992659554848187
1,84.27,84.27,3,28,0,1.0,1,1,0.5989831139691838
1,75.4,75.4,1,209,0,1.0,1,1,0.6521150016150536
1,347.74,347.74,1,223,0,1.0,1,1,0.8941246983659319
1,87.64,87.64,1,1,0,1.0,1,1,0.8214570569071273
1,119.25,119.25,1,20,0,1.0,1,0,0.4793660926337174
1,76.17,76.17,1,283,0,1.0,1,1,0.5217968986818853
1,57.8,57.8,1,343,0,1.0,1,1,0.6466006827331147
2,91.25,45.625,3,95,0,2.0,1,1,0.8681470546266296
1,67.92,67.92,1,206,0,1.0,1,1,0.6532357179332139
1,37.769999999999996,37.769999999999996,1,63,0,1.0,1,0,0.37361210000277933
1,45.480000000000004,45.480000000000004,1,42,0,1.0,1,1,0.5574715869436038
1,170.52,170.52,1,56,0,1.0,1,1,0.5470487696286137
1,255.69,255.69,1,213,0,1.0,1,1,0.8452829360385712
1,80.10000000000001,80.10000000000001,1,282,0,1.0,1,1,0.5288046897165892
1,91.18,91.18,1,49,0,1.0,1,1,0.5865443803672061
1,76.66,76.66,1,73,0,1.0,1,1,0.5596666697049679
1,139.98000000000002,139.98000000000002,1,189,0,1.0,1,1,0.5758800568408122
1,142.92,142.92,1,40,0,1.0,1,0,0.4797927298057159
1,49.0,49.0,1,263,0,1.0,1,0,0.49678286818831263
1,319.44,319.44,1,331,0,1.0,1,1,0.8060043130973881
1,262.6,262.6,1,98,0,1.0,1,1,0.6306427012079189
1,57.28,57.28,1,111,0,1.0,1,0,0.4839497012568464
1,61.629999999999995,61.629999999999995,1,160,0,1.0,1,1,0.5350354535211618
1,83.41000000000001,83.41000000000001,1,195,0,1.0,1,1,0.626675394174227
1,88.94,88.94,1,182,0,1.0,1,1,0.6599125137554991
1,43.0,43.0,1,169,0,1.0,1,1,0.636192144864207
1,73.5,73.5,2,292,0,1.0,1,1,0.7034921635348265
1,173.85000000000002,173.85000000000002,1,218,0,1.0,1,1,0.5742272494479692
1,39.62,39.62,1,79,0,1.0,1,1,0.5833792099671278
1,46.53,46.53,1,163,0,1.0,1,1,0.5505164117857656
1,51.05,51.05,1,71,0,1.0,1,0,0.4642388571391534
1,189.16,189.16,1,227,0,1.0,1,1,0.7922774246049918
1,77.01,77.01,1,43,0,1.0,1,1,0.5054159419219896
1,305.67999999999995,305.67999999999995,1,88,0,1.0,1,1,0.8085142353430725
1,193.59,193.59,1,63,0,1.0,1,1,0.5423305310463613
1,124.52,124.52,1,52,0,1.0,1,0,0.49854634105223417
1,191.64000000000001,191.64000000000001,1,120,0,1.0,1,1,0.7570652603910215
1,131.46,131.46,1,132,0,1.0,1,1,0.5823930832858776
1,93.28,93.28,1,44,0,1.0,1,1,0.5598911223883747
1,149.64,149.64,2,356,0,1.0,1,1,0.7642633121122657
1,167.81,167.81,1,60,0,1.0,1,1,0.5615411229889978
1,74.59,74.59,1,406,0,1.0,1,1,0.7451631274506222
1,263.87,263.87,1,168,0,1.0,1,1,0.80417911666294
1,1629.33,1629.33,1,225,0,1.0,1,1,0.9833103217081155
1,150.6,150.6,6,39,0,1.0,1,1,0.7424998038175379
1,43.1,43.1,1,96,0,1.0,1,1,0.5544185718052144
1,45.0,45.0,1,106,0,1.0,1,1,0.6533375870022693
1,217.01000000000002,217.01000000000002,1,267,0,1.0,1,1,0.820540971475246
1,278.06,278.06,1,89,0,1.0,1,1,0.8094046570134946
1,134.59,134.59,1,46,0,1.0,1,0,0.4991985079695622
1,91.85000000000001,91.85000000000001,1,391,0,1.0,1,1,0.7494899703635315
1,57.82,57.82,1,97,0,1.0,1,0,0.48953274724570645
1,91.35,91.35,1,127,0,1.0,1,1,0.6670575944997291
1,225.21,225.21,1,201,0,1.0,1,1,0.741022309933407
1,21.43,21.43,1,26,0,1.0,1,0,0.3490917779586141
1,73.38,73.38,2,70,0,1.0,1,1,0.7161078555001588
1,36.78,36.78,1,3,0,1.0,1,0,0.43410866366376305
1,133.7,133.7,1,96,0,1.0,1,1,0.6126757733031966
1,113.4,113.4,1,106,0,1.0,1,1,0.5772128918063982
1,197.11,197.11,1,203,0,1.0,1,1,0.7554129239620611
1,145.56,145.56,1,36,0,1.0,1,0,0.4641485006520544
1,197.35,197.35,1,303,0,1.0,1,1,0.7966607581181471
1,46.0,46.0,1,181,0,1.0,1,1,0.5412069664256145
1,236.20999999999998,236.20999999999998,1,28,0,1.0,1,0,0.46582911703269086
1,107.78,107.78,1,168,0,1.0,1,1,0.563586339055507
1,48.69,48.69,1,238,0,1.0,1,1,0.5276653694510826
1,40.68,40.68,1,13,0,1.0,1,1,0.6159426158514577
1,146.87,146.87,1,288,0,1.0,1,1,0.5257041862674722
1,65.0,65.0,1,48,0,1.0,1,1,0.5286843194525337
1,115.5,115.5,1,47,0,1.0,1,1,0.5211236982507104
1,41.05,41.05,1,335,0,1.0,1,1,0.6514564016623148
1,563.0699999999999,563.0699999999999,1,2,0,1.0,1,1,0.9826029136856402
1,63.870000000000005,63.870000000000005,1,79,0,1.0,1,1,0.5460618366649752
1,87.64,87.64,1,55,0,1.0,1,1,0.5941637877113597
2,199.11,99.555,3,92,0,2.0,1,1,0.9519952260961637
1,77.57,77.57,1,130,0,1.0,1,1,0.6465590824112089
1,127.86,127.86,2,94,0,1.0,1,1,0.7433346320983942
1,40.089999999999996,40.089999999999996,1,17,0,1.0,1,0,0.38690426312229176
1,73.63,73.63,1,219,0,1.0,1,1,0.6049945377451743
1,53.51,53.51,1,144,0,1.0,1,0,0.4900752482533611
1,82.7,82.7,1,181,0,1.0,1,1,0.6368686238631329
1,219.51,219.51,1,29,0,1.0,1,0,0.3720788681292189
1,251.29000000000002,251.29000000000002,1,102,0,1.0,1,1,0.7657548245630716
1,36.49,36.49,1,338,0,1.0,1,1,0.7861598047774592
1,193.34,193.34,1,137,0,1.0,1,1,0.7455535939703029
1,113.97,113.97,1,34,0,1.0,1,0,0.4918468962039707
1,47.59,47.59,1,289,0,1.0,1,1,0.5010597358244615
2,866.2,433.1,4,54,0,2.0,1,1,0.9187092534860875
1,113.98,113.98,1,213,0,1.0,1,1,0.5534099385319607
1,112.30000000000001,112.30000000000001,1,62,0,1.0,1,1,0.5868060827133744
1,46.17,46.17,1,156,0,1.0,1,1,0.5521569207712825
1,134.45,134.45,1,7,0,1.0,1,0,0.4424644189803184
1,129.1,129.1,1,41,0,1.0,1,0,0.4516362103649797
1,1023.37,1023.37,1,109,0,1.0,1,1,0.9209130762537984
1,98.14,98.14,1,96,0,1.0,1,1,0.5729363560833052
1,87.87,87.87,1,27,0,1.0,1,1,0.5678856323257692
1,153.33,153.33,1,227,0,1.0,1,1,0.5727407491254365
1,155.05,155.05,1,302,0,1.0,1,1,0.5436161143499565
1,31.72,31.72,1,8,0,1.0,1,0,0.29849455832349375
1,29.630000000000003,29.630000000000003,1,133,0,1.0,1,1,0.6211877096840012
1,160.56,160.56,1,32,0,1.0,1,0,0.43845778294883264
1,240.77,240.77,1,296,0,1.0,1,1,0.8588236133885065
1,127.22999999999999,127.22999999999999,1,290,0,1.0,1,1,0.5600404065162314
1,44.089999999999996,44.089999999999996,1,202,0,1.0,1,1,0.7181701650550472
1,142.11,142.11,1,163,0,1.0,1,1,0.5824905222971994
1,56.379999999999995,56.379999999999995,1,48,0,1.0,1,0,0.49788967225255815
1,71.14,71.14,1,202,0,1.0,1,1,0.683067729770531
1,89.27000000000001,89.27000000000001,1,93,0,1.0,1,1,0.6677751850143445
1,320.15,320.15,3,371,0,1.0,1,1,0.8726506943611074
1,125.50999999999999,125.50999999999999,1,290,0,1.0,1,1,0.5581531253828577
1,423.59000000000003,423.59000000000003,1,259,0,1.0,1,1,0.9631704839961676
1,262.07,262.07,1,74,0,1.0,1,0,0.4692585718000607
1,115.36000000000001,115.36000000000001,1,186,0,1.0,1,1,0.6130397776857696
1,274.12,274.12,1,75,0,1.0,1,1,0.7396806901007437
1,30.75,30.75,1,372,0,1.0,1,1,0.7836738808102394
1,241.62,241.62,1,126,0,1.0,1,1,0.8080269619607063
1,242.33,242.33,1,171,0,1.0,1,1,0.8139976263211729
1,116.16,116.16,1,254,0,1.0,1,1,0.6130365513949914
1,152.47,152.47,2,349,0,1.0,1,1,0.7639473504966652
1,234.2,234.2,2,86,0,1.0,1,1,0.8119180172984161
1,109.5,109.5,1,284,0,1.0,1,1,0.5975033394760443
1,40.6,40.6,1,63,0,1.0,1,1,0.6043394141556199
1,40.089999999999996,40.089999999999996,1,106,0,1.0,1,1,0.6170269117194451
1,243.82,243.82,1,306,0,1.0,1,1,0.8723434306089698
1,95.02,95.02,1,90,0,1.0,1,1,0.6334455959344649
1,37.93,37.93,1,388,0,1.0,1,1,0.7525173006282238
1,124.39,124.39,1,344,0,1.0,1,1,0.6174172734536449
1,50.0,50.0,1,225,0,1.0,1,1,0.5569252964218332
2,562.8199999999999,281.40999999999997,4,295,68,0.028985507246376812,1,1,0.8191129489256478
1,190.62,190.62,2,28,0,1.0,1,1,0.5502247592861893
2,195.0,97.5,2,273,82,0.024096385542168676,1,1,0.8222571919832257
1,143.71,143.71,1,188,0,1.0,1,1,0.5931640598341618
1,147.03,147.03,1,378,0,1.0,1,1,0.6249990889155974
1,47.129999999999995,47.129999999999995,1,42,0,1.0,1,0,0.48946794539632454
2,126.25999999999999,63.129999999999995,2,53,16,0.11764705882352941,1,0,0.49480853671539127
1,114.83000000000001,114.83000000000001,1,170,0,1.0,1,1,0.5924004348627628
1,101.01,101.01,1,299,0,1.0,1,0,0.46255421839445615
1,65.0,65.0,1,40,0,1.0,1,1,0.5123973137939395
1,31.75,31.75,1,141,0,1.0,1,1,0.5705927111529911
1,34.0,34.0,1,213,0,1.0,1,1,0.6856662070641343
1,710.19,710.19,1,3,0,1.0,1,1,0.9875224475938923
1,121.88000000000001,121.88000000000001,1,31,0,1.0,1,0,0.4160184469566467
1,53.33,53.33,1,245,0,1.0,1,0,0.47305365971352453
1,44.089999999999996,44.089999999999996,1,233,0,1.0,1,1,0.7319796705183111
1,47.519999999999996,47.519999999999996,1,96,0,1.0,1,0,0.47826520741350254
1,128.96,128.96,1,177,0,1.0,1,1,0.5746674078986835
1,83.88,83.88,1,40,0,1.0,1,0,0.49031186786423
2,256.04,128.02,2,79,47,0.041666666666666664,1,1,0.5154818740747928
1,47.269999999999996,47.269999999999996,1,7,0,1.0,1,0,0.4982475934088968
1,106.38,106.38,1,63,0,1.0,1,1,0.5877569674983588
1,103.55000000000001,103.55000000000001,1,167,0,1.0,1,1,0.6010240963013687
1,265.4,265.4,1,170,0,1.0,1,1,0.8494989907762935
1,25.78,25.78,1,41,0,1.0,1,0,0.43561061867059797
1,53.42,53.42,2,352,0,1.0,1,1,0.8297586138723752
1,181.83,181.83,1,253,0,1.0,1,1,0.6802367912923775
1,158.71,158.71,1,206,0,1.0,1,1,0.5949983097088437
1,42.51,42.51,1,359,0,1.0,1,1,0.7001817237688399
1,213.21,213.21,1,347,0,1.0,1,1,0.6625700574804465
1,87.72,87.72,1,94,0,1.0,1,1,0.6523136175622288
1,65.0,65.0,1,126,0,1.0,1,1,0.5226140545382372
1,54.0,54.0,1,215,0,1.0,1,0,0.47053390764754044
1,37.769999999999996,37.769999999999996,1,197,0,1.0,1,1,0.6682989630806472
1,153.36,153.36,1,170,0,1.0,1,1,0.5813898493369326
1,25.09,25.09,1,263,0,1.0,1,0,0.4960444053700558
1,37.86,37.86,1,391,0,1.0,1,1,0.7525173006282238
1,178.5,178.5,1,2,0,1.0,1,1,0.8398178918044066
1,55.0,55.0,1,197,0,1.0,1,1,0.5167582288861102
1,137.48,137.48,2,101,0,1.0,1,1,0.7181869729074716
1,75.69,75.69,1,177,0,1.0,1,1,0.6254252728374238
1,117.68,117.68,1,252,0,1.0,1,1,0.567301560616694
1,71.03999999999999,71.03999999999999,1,32,0,1.0,1,0,0.48530051395207086
1,163.68,163.68,1,43,0,1.0,1,0,0.4674008463949974
1,149.11,149.11,1,0,0,1.0,1,1,0.6372310207159998
1,105.77000000000001,105.77000000000001,1,194,0,1.0,1,1,0.6091509087861245
2,108.09,54.045,2,116,161,0.012345679012345678,1,0,0.21393326384818712
1,90.88000000000001,90.88000000000001,1,231,0,1.0,1,1,0.5612010242340248
1,96.19,96.19,1,193,0,1.0,1,1,0.5830770535984594
1,126.23,126.23,1,104,0,1.0,1,1,0.573673381246656
1,166.29,166.29,1,33,0,1.0,1,0,0.4436305981203039
1,50.09,50.09,1,196,0,1.0,1,1,0.5189976684422837
1,124.4,124.4,1,111,0,1.0,1,1,0.572373292199461
1,36.75,36.75,1,99,0,1.0,1,1,0.5508387665451436
1,368.10999999999996,368.10999999999996,1,3,0,1.0,1,0,0.471659287552445
1,348.13,348.13,1,96,0,1.0,1,1,0.6785334524878601
1,237.29000000000002,237.29000000000002,1,23,0,1.0,1,0,0.4707352239445936
1,93.25999999999999,93.25999999999999,2,196,0,1.0,1,1,0.5126659472122063
1,23.77,23.77,1,261,0,1.0,1,1,0.5344952398092521
1,75.53,75.53,1,337,0,1.0,1,1,0.7166610672495164
4,234.85,58.7125,4,4,1,2.0,0,1,0.6203891821724203
1,81.0,81.0,1,328,0,1.0,1,1,0.8452682665157631
1,57.75,57.75,1,96,0,1.0,1,0,0.48953274724570645
1,165.99,165.99,1,303,0,1.0,1,1,0.5455734288213632
1,163.79,163.79,1,48,0,1.0,1,1,0.5223981510049087
1,54.0,54.0,1,237,0,1.0,1,1,0.5066944662923154
1,138.02,138.02,1,96,0,1.0,1,1,0.6126757733031966
1,55.6,55.6,1,96,0,1.0,1,0,0.481001750003231
1,155.31,155.31,1,92,0,1.0,1,1,0.62594561305412
1,100.42999999999999,100.42999999999999,1,368,0,1.0,1,1,0.6509653794733077
1,40.68,40.68,1,97,0,1.0,1,1,0.6070633600842361
1,777.0,777.0,1,124,0,1.0,1,1,0.9210727698475109
1,46.0,46.0,1,226,0,1.0,1,1,0.6143208329328037
1,56.36,56.36,1,39,0,1.0,1,0,0.49143124917229347
1,46.84,46.84,1,30,0,1.0,1,0,0.49030229200537756
1,117.85000000000001,117.85000000000001,1,38,0,1.0,1,1,0.5193482227233579
1,55.0,55.0,1,119,0,1.0,1,0,0.47411492198528443
1,116.74,116.74,1,226,0,1.0,1,1,0.6095360599609124
1,55.1,55.1,1,172,0,1.0,1,0,0.4831586767567658
1,33.68,33.68,1,37,0,1.0,1,0,0.4230190980145754
2,189.99,94.995,2,195,0,2.0,1,1,0.9170001567146145
1,87.82,87.82,1,147,0,1.0,1,1,0.6384569682112559
1,87.03,87.03,1,35,0,1.0,1,1,0.5628740155426247
1,1381.83,1381.83,1,78,0,1.0,1,1,0.9729729954656925
1,46.82,46.82,1,93,0,1.0,1,1,0.5314286529389605
2,88.72,44.36,2,74,121,0.01639344262295082,1,0,0.3000578968993088
1,60.0,60.0,1,52,0,1.0,1,0,0.48432342205403717
1,54.34,54.34,1,42,0,1.0,1,0,0.48653819480421334
1,126.71000000000001,126.71000000000001,1,372,0,1.0,1,1,0.6405969027979186
1,470.62,470.62,1,258,0,1.0,1,1,0.9631704839961676
1,276.57,276.57,1,4,0,1.0,1,1,0.5909339366893834
1,120.87,120.87,1,20,0,1.0,1,0,0.4604554276464472
1,127.02,127.02,1,83,0,1.0,1,1,0.5878130162533021
1,237.0,237.0,1,172,0,1.0,1,1,0.7074357908845905
1,34.76,34.76,1,104,0,1.0,1,1,0.6111506992314897
2,417.76,208.88,2,14,0,2.0,1,1,0.8629378086214524
1,226.9,226.9,1,49,0,1.0,1,1,0.6129772449478855
1,31.38,31.38,1,21,0,1.0,1,0,0.26077373552156297
2,98.66,49.33,2,44,0,2.0,1,1,0.844758727790106
1,61.85,61.85,1,4,0,1.0,1,1,0.5926927354695749
1,77.66,77.66,1,238,0,1.0,1,0,0.49886303669809434
1,13.17,13.17,1,245,0,1.0,0,1,0.7339646996843949
1,100.91000000000001,100.91000000000001,1,351,0,1.0,1,1,0.6413300712955974
2,426.5,213.25,2,173,59,0.03333333333333333,1,1,0.8500789894870883
1,387.8,387.8,1,408,0,1.0,1,1,0.9718294057164204
1,65.1,65.1,1,6,0,1.0,1,0,0.48084120381283035
1,191.68,191.68,1,96,0,1.0,1,1,0.7848515335335293
1,163.79,163.79,1,63,0,1.0,1,1,0.5510496502461544
1,695.99,695.99,1,265,0,1.0,1,1,0.9820942574087856
1,79.88000000000001,79.88000000000001,1,68,0,1.0,1,1,0.5930567814682799
1,35.769999999999996,35.769999999999996,1,93,0,1.0,1,1,0.5646032936897308
1,115.36000000000001,115.36000000000001,1,40,0,1.0,1,1,0.508973863206949
1,164.70000000000002,164.70000000000002,1,42,0,1.0,0,0,0.4696459489024472
1,87.71000000000001,87.71000000000001,1,286,0,1.0,1,1,0.5336022023569003
1,105.38,105.38,1,96,0,1.0,1,1,0.6136798198442825
1,179.78,179.78,1,9,0,1.0,1,1,0.6800848452190341
1,47.42,47.42,1,42,0,1.0,1,0,0.48946794539632454
1,53.1,53.1,1,106,0,1.0,1,0,0.4760519005297501
1,138.6,138.6,1,50,0,1.0,1,1,0.5519344940049362
1,196.01,196.01,1,20,0,1.0,1,0,0.3138769911154898
1,228.69,228.69,1,197,0,1.0,1,1,0.741022309933407
2,558.3399999999999,279.16999999999996,2,123,0,2.0,1,1,0.9369916428244809
1,616.94,616.94,1,96,0,1.0,1,1,0.8749654112257751
1,121.13999999999999,121.13999999999999,1,336,0,1.0,1,1,0.6011776020266258
1,79.62,79.62,1,307,0,1.0,1,1,0.844375409372906
1,112.39,112.39,1,258,0,1.0,1,1,0.580079449334866
1,189.88,189.88,1,342,0,1.0,1,1,0.7095467781064654
1,313.5,313.5,1,16,0,1.0,1,1,0.5562346086230151
1,137.6,137.6,1,7,0,1.0,1,1,0.5097999723624833
1,43.1,43.1,1,187,0,1.0,1,1,0.670559251507306
1,308.42,308.42,1,166,0,1.0,1,1,0.8452816162620287
1,105.56,105.56,1,28,0,1.0,1,0,0.44938333813946635
1,710.22,710.22,1,48,0,1.0,1,1,0.990291297354819
1,180.6,180.6,1,256,0,1.0,1,1,0.7019512860239184
1,34.68,34.68,1,294,0,1.0,1,1,0.6494074790841657
1,102.03,102.03,1,250,0,1.0,1,1,0.589296424711996
1,86.15,86.15,1,224,0,1.0,1,1,0.57722475899065
1,99.75,99.75,1,339,0,1.0,1,1,0.6150543652431091
1,64.23,64.23,1,96,0,1.0,1,1,0.5368716335881363
1,171.44,171.44,1,25,0,1.0,1,0,0.47952137633287756
1,170.3,170.3,1,380,0,1.0,1,1,0.6244086679565627
1,59.519999999999996,59.519999999999996,1,51,0,1.0,1,0,0.4891930255167023
1,143.55,143.55,1,198,0,1.0,1,1,0.5931640598341618
1,66.69,66.69,1,15,0,1.0,1,0,0.4782207231517262
1,58.72,58.72,1,194,0,1.0,1,0,0.4892641642698595
1,336.48,336.48,1,108,0,1.0,1,1,0.6715332916360314
1,153.9,153.9,1,50,0,1.0,1,1,0.5338774225901632
1,26.68,26.68,1,40,0,1.0,1,0,0.40216264376955063
1,38.17,38.17,1,190,0,1.0,1,1,0.6583749308727063
1,86.73,86.73,1,11,0,1.0,1,1,0.5364067287818365
1,51.69,51.69,1,138,0,1.0,1,0,0.4883995725776853
1,62.44,62.44,1,95,0,1.0,1,1,0.5303864962184872
1,87.64,87.64,1,8,0,1.0,1,1,0.5362849850285136
1,83.41000000000001,83.41000000000001,1,12,0,1.0,1,0,0.3986574464246982
1,66.69,66.69,1,42,0,1.0,1,0,0.4880980290357424
1,158.38,158.38,1,171,0,1.0,1,1,0.5813898493369326
1,332.07,332.07,1,91,0,1.0,1,1,0.7242036951818281
1,40.089999999999996,40.089999999999996,1,159,0,1.0,1,1,0.6277824710746565
1,100.54,100.54,1,326,0,1.0,1,1,0.769499156321584
1,194.92000000000002,194.92000000000002,1,95,0,1.0,1,1,0.7848515335335293
1,39.42,39.42,1,333,0,1.0,1,1,0.7868242066810591
1,237.94,237.94,1,201,0,1.0,1,1,0.8002226900205119
1,105.36999999999999,105.36999999999999,1,282,0,1.0,1,1,0.6216027317335587
1,262.07,262.07,1,41,0,1.0,1,1,0.5174955223833618
1,1101.51,1101.51,1,242,0,1.0,1,1,0.9824992421159616
1,55.01,55.01,1,95,0,1.0,1,0,0.4760927487208395
1,61.050000000000004,61.050000000000004,1,242,0,1.0,1,0,0.48304066981333915
1,281.26,281.26,1,53,0,1.0,1,1,0.6867359230451714
1,777.4799999999999,777.4799999999999,2,37,0,1.0,1,1,0.9117310623433116
1,314.40999999999997,314.40999999999997,1,337,0,1.0,1,1,0.8075497856599145
1,128.88,128.88,1,308,0,1.0,1,1,0.7736608757453924
1,69.72,69.72,1,169,0,1.0,1,1,0.6569936667820918
1,126.53,126.53,2,122,0,1.0,1,1,0.712421658777416
1,257.14,257.14,1,51,0,1.0,1,1,0.5976560356143975
1,87.43,87.43,1,94,0,1.0,1,1,0.6523136175622288
1,118.03,118.03,1,393,0,1.0,1,1,0.6980274992397313
1,24.68,24.68,1,29,0,1.0,1,0,0.39146908033383476
1,136.6,136.6,1,9,0,1.0,1,0,0.49248386385002885
1,123.22,123.22,1,266,0,1.0,1,1,0.6041985569145306
1,78.64,78.64,1,132,0,1.0,1,1,0.6465590824112089
2,235.3,117.65,3,8,285,0.006993006993006993,1,0,0.4727890424966766
1,144.01,144.01,2,24,0,1.0,1,1,0.5837510594812475
1,146.68,146.68,2,225,0,1.0,1,1,0.6893732146015644
1,76.88,76.88,1,156,0,1.0,1,1,0.6407728339843566
1,75.63,75.63,1,13,0,1.0,1,0,0.49682404621951065
1,137.3,137.3,1,225,0,1.0,1,1,0.570205028571607
1,172.92999999999998,172.92999999999998,2,60,0,1.0,1,1,0.5476185791271105
1,105.38,105.38,1,137,0,1.0,1,1,0.5908705004599494
1,192.98000000000002,192.98000000000002,1,12,0,1.0,1,0,0.33605589677354264
1,27.77,27.77,1,75,0,1.0,1,1,0.5967090543429935
1,29.68,29.68,1,42,0,1.0,1,0,0.2969996423163969
1,54.11,54.11,1,385,0,1.0,1,1,0.5744836933141548
2,252.34,126.17,2,28,0,2.0,1,1,0.8675757523311642
2,128.73000000000002,64.36500000000001,2,107,33,0.058823529411764705,1,0,0.2709081590808514
1,65.71000000000001,65.71000000000001,1,127,0,1.0,1,1,0.5268754451776203
1,77.57,77.57,1,104,0,1.0,1,1,0.6431625994044999
1,57.68,57.68,1,85,0,1.0,1,0,0.47593558409697473
2,204.32,102.16,2,10,133,0.014925373134328358,1,0,0.4484173131610788
1,118.39,118.39,1,15,0,1.0,1,1,0.5344382504794082
1,228.72,228.72,1,177,0,1.0,1,1,0.7406707101303237
1,65.05,65.05,1,180,0,1.0,1,1,0.5391612584491221
1,435.23,435.23,1,208,0,1.0,1,1,0.9259376865756597
1,29.75,29.75,1,103,0,1.0,1,1,0.6116536463039357
1,131.73,131.73,1,291,0,1.0,1,1,0.5540320766639425
1,21.48,21.48,1,59,0,1.0,1,0,0.4596408289263804
1,100.83000000000001,100.83000000000001,1,202,0,1.0,1,1,0.551222705892346
1,59.6,59.6,1,157,0,1.0,1,0,0.4584462135881326
1,410.59000000000003,410.59000000000003,1,350,0,1.0,1,1,0.9644162603212844
1,167.8,167.8,1,378,0,1.0,1,1,0.6028214095174633
1,336.9,336.9,1,347,0,1.0,1,1,0.8417134706739255
2,93.55,46.775,2,224,166,0.011976047904191617,1,1,0.5921376883243462
1,195.69,195.69,1,310,0,1.0,1,1,0.8315178904905849
1,217.13,217.13,1,165,0,1.0,1,1,0.7391849564085451
1,80.14,80.14,1,100,0,1.0,1,1,0.6465102809114538
1,80.96,80.96,1,11,0,1.0,1,0,0.47458111887480386
1,161.77,161.77,1,126,0,1.0,1,1,0.5848972625368584
1,94.39999999999999,94.39999999999999,1,73,0,1.0,1,1,0.597863786309855
1,167.20000000000002,167.20000000000002,1,45,0,1.0,1,0,0.49502827911737085
1,149.38,149.38,2,24,0,1.0,1,1,0.568306504662726
1,312.44,312.44,2,7,0,1.0,1,1,0.7226707001334791
1,253.98000000000002,253.98000000000002,1,105,0,1.0,1,1,0.7156029329375145
1,138.6,138.6,1,64,0,1.0,1,1,0.5738900456362266
1,124.28,124.28,2,91,0,1.0,1,1,0.7262126733715547
1,123.38,123.38,2,54,0,1.0,1,0,0.4319472349694753
1,175.63,175.63,1,16,0,1.0,1,0,0.47725034642181785
1,69.92999999999999,69.92999999999999,1,28,0,1.0,1,0,0.471933835356798
1,70.91,70.91,1,19,0,1.0,1,0,0.48523806597777347
1,82.69,82.69,1,512,0,1.0,1,1,0.7744129636474792
1,34.78,34.78,1,304,0,1.0,1,1,0.8816843779396593
1,57.68,57.68,1,252,0,1.0,1,0,0.4747498146510144
1,189.21,189.21,1,379,0,1.0,1,1,0.7329047323222645
1,88.08,88.08,1,57,0,1.0,1,1,0.6208745014646067
1,29.09,29.09,1,283,0,1.0,1,1,0.6494313926263148
1,134.91,134.91,1,508,0,1.0,1,1,0.6753321911807113
1,210.29000000000002,210.29000000000002,1,233,0,1.0,1,1,0.6922158510475516
1,106.77000000000001,106.77000000000001,1,161,0,1.0,1,1,0.5916354423513667
1,97.9,97.9,1,397,0,1.0,1,1,0.6958707347653449
1,59.0,59.0,1,280,0,1.0,1,1,0.5089542742250281
1,64.0,64.0,1,167,0,1.0,1,1,0.5568225696057598
1,58.53,58.53,1,99,0,1.0,1,0,0.48457725273311447
1,58.62,58.62,1,86,0,1.0,1,0,0.4644821332347117
1,66.6,66.6,1,275,0,1.0,1,1,0.5173459408823327
1,118.86000000000001,118.86000000000001,1,163,0,1.0,1,1,0.568027795762217
1,391.83,391.83,1,55,0,1.0,1,1,0.873833385957134
1,52.18,52.18,1,362,0,1.0,1,1,0.6460087391347675
1,510.7,510.7,1,329,0,1.0,1,1,0.9537221559955458
1,142.28,142.28,2,225,0,1.0,1,1,0.6893732146015644
1,105.22,105.22,2,254,0,1.0,1,1,0.6323857438839107
1,97.87,97.87,1,161,0,1.0,1,1,0.551377779183349
1,129.06,129.06,1,324,0,1.0,1,1,0.7745537328882496
1,36.62,36.62,1,78,0,1.0,1,1,0.5253574659970663
1,204.54000000000002,204.54000000000002,1,191,0,1.0,1,1,0.7270464105310165
1,228.95,228.95,2,258,0,1.0,1,1,0.6169337698439337
1,230.78,230.78,1,390,0,1.0,1,1,0.8371779361925771
1,40.089999999999996,40.089999999999996,1,177,0,1.0,1,1,0.6023783225916537
1,116.94,116.94,1,54,0,1.0,1,1,0.5407586271126168
1,811.29,811.29,1,179,0,1.0,1,1,0.9714096064830494
1,117.94,117.94,1,17,0,1.0,1,1,0.5373776696665864
1,208.0,208.0,1,46,0,1.0,1,1,0.600379380847497
1,361.2,361.2,2,45,0,1.0,1,1,0.7998846080005729
1,47.68,47.68,1,262,0,1.0,1,0,0.48498684338137044
1,491.67999999999995,491.67999999999995,1,385,0,1.0,1,1,0.9709635262129388
1,77.57,77.57,1,170,0,1.0,1,1,0.639574133655809
1,52.68,52.68,1,326,0,1.0,1,1,0.7894902579725013
1,122.98,122.98,1,63,0,1.0,1,1,0.5363787960011517
1,222.98,222.98,1,99,0,1.0,1,1,0.7743183348298617
1,51.69,51.69,1,90,0,1.0,1,0,0.47811409916573155
1,336.34000000000003,336.34000000000003,2,51,0,1.0,1,1,0.8434495022683798
2,102.24000000000001,51.120000000000005,2,154,358,0.005571030640668524,1,1,0.8154126371731015
1,214.13,214.13,1,142,0,1.0,1,1,0.5708534174249206
1,195.0,195.0,1,187,0,1.0,1,1,0.745717657386098
1,74.08,74.08,1,348,0,1.0,1,1,0.7307477403029334
1,442.26,442.26,1,62,0,1.0,1,1,0.880593648946203
1,233.66,233.66,1,329,0,1.0,1,1,0.8082843620297532
1,169.23,169.23,1,76,0,1.0,1,1,0.6306332584700926
1,136.59,136.59,1,276,0,1.0,1,1,0.6018964421144414
1,42.27,42.27,1,109,0,1.0,1,1,0.6319024605051458
1,63.6,63.6,1,2,0,1.0,1,1,0.8000206356318822
1,117.94,117.94,1,167,0,1.0,1,1,0.5693929141705033
1,33.269999999999996,33.269999999999996,1,298,0,1.0,1,1,0.6248788169613062
1,83.34,83.34,3,98,0,1.0,1,1,0.5012183368116134
1,61.08,61.08,2,185,0,1.0,1,1,0.723551602148112
1,106.95,106.95,1,0,0,1.0,1,1,0.6948836260439004
1,108.58000000000001,108.58000000000001,1,176,0,1.0,1,1,0.5661694045625922
1,36.099999999999994,36.099999999999994,1,232,0,1.0,1,1,0.6748177564835265
1,248.10000000000002,248.10000000000002,1,358,0,1.0,1,1,0.8400352337253063
1,20.52,20.52,1,369,0,1.0,1,1,0.7968125546202482
1,76.75999999999999,76.75999999999999,1,175,0,1.0,1,1,0.6357445020516397
1,42.85,42.85,1,15,0,1.0,1,1,0.6102899824772581
1,105.36999999999999,105.36999999999999,1,33,0,1.0,1,0,0.438695398260837
1,16.86,16.86,1,324,0,1.0,1,1,0.8984746022057538
1,148.06,148.06,1,170,0,1.0,1,1,0.5826721673161301
1,151.68,151.68,1,81,0,1.0,1,1,0.6165930787256261
1,423.17,423.17,1,47,0,1.0,1,1,0.8127152220855564
1,42.59,42.59,1,91,0,1.0,1,1,0.6074981713275767
1,101.75999999999999,101.75999999999999,2,167,0,1.0,1,1,0.6280418922439601
1,130.85000000000002,130.85000000000002,1,83,0,1.0,1,1,0.602202430662385
1,746.8299999999999,746.8299999999999,1,13,0,1.0,1,1,0.9938862909930659
1,110.2,110.2,2,0,0,1.0,1,1,0.5327379976793619
1,65.85,65.85,1,303,0,1.0,1,1,0.5899528567997472
1,334.98,334.98,2,171,0,1.0,1,1,0.8599526310561764
1,28.4,28.4,1,72,0,1.0,1,1,0.5997209289754358
1,451.28,451.28,1,41,0,1.0,1,1,0.7932570104931717
1,149.07,149.07,1,254,0,1.0,1,1,0.5505829323555347
1,1344.46,1344.46,1,180,0,1.0,1,1,0.9752570272511879
1,111.62,111.62,1,6,0,1.0,1,0,0.4783714099584147
1,89.75,89.75,1,163,0,1.0,1,1,0.6609034496837584
1,239.18,239.18,2,27,0,1.0,1,1,0.7343606928154763
1,195.0,195.0,1,49,0,1.0,1,1,0.5069616670179168
1,157.28,157.28,1,46,0,1.0,1,0,0.47701732859730006
1,833.08,833.08,2,36,0,1.0,0,1,0.9117310623433116
1,26.6,26.6,1,258,0,1.0,1,1,0.5268804213887325
1,507.68,507.68,1,35,0,1.0,1,1,0.7706884222886518
1,102.03,102.03,1,229,0,1.0,1,1,0.6134766181012701
1,162.15,162.15,1,249,0,1.0,1,1,0.5246206018213756
1,60.1,60.1,1,33,0,1.0,1,0,0.4678788458819519
1,122.31,122.31,2,177,0,1.0,1,1,0.6858453166027042
1,177.36,177.36,1,38,0,1.0,1,1,0.7069283450113031
1,619.46,619.46,1,401,0,1.0,1,1,0.9832972954970319
1,87.17,87.17,1,155,0,1.0,1,1,0.6430211220200444
2,244.41000000000003,122.20500000000001,2,25,120,0.01652892561983471,1,0,0.36225896124732837
1,43.0,43.0,1,296,0,1.0,1,1,0.6568769953423076
1,188.34,188.34,1,72,0,1.0,1,0,0.39990086851369877
1,72.86,72.86,1,210,0,1.0,1,1,0.6613212703472066
1,179.6,179.6,1,49,0,1.0,1,1,0.7736647720288429
1,235.3,235.3,1,56,0,1.0,1,1,0.6040208741738858
1,102.03,102.03,1,201,0,1.0,1,1,0.6205126752841966
1,206.99,206.99,1,93,0,1.0,1,1,0.7715279739675127
1,58.82,58.82,1,169,0,1.0,1,0,0.48445203993756164
1,42.92,42.92,1,213,0,1.0,1,1,0.7018053304087205
1,118.46,118.46,1,115,0,1.0,1,1,0.5802676374085913
1,135.01,135.01,1,385,0,1.0,1,1,0.6228241431355025
1,85.24,85.24,1,127,0,1.0,1,1,0.6250780872988817
1,74.16,74.16,1,50,0,1.0,1,1,0.554037420784039
1,35.089999999999996,35.089999999999996,1,257,0,1.0,1,1,0.6216445073458992
1,206.0,206.0,1,40,0,1.0,1,1,0.560462270815513
1,98.61,98.61,1,255,0,1.0,1,1,0.5071789410666754
1,547.47,547.47,3,177,0,1.0,1,1,0.8591708411047974
1,64.1,64.1,1,96,0,1.0,1,1,0.5230386976118229
1,89.27000000000001,89.27000000000001,1,148,0,1.0,1,1,0.6539185356633718
1,77.66,77.66,1,219,0,1.0,1,1,0.5838511821809674
1,171.84,171.84,2,226,0,1.0,1,1,0.7105046933247167
2,143.57999999999998,71.78999999999999,2,23,0,2.0,1,1,0.7269089619075938
1,28.75,28.75,1,75,0,1.0,1,1,0.5967090543429935
1,176.65,176.65,1,49,0,1.0,1,1,0.7725539154464157
1,86.15,86.15,1,256,0,1.0,1,1,0.52338230335798
1,86.78999999999999,86.78999999999999,1,322,0,1.0,1,1,0.8419437404570533
1,35.04,35.04,1,344,0,1.0,1,1,0.7766125072373101
1,39.089999999999996,39.089999999999996,1,102,0,1.0,1,1,0.5788842671550176
1,77.09,77.09,1,283,0,1.0,1,1,0.5210670492585673
1,22.78,22.78,1,107,0,1.0,1,1,0.5515897814891578
1,110.89,110.89,1,42,0,1.0,1,0,0.49397973020853414
1,71.63,71.63,1,104,0,1.0,1,1,0.6044956051448541
1,126.52,126.52,1,44,0,1.0,1,0,0.41995594549418314
1,202.82000000000002,202.82000000000002,1,227,0,1.0,1,1,0.7777213577429011
1,147.15,147.15,1,250,0,1.0,1,1,0.5270859672398248
1,113.13000000000001,113.13000000000001,1,214,0,1.0,1,1,0.5349049070184696
1,72.14,72.14,1,217,0,1.0,1,1,0.599486472661969
1,90.88000000000001,90.88000000000001,1,133,0,1.0,1,1,0.66834513478495
1,286.56,286.56,1,139,0,1.0,1,1,0.7748219099717837
2,88.9,44.45,2,43,0,2.0,1,1,0.9152354943064978
1,106.29,106.29,1,129,0,1.0,1,1,0.6007010578819458
1,53.800000000000004,53.800000000000004,1,40,0,1.0,1,0,0.48948694908125245
1,238.68,238.68,3,149,0,1.0,1,1,0.7629011218984278
1,73.34,73.34,1,118,0,1.0,1,1,0.6470096171606742
1,215.14,215.14,1,103,0,1.0,1,1,0.6516347305999768
1,114.74,114.74,1,96,0,1.0,1,1,0.5953871411933631
1,36.78,36.78,1,81,0,1.0,1,1,0.5547984443660149
1,32.379999999999995,32.379999999999995,1,61,0,1.0,1,1,0.5091501553810354
1,24.1,24.1,1,212,0,1.0,1,1,0.5860253064949967
1,956.27,956.27,1,401,0,1.0,1,1,0.9916032742791628
1,29.85,29.85,1,272,0,1.0,1,1,0.615983952819391
1,43.62,43.62,1,288,0,1.0,1,1,0.6846506690762433
1,137.2,137.2,1,167,0,1.0,1,1,0.5661462053268116
1,66.89,66.89,1,8,0,1.0,1,0,0.44505251747086827
1,232.05,232.05,1,288,0,1.0,1,1,0.8171748766664968
2,511.21999999999997,255.60999999999999,2,95,0,2.0,1,1,0.9501597384026768
1,95.8,95.8,1,21,0,1.0,1,1,0.5515576304967612
1,80.79,80.79,1,94,0,1.0,1,1,0.6537427088009623
1,175.32,175.32,1,234,0,1.0,1,1,0.5902132369927344
1,47.69,47.69,1,221,0,1.0,1,1,0.5416403397914048
1,144.65,144.65,1,292,0,1.0,1,1,0.5315294212586565
1,150.89000000000001,150.89000000000001,1,350,0,1.0,1,1,0.6050387129417598
1,65.78,65.78,1,41,0,1.0,1,1,0.5153957784341787
1,133.48000000000002,133.48000000000002,1,37,0,1.0,1,0,0.45792471543489216
1,109.32000000000001,109.32000000000001,1,165,0,1.0,1,1,0.5616152245951966
1,32.769999999999996,32.769999999999996,1,96,0,1.0,1,1,0.605646930419646
1,108.2,108.2,2,269,0,1.0,1,1,0.6385632490592329
1,51.0,51.0,1,288,0,1.0,1,0,0.4964405379266528
1,72.43,72.43,1,83,0,1.0,1,1,0.5583067181055078
1,77.57,77.57,1,220,0,1.0,1,1,0.5817837587177037
1,255.43,255.43,1,290,0,1.0,1,1,0.8631502552954515
1,37.62,37.62,1,96,0,1.0,1,1,0.5605082834814609
1,57.1,57.1,1,390,0,1.0,1,1,0.5202621512118247
1,57.75,57.75,1,126,0,1.0,1,0,0.4858421108099062
1,204.08,204.08,1,333,0,1.0,1,1,0.7281208555979034
1,383.5,383.5,1,18,0,1.0,1,1,0.766334401402094
1,203.74,203.74,1,96,0,1.0,1,1,0.7730911870710294
1,36.78,36.78,1,161,0,1.0,1,1,0.5551712895635168
1,38.78,38.78,1,147,0,1.0,1,1,0.5764332141853745
1,36.78,36.78,1,114,0,1.0,1,1,0.5692387450610926
1,35.769999999999996,35.769999999999996,1,19,0,1.0,1,0,0.42713587476024384
1,291.19,291.19,1,180,0,1.0,1,1,0.8327719633336051
1,60.22,60.22,1,185,0,1.0,1,0,0.47777836180608185
1,87.71000000000001,87.71000000000001,1,272,0,1.0,1,1,0.5392045518437592
1,17.85,17.85,1,180,0,1.0,1,1,0.7055899509332024
1,670.77,670.77,1,89,0,1.0,1,1,0.9431539742732131
1,238.69,238.69,1,91,0,1.0,1,1,0.7700719673432868
1,102.03,102.03,1,157,0,1.0,1,1,0.604754537154713
1,300.73999999999995,300.73999999999995,1,40,0,1.0,1,1,0.5415854701573093
1,740.76,740.76,1,275,0,1.0,1,1,0.9804449217646493
1,162.26999999999998,162.26999999999998,3,167,0,1.0,1,1,0.7792485250335737
1,189.5,189.5,1,23,0,1.0,1,0,0.35065168329481444
1,34.269999999999996,34.269999999999996,1,204,0,1.0,1,1,0.687450670790485
1,328.41999999999996,328.41999999999996,1,337,0,1.0,1,1,0.8075497856599145
1,182.3,182.3,1,222,0,1.0,1,1,0.6519288920315305
1,35.0,35.0,1,134,0,1.0,1,1,0.5798738627670161
1,66.11,66.11,1,86,0,1.0,1,1,0.5191824761043838
1,79.33,79.33,1,86,0,1.0,1,1,0.6339550857754788
1,246.36,246.36,1,238,0,1.0,1,1,0.8556905928108605
1,27.14,27.14,1,167,0,1.0,1,1,0.6252335605971469
1,108.0,108.0,2,293,0,1.0,1,1,0.6859228864601481
1,32.67,32.67,1,17,0,1.0,1,0,0.43803097266784957
1,357.13,357.13,1,371,0,1.0,1,1,0.7231215615392919
1,42.4,42.4,1,95,0,1.0,1,1,0.6184612455396693
1,81.08999999999999,81.08999999999999,1,384,0,1.0,1,1,0.71514262641479
1,157.34,157.34,1,19,0,1.0,1,0,0.4858979402303269
1,37.0,37.0,1,143,0,1.0,1,1,0.5716752915078368
1,148.15,148.15,1,185,0,1.0,1,1,0.5927898677124915
1,103.55000000000001,103.55000000000001,1,109,0,1.0,1,1,0.6088191896021452
1,82.98,82.98,1,55,0,1.0,1,1,0.5734934194338998
1,264.24,264.24,3,211,0,1.0,1,1,0.5673250653911229
1,161.12,161.12,2,392,0,1.0,1,1,0.8070194026707354
1,113.08,113.08,1,274,0,1.0,1,1,0.5795831229571479
1,112.95,112.95,1,82,0,1.0,1,1,0.5488787322899679
1,29.29,29.29,1,253,0,1.0,1,1,0.5925308344861541
1,37.78,37.78,1,30,0,1.0,1,0,0.4774909914657427
1,99.12,99.12,1,128,0,1.0,1,1,0.5621605632097184
1,149.32,149.32,1,88,0,1.0,1,1,0.6147194998261263
1,47.77,47.77,1,23,0,1.0,1,0,0.4865229551441667
1,110.13,110.13,1,35,0,1.0,1,0,0.4319521351110662
1,54.44,54.44,1,337,0,1.0,1,1,0.6603562297978443
1,65.0,65.0,1,8,0,1.0,1,0,0.47912732675371433
1,61.79,61.79,1,127,0,1.0,1,1,0.515081632693985
1,290.3,290.3,2,239,0,1.0,1,1,0.8369221918001615
1,65.00999999999999,65.00999999999999,1,11,0,1.0,1,0,0.4773925044357307
1,77.50999999999999,77.50999999999999,1,358,0,1.0,1,1,0.7199021648625546
1,743.56,743.56,2,268,0,1.0,1,1,0.8488190898722129
1,96.71000000000001,96.71000000000001,1,86,0,1.0,1,1,0.5709278062933012
1,678.08,678.08,1,190,0,1.0,1,1,0.9714096064830494
1,220.84,220.84,2,28,0,1.0,1,1,0.6499669626911214
1,121.39,121.39,1,23,0,1.0,1,0,0.4570204922826082
1,57.75,57.75,1,268,0,1.0,1,0,0.4952683817104569
1,60.6,60.6,1,98,0,1.0,1,1,0.5285753244742022
1,94.22,94.22,1,115,0,1.0,1,1,0.6652838302133904
1,198.57,198.57,1,167,0,1.0,1,1,0.751215089777628
1,44.0,44.0,1,272,0,1.0,1,1,0.6677229152527075
1,40.75,40.75,1,246,0,1.0,1,1,0.673964368629076
1,157.3,157.3,1,83,0,1.0,1,1,0.6165930787256261
1,240.74,240.74,1,301,0,1.0,1,1,0.859040436925449
1,95.64,95.64,1,30,0,1.0,1,1,0.5305341146092707
1,37.0,37.0,1,34,0,1.0,1,0,0.36137871228199725
1,96.58999999999999,96.58999999999999,1,128,0,1.0,1,1,0.5744972281623301
1,92.9,92.9,1,159,0,1.0,1,1,0.6646338905371026
1,381.88,381.88,1,77,0,1.0,1,1,0.9180655800021278
1,71.14,71.14,1,188,0,1.0,1,1,0.681094617222461
1,178.55,178.55,1,309,0,1.0,1,1,0.7520880752249485
1,300.73999999999995,300.73999999999995,1,19,0,1.0,1,1,0.5463576833916973
1,99.55,99.55,1,99,0,1.0,1,1,0.5463307939115732
1,55.65,55.65,1,8,0,1.0,1,0,0.49147335167420114
1,64.6,64.6,1,203,0,1.0,1,1,0.5697532610000041
1,387.64,387.64,4,404,0,1.0,1,1,0.9587198400387857
1,108.19,108.19,1,74,0,1.0,1,1,0.5290337194867377
1,239.16000000000003,239.16000000000003,1,102,0,1.0,1,1,0.7657548245630716
1,216.15,216.15,1,144,0,1.0,1,1,0.7069119457097871
1,69.13,69.13,1,20,0,1.0,1,0,0.45244007113213325
1,108.0,108.0,1,22,0,1.0,1,0,0.48729012305691505
1,79.50999999999999,79.50999999999999,1,298,0,1.0,1,1,0.5607364417722891
1,31.85,31.85,1,155,0,1.0,1,1,0.601726761953706
1,122.0,122.0,2,186,0,1.0,1,1,0.6909071511864133
1,47.71,47.71,1,147,0,1.0,1,0,0.495973573824227
1,334.49,334.49,1,176,0,1.0,1,1,0.8713285472988688
1,60.0,60.0,1,276,0,1.0,1,1,0.500704178478953
1,104.78999999999999,104.78999999999999,1,383,0,1.0,1,1,0.6770345711507454
1,357.74,357.74,1,397,0,1.0,1,1,0.7343382729889317
1,166.69,166.69,1,191,0,1.0,1,1,0.5825320314197973
1,57.629999999999995,57.629999999999995,1,80,0,1.0,1,0,0.47718586732929585
1,143.02,143.02,1,23,0,1.0,1,1,0.5063505496739069
1,99.42999999999999,99.42999999999999,1,44,0,1.0,1,0,0.4918035084843146
1,48.01,48.01,1,1,0,1.0,1,1,0.7906094552442046
1,294.48,294.48,1,195,0,1.0,1,1,0.8327719633336051
1,809.6999999999999,809.6999999999999,1,264,0,1.0,1,1,0.9820942574087856
1,68.74,68.74,1,337,0,1.0,1,1,0.7017289263317015
1,75.53,75.53,1,6,0,1.0,1,0,0.42014835288825664
1,76.17,76.17,1,237,0,1.0,1,1,0.5000785508329784
1,41.089999999999996,41.089999999999996,1,8,0,1.0,1,1,0.6003636851743303
1,231.14,231.14,1,179,0,1.0,1,1,0.7316375880778235
1,48.01,48.01,1,279,0,1.0,1,1,0.5091578968918268
1,163.29000000000002,163.29000000000002,1,250,0,1.0,1,1,0.5246206018213756
1,44.089999999999996,44.089999999999996,1,21,0,1.0,1,1,0.554560105672037
1,125.43,125.43,1,97,0,1.0,1,1,0.5945926895250665
2,139.07,69.535,2,261,35,0.05555555555555555,1,1,0.6123285446229064
1,62.64,62.64,1,117,0,1.0,1,1,0.5394138548799262
1,169.56,169.56,1,12,0,1.0,1,0,0.42451519753159717
1,126.81,126.81,1,268,0,1.0,1,1,0.6050844952555623
1,33.51,33.51,1,309,0,1.0,1,1,0.8840137857868332
1,186.72,186.72,1,46,0,1.0,1,1,0.7258397871106503
1,217.64,217.64,1,91,0,1.0,1,1,0.7684816538563713
1,109.73,109.73,1,381,0,1.0,1,1,0.6769589085525465
1,844.51,844.51,1,220,0,1.0,1,1,0.9775286774418361
1,139.14,139.14,2,359,0,1.0,1,1,0.7684698162395713
1,116.23,116.23,1,92,0,1.0,1,1,0.6260875020959199
1,92.75999999999999,92.75999999999999,1,33,0,1.0,1,1,0.5659959472918707
1,79.33,79.33,1,93,0,1.0,1,1,0.6503950272940084
1,54.61,54.61,1,96,0,1.0,1,0,0.4760927487208395
1,190.03,190.03,1,73,0,1.0,1,0,0.27402155998252875
1,73.22,73.22,1,6,0,1.0,1,0,0.4629275006577181
1,66.63,66.63,1,162,0,1.0,1,1,0.5134456595623189
1,131.47,131.47,1,144,0,1.0,1,1,0.570077436636422
1,33.980000000000004,33.980000000000004,1,287,0,1.0,1,1,0.6451216896441432
1,78.86,78.86,1,89,0,1.0,1,1,0.6362523280272019
1,86.15,86.15,1,134,0,1.0,1,1,0.6240647426283504
1,123.2,123.2,1,2,0,1.0,1,1,0.7111145463280967
1,64.0,64.0,1,14,0,1.0,1,1,0.5327900795957997
1,195.0,195.0,1,272,0,1.0,1,1,0.811514953844244
1,134.76,134.76,1,49,0,1.0,1,1,0.5526708692516562
1,71.72,71.72,2,363,0,1.0,1,1,0.8364823479679262
1,35.089999999999996,35.089999999999996,1,22,0,1.0,1,0,0.3642189870270769
1,179.77,179.77,1,21,0,1.0,1,1,0.7081398138004958
1,219.64,219.64,2,314,0,1.0,1,1,0.7670343234451897
1,29.78,29.78,1,49,0,1.0,1,0,0.4004050961506327
1,105.14,105.14,1,290,0,1.0,1,1,0.5877194537840592
1,173.82,173.82,1,98,0,1.0,1,1,0.6099370966161379
1,65.71000000000001,65.71000000000001,1,212,0,1.0,1,1,0.5336778088095637
1,85.15,85.15,1,386,0,1.0,1,1,0.7092521242367348
1,335.47,335.47,1,81,0,1.0,1,1,0.832409908774325
1,192.83,192.83,1,245,0,1.0,1,1,0.7898794850233152
1,48.379999999999995,48.379999999999995,1,180,0,1.0,1,1,0.5016924660664721
1,126.33,126.33,1,104,0,1.0,1,1,0.573673381246656
1,398.06,398.06,2,167,0,1.0,1,1,0.8998245863620139
1,65.65,65.65,1,96,0,1.0,1,1,0.5457457097875735
1,173.88,173.88,1,160,0,1.0,1,1,0.5456119594630064
1,147.15,147.15,1,43,0,1.0,1,0,0.48976819893064855
1,67.49,67.49,1,104,0,1.0,1,1,0.5457439920697243
1,148.53,148.53,2,131,0,1.0,1,1,0.7348832528608596
1,437.26,437.26,1,69,0,1.0,1,1,0.8733535738251791
1,67.59,67.59,1,108,0,1.0,1,1,0.5648829055386032
1,100.83,100.83,2,141,0,1.0,1,1,0.6266492447722491
1,147.45000000000002,147.45000000000002,2,363,0,1.0,1,1,0.7684698162395713
1,146.15,146.15,1,207,0,1.0,1,1,0.5962806276880414
1,78.0,78.0,2,396,0,1.0,0,1,0.7558411781249755
1,32.769999999999996,32.769999999999996,1,202,0,1.0,1,1,0.6931846823901606
1,94.69,94.69,1,248,0,1.0,1,1,0.535949211211064
1,107.78,107.78,1,93,0,1.0,1,1,0.5862103642019347
1,87.50999999999999,87.50999999999999,1,364,0,1.0,1,1,0.7182587668767053
1,103.78999999999999,103.78999999999999,1,310,0,1.0,1,1,0.8137599396320235
1,253.79000000000002,253.79000000000002,1,231,0,1.0,1,1,0.8519228377623538
1,85.03,85.03,1,43,0,1.0,1,1,0.5692838641123554
1,116.44999999999999,116.44999999999999,1,81,0,1.0,1,1,0.6053314811930407
1,99.52000000000001,99.52000000000001,1,6,0,1.0,1,0,0.4885665532522676
1,135.77,135.77,1,144,0,1.0,1,1,0.5633154014952838
1,230.37,230.37,2,210,0,1.0,1,1,0.6287605766662594
1,96.8,96.8,1,65,0,1.0,1,1,0.5905380538321986
1,408.12,408.12,4,84,0,1.0,1,1,0.8745264174992432
1,102.0,102.0,2,238,0,1.0,1,1,0.6319826216682036
1,190.58,190.58,1,213,0,1.0,1,1,0.7813200035452103
1,67.02,67.02,1,86,0,1.0,1,1,0.5453493444353145
1,180.35000000000002,180.35000000000002,1,79,0,1.0,1,1,0.6968397486790078
1,36.04,36.04,1,309,0,1.0,1,1,0.8560420392260749
1,183.64000000000001,183.64000000000001,1,73,0,1.0,1,1,0.6392824536081638
1,79.2,79.2,1,96,0,1.0,1,1,0.651958240397525
1,31.24,31.24,1,86,0,1.0,1,1,0.5903675169262966
1,132.07999999999998,132.07999999999998,1,96,0,1.0,1,1,0.6168170379993796
1,316.75,316.75,1,19,0,1.0,1,1,0.5517200178101641
1,77.68,77.68,1,33,0,1.0,1,0,0.49450581644972535
1,142.48,142.48,1,361,0,1.0,1,1,0.6118849547120813
1,459.01,459.01,2,287,0,1.0,1,1,0.9061768591009449
1,36.35,36.35,1,96,0,1.0,1,1,0.5754890085986676
1,197.84,197.84,1,104,0,1.0,1,1,0.7584545802093391
1,496.17999999999995,496.17999999999995,2,198,0,1.0,0,1,0.8998245863620139
1,42.269999999999996,42.269999999999996,1,61,0,1.0,1,1,0.6133225923304625
1,43.089999999999996,43.089999999999996,1,56,0,1.0,1,0,0.46990455440573337
1,82.98,82.98,1,44,0,1.0,1,1,0.5232387079684877
1,21.75,21.75,1,216,0,1.0,1,0,0.49262995646692304
1,50.79,50.79,1,257,0,1.0,1,0,0.4792401689463704
1,88.08,88.08,1,64,0,1.0,1,1,0.6264096134122484
1,84.02,84.02,1,57,0,1.0,1,1,0.5626531812500515
1,110.72,110.72,1,252,0,1.0,1,1,0.5271567224017185
1,36.35,36.35,1,72,0,1.0,1,0,0.43771996589823053
1,43.089999999999996,43.089999999999996,1,273,0,1.0,1,1,0.6356709235165008
1,124.53,124.53,1,388,0,1.0,1,1,0.6827786496605495
1,39.6,39.6,1,78,0,1.0,1,1,0.5624266810325452
1,41.69,41.69,1,223,0,1.0,1,1,0.7318179291143719
1,65.09,65.09,1,225,0,1.0,1,1,0.5919876441891442
1,232.86,232.86,2,364,0,1.0,1,1,0.7035887888068199
1,43.0,43.0,1,0,0,1.0,1,1,0.8155051521513694
1,37.53,37.53,1,289,0,1.0,1,1,0.6236792229860887
1,722.21,722.21,1,143,0,1.0,1,1,0.9204134317044828
1,84.15,84.15,1,106,0,1.0,1,1,0.6005891977440712
1,139.35999999999999,139.35999999999999,2,29,0,1.0,1,1,0.55622168673389
1,44.9,44.9,1,395,0,1.0,1,1,0.6906664571216697
1,93.13,93.13,1,388,0,1.0,1,1,0.7475439422373437
1,34.34,34.34,1,371,0,1.0,1,1,0.7939850416722936
1,38.0,38.0,1,153,0,1.0,1,1,0.5856845974808678
1,35.69,35.69,1,186,0,1.0,1,1,0.6442515394310513
1,620.29,620.29,1,13,0,1.0,1,1,0.9832334047255725
1,61.05,61.05,1,29,0,1.0,1,1,0.5114977766395935
1,272.7,272.7,2,227,0,1.0,1,1,0.836711176983828
1,165.03,165.03,1,198,0,1.0,1,1,0.5825320314197973
1,153.13,153.13,1,127,0,1.0,1,1,0.5908746921548607
1,115.55,115.55,1,33,0,1.0,1,1,0.5048927537579365
1,109.18,109.18,1,27,0,1.0,1,1,0.5007031065042471
1,122.88,122.88,1,345,0,1.0,1,1,0.6174172734536449
1,73.58,73.58,1,355,0,1.0,1,1,0.7307477403029334
1,44.66,44.66,2,103,0,1.0,1,1,0.7883200215009155
1,270.45,270.45,1,87,0,1.0,1,1,0.8169463292138571
1,463.75,463.75,1,387,0,1.0,1,1,0.9709635262129388
1,91.18,91.18,1,238,0,1.0,1,1,0.5551734086560081
2,495.17,247.585,4,41,0,2.0,1,1,0.8739469330885746
1,40.75,40.75,1,85,0,1.0,1,1,0.5906847900617309
1,54.85,54.85,1,7,0,1.0,1,0,0.4923734838476007
1,30.0,30.0,1,55,0,1.0,0,0,0.41808831094346016
1,65.05,65.05,1,9,0,1.0,1,0,0.47912732675371433
1,155.14,155.14,2,225,0,1.0,1,1,0.6880908966223669
1,482.69,482.69,1,184,0,1.0,1,1,0.9304575440223495
1,73.34,73.34,1,210,0,1.0,1,1,0.6571907848196623
1,592.49,592.49,1,12,0,1.0,1,1,0.981937643763121
1,157.67000000000002,157.67000000000002,1,114,0,1.0,1,1,0.591693079170821
2,239.62,119.81,3,192,2,0.6666666666666666,1,1,0.7590780453531445
1,78.69,78.69,1,361,0,1.0,1,1,0.7199021648625546
1,116.94,116.94,1,162,0,1.0,1,1,0.5978272581725156
2,408.17999999999995,204.08999999999997,4,23,0,2.0,1,1,0.7852485431601313
1,120.17999999999999,120.17999999999999,1,94,0,1.0,1,1,0.5942363175749436
1,216.2,216.2,2,100,0,1.0,1,1,0.76005617785236
1,40.85,40.85,1,43,0,1.0,1,1,0.6138944650871019
1,96.0,96.0,3,28,0,1.0,1,1,0.5223360766918541
1,87.71000000000001,87.71000000000001,1,98,0,1.0,1,1,0.6493420059434143
1,198.59,198.59,2,182,0,1.0,1,1,0.5638750600856728
1,105.07,105.07,1,90,0,1.0,1,1,0.6043705064678343
1,36.68,36.68,1,52,0,1.0,1,0,0.44698516361199836
1,110.3,110.3,1,359,0,1.0,1,1,0.6640510821963223
1,549.68,549.68,1,129,0,1.0,1,1,0.8880768561015658
1,79.41,79.41,1,201,0,1.0,1,1,0.6487430246341042
1,116.94,116.94,1,73,0,1.0,1,1,0.5616178969255978
1,50.83,50.83,1,202,0,1.0,1,1,0.5173413767398463
1,170.97,170.97,1,5,0,1.0,1,1,0.5744971632630839
1,97.81,97.81,1,225,0,1.0,1,1,0.5562975090775457
1,117.0,117.0,1,360,0,1.0,1,1,0.6588413311353291
1,106.87,106.87,1,13,0,1.0,1,1,0.5083071216374331
1,72.14,72.14,1,174,0,1.0,1,1,0.6294229653971555
1,86.61,86.61,1,34,0,1.0,1,1,0.5636714527973762
1,47.68,47.68,1,85,0,1.0,1,0,0.4707423604046545
1,97.8,97.8,1,164,0,1.0,1,1,0.5526738088497654
1,101.14,101.14,1,335,0,1.0,1,1,0.6191010846711448
1,144.65,144.65,1,44,0,1.0,1,0,0.4897678286935302
1,139.37,139.37,1,93,0,1.0,1,1,0.6082183478253572
1,105.36999999999999,105.36999999999999,1,78,0,1.0,1,1,0.59333438609854
1,58.82,58.82,1,171,0,1.0,1,0,0.48445203993756164
1,45.22,45.22,1,35,0,1.0,1,1,0.5568720822541874
1,261.9,261.9,1,4,0,1.0,1,1,0.536900189790209
1,348.63,348.63,2,286,0,1.0,1,1,0.8485838819301416
1,52.68,52.68,1,218,0,1.0,1,1,0.5164073358378327
1,394.15000000000003,394.15000000000003,1,104,0,1.0,1,1,0.7701612557263828
1,45.61,45.61,1,45,0,1.0,1,1,0.5552820788580762
2,1432.21,716.105,2,88,24,0.08,1,1,0.9246482384304795
1,59.59,59.59,1,124,0,1.0,1,0,0.44726311534904956
1,53.1,53.1,1,95,0,1.0,1,0,0.4783515722502512
1,95.76,95.76,1,187,0,1.0,1,1,0.5797225020910894
1,221.79000000000002,221.79000000000002,1,3,0,1.0,0,0,0.33968825963908494
1,77.57,77.57,1,152,0,1.0,1,1,0.643304574509153
1,65.05,65.05,1,220,0,1.0,1,1,0.5503239547997939
1,250.09,250.09,1,139,0,1.0,1,1,0.8077482381516937
1,132.07999999999998,132.07999999999998,1,114,0,1.0,1,1,0.5825653471257267
1,27.77,27.77,1,261,0,1.0,1,1,0.6524185142632385
1,50.339999999999996,50.339999999999996,2,188,0,1.0,1,1,0.7073951474071831
1,75.56,75.56,1,308,0,1.0,1,1,0.8461410624066908
1,239.48,239.48,2,398,0,1.0,1,1,0.8544560998340855
1,104.76,104.76,1,2,0,1.0,1,1,0.7922761937106406
2,578.8100000000001,289.40500000000003,4,3,0,2.0,1,1,0.6693588601937659
1,215.14,215.14,1,105,0,1.0,1,1,0.6516347305999768
1,118.9,118.9,1,389,0,1.0,1,1,0.6980274992397313
1,83.41000000000001,83.41000000000001,1,173,0,1.0,1,1,0.6144627563376742
1,65.78,65.78,1,151,0,1.0,1,1,0.5424068982644886
1,67.3,67.3,1,294,0,1.0,1,0,0.4798038933945848
1,78.28999999999999,78.28999999999999,1,195,0,1.0,1,1,0.648195290751814
1,85.88999999999999,85.88999999999999,1,368,0,1.0,1,1,0.7102250000953901
1,51.1,51.1,1,35,0,1.0,1,0,0.4858090887381898
1,107.89999999999999,107.89999999999999,1,78,0,1.0,1,1,0.568837774480032
1,41.19,41.19,1,34,0,1.0,1,1,0.6108793940487572
1,191.58,191.58,1,168,0,1.0,1,1,0.751215089777628
1,118.25999999999999,118.25999999999999,1,108,0,1.0,1,1,0.5815677264557864
1,225.12,225.12,1,165,0,1.0,1,1,0.7406707101303237
1,373.9,373.9,2,232,0,1.0,1,1,0.8780366252258031
1,89.07,89.07,1,7,0,1.0,1,1,0.5296204802202302
1,26.35,26.35,1,94,0,1.0,1,0,0.4315353938314313
1,609.27,609.27,1,262,0,1.0,1,1,0.9730439021375239
1,29.68,29.68,1,22,0,1.0,1,0,0.2581660229824957
1,380.72,380.72,4,134,0,1.0,1,1,0.691733673515826
1,104.37,104.37,1,64,0,1.0,1,1,0.592118606861986
1,165.56,165.56,2,34,0,1.0,1,1,0.5654925280413801
1,39.0,39.0,1,231,0,1.0,1,1,0.694850638033692
1,46.6,46.6,1,33,0,1.0,1,0,0.48653817412874767
1,115.03999999999999,115.03999999999999,1,14,0,1.0,1,1,0.5501739966320774
1,73.03,73.03,1,299,0,1.0,1,1,0.5836100181679388
1,101.34,101.34,1,168,0,1.0,1,1,0.5761393946631326
1,59.09,59.09,1,21,0,1.0,1,0,0.47969188502526056
1,354.02,354.02,2,50,0,1.0,1,1,0.8389438233104388
1,149.99,149.99,1,396,0,1.0,1,1,0.6672930387710162
1,346.06,346.06,1,246,0,1.0,1,1,0.9044194045940163
1,290.76,290.76,1,265,0,1.0,1,1,0.8793166900425334
1,63.1,63.1,1,132,0,1.0,1,1,0.5576567893363658
1,502.75,502.75,1,11,0,1.0,1,1,0.7766116041324536
1,706.71,706.71,3,138,0,1.0,1,1,0.5869568168018015
1,176.39000000000001,176.39000000000001,1,392,0,1.0,1,1,0.6672075629237467
1,374.28,374.28,1,409,0,1.0,1,1,0.9443210723285578
1,198.57,198.57,1,75,0,1.0,1,1,0.558030306172106
1,43.900000000000006,43.900000000000006,2,407,0,1.0,1,1,0.8533327759702622
1,264.2,264.2,5,356,0,1.0,1,1,0.8094619296784981
1,198.57,198.57,1,265,0,1.0,1,1,0.8099611446322815
1,53.01,53.01,1,34,0,1.0,1,0,0.4866065259929413
1,194.3,194.3,1,169,0,1.0,1,1,0.751215089777628
1,139.94,139.94,1,317,0,1.0,1,1,0.7663675683938775
2,180.82,90.41,4,506,0,2.0,1,1,0.9592689361087104
1,106.87,106.87,1,166,0,1.0,1,1,0.5916354423513667
1,229.92000000000002,229.92000000000002,1,266,0,1.0,1,1,0.8220267251970246
1,223.14,223.14,1,226,0,1.0,1,1,0.8075691292494802
1,81.67,81.67,1,38,0,1.0,1,1,0.5262432110089814
1,70.03,70.03,1,12,0,1.0,1,0,0.43548765803734313
1,61.01,61.01,1,55,0,1.0,1,1,0.5446014991328106
1,59.85,59.85,1,21,0,1.0,1,0,0.47694887682893
1,32.769999999999996,32.769999999999996,1,102,0,1.0,1,1,0.6074726576834143
1,102.17999999999999,102.17999999999999,2,129,0,1.0,1,1,0.668002537833699
1,84.03,84.03,1,88,0,1.0,1,1,0.6081020727233493
1,26.0,26.0,1,250,0,1.0,1,1,0.5197677088072625
1,307.14,307.14,1,183,0,1.0,1,1,0.8391902887062039
1,148.06,148.06,1,96,0,1.0,1,1,0.6287911441368343
1,67.0,67.0,1,153,0,1.0,1,1,0.570859972268911
1,368.10999999999996,368.10999999999996,1,163,0,1.0,1,1,0.8182523846100647
1,52.37,52.37,1,87,0,1.0,1,0,0.4711606146540673
1,206.92000000000002,206.92000000000002,1,109,0,1.0,1,1,0.7457502958880076
1,126.33,126.33,1,43,0,1.0,1,0,0.41399423322981366
1,309.31,309.31,1,147,0,1.0,1,1,0.7804326440165938
1,167.95,167.95,2,131,0,1.0,1,1,0.7294372677665868
1,48.01,48.01,1,192,0,1.0,1,1,0.5280732450842015
1,134.06,134.06,1,42,0,1.0,1,0,0.45720414343769356
1,102.23,102.23,1,386,0,1.0,1,1,0.6862388101050922
1,63.1,63.1,1,61,0,1.0,1,1,0.5892357414980326
1,159.82,159.82,1,75,0,1.0,1,1,0.551259923685093
1,132.04999999999998,132.04999999999998,1,64,0,1.0,1,1,0.5630148511388614
1,426.06,426.06,2,236,0,1.0,1,1,0.9041106433679844
1,216.74,216.74,1,75,0,1.0,1,1,0.652094817161183
1,178.89,178.89,1,222,0,1.0,1,1,0.6179401731948282
1,42.58,42.58,1,41,0,1.0,1,1,0.6138944650871019
1,116.24,116.24,1,74,0,1.0,1,1,0.552887379459855
1,130.25,130.25,1,266,0,1.0,1,1,0.6085310076631253
1,82.7,82.7,1,149,0,1.0,1,1,0.6461047078239547
1,272.23,272.23,1,216,0,1.0,1,1,0.8772705075622446
1,343.07,343.07,1,216,0,1.0,1,1,0.8941246983659319
1,39.089999999999996,39.089999999999996,1,69,0,1.0,1,0,0.48098075364284315
1,51.75,51.75,1,289,0,1.0,1,0,0.4964405379266528
1,174.74,174.74,1,159,0,1.0,1,1,0.5408086338747468
1,37.1,37.1,1,168,0,1.0,1,1,0.5540981258185398
2,183.71,91.855,2,308,43,0.045454545454545456,1,1,0.7410506272218395
2,197.16,98.58,2,29,0,2.0,1,1,0.8410369249180636
1,408.12,408.12,4,224,0,1.0,1,1,0.8693574358591991
1,44.0,44.0,1,37,0,1.0,1,0,0.40244986759616685
1,51.69,51.69,1,13,0,1.0,1,0,0.4984992032180247
1,76.05,76.05,1,310,0,1.0,1,1,0.847033919549548
1,104.28,104.28,1,226,0,1.0,1,1,0.6134766181012701
1,135.4,135.4,4,134,0,1.0,1,1,0.8246197380324156
1,138.6,138.6,1,72,0,1.0,1,1,0.5230795005484385
1,41.01,41.01,1,3,0,1.0,1,1,0.5000062101920778
1,244.15,244.15,1,85,0,1.0,1,1,0.8352674096381533
1,378.57,378.57,1,342,0,1.0,1,1,0.9207706532932991
1,189.25,189.25,1,91,0,1.0,1,1,0.7774020302233816
1,139.60999999999999,139.60999999999999,1,39,0,1.0,1,0,0.4873570118027448
1,946.84,946.84,2,156,0,1.0,1,1,0.8248992334463207
1,100.14,100.14,1,379,0,1.0,1,1,0.6702800109259254
1,57.43,57.43,1,50,0,1.0,1,1,0.5077573811720978
1,91.96000000000001,91.96000000000001,1,151,0,1.0,1,1,0.6646338905371026
1,26.6,26.6,1,127,0,1.0,1,0,0.4567050642886066
1,31.75,31.75,1,11,0,1.0,1,0,0.2770565870468448
1,90.66000000000001,90.66000000000001,1,97,0,1.0,1,1,0.6754895991828036
1,263.94,263.94,1,126,0,1.0,1,1,0.7677417040819257
1,35.78,35.78,1,242,0,1.0,1,1,0.649289061926794
1,79.2,79.2,1,44,0,1.0,1,1,0.5074250545885535
1,143.02,143.02,1,164,0,1.0,1,1,0.5824905222971994
1,138.17000000000002,138.17000000000002,1,129,0,1.0,1,1,0.5756310481447396
1,31.77,31.77,1,47,0,1.0,1,0,0.3277530490975088
1,76.78,76.78,1,89,0,1.0,1,1,0.6321750149567378
1,87.29,87.29,1,507,0,1.0,1,1,0.7416589027794633
1,44.0,44.0,1,30,0,1.0,1,0,0.40396200166127194
1,130.56,130.56,1,282,0,1.0,1,1,0.6105468345123577
1,713.65,713.65,1,209,0,1.0,1,1,0.9708166145693029
1,152.41,152.41,1,167,0,1.0,1,1,0.5813898493369326
1,124.42,124.42,1,42,0,1.0,1,0,0.42897740482565316
1,315.72999999999996,315.72999999999996,1,39,0,1.0,1,1,0.5968693076104539
1,152.89000000000001,152.89000000000001,1,234,0,1.0,1,1,0.5076816106475174
1,69.49,69.49,1,54,0,1.0,1,0,0.4640189049322192
1,56.92,56.92,1,61,0,1.0,1,1,0.5443616637729074
1,45.089999999999996,45.089999999999996,1,41,0,1.0,1,1,0.5574715869436038
1,69.73,69.73,1,161,0,1.0,1,1,0.6569936667820918
1,354.87,354.87,1,77,0,1.0,1,1,0.8344662786425723
1,60.78,60.78,1,200,0,1.0,1,1,0.552896673271135
1,71.8,71.8,1,388,0,1.0,1,1,0.6440203390177691
1,44.42,44.42,1,383,0,1.0,1,1,0.6838515199508726
1,71.53,71.53,1,32,0,1.0,1,0,0.48285619381632616
1,49.05,49.05,1,288,0,1.0,1,1,0.5128557606314038
1,127.03999999999999,127.03999999999999,2,381,0,1.0,1,1,0.7854810596401818
1,453.74,453.74,1,10,0,1.0,1,1,0.7766116041324536
1,173.0,173.0,1,51,0,1.0,1,1,0.5494564661374371
1,36.69,36.69,1,137,0,1.0,1,1,0.5806162470924855
1,58.589999999999996,58.589999999999996,1,122,0,1.0,1,0,0.4875549205101514
1,153.9,153.9,1,241,0,1.0,1,1,0.5105576397144458
1,126.44,126.44,1,164,0,1.0,1,1,0.5566730431625627
1,49.42,49.42,1,408,0,1.0,1,1,0.6009515847634836
1,67.73,67.73,1,55,0,1.0,1,1,0.5159282964529041
1,287.1,287.1,1,13,0,1.0,1,1,0.5596925761479551
1,36.78,36.78,1,112,0,1.0,1,1,0.5692387450610926
1,91.16,91.16,1,206,0,1.0,1,1,0.6818247101620197
1,177.59,177.59,1,5,0,1.0,1,1,0.7495490922554812
1,161.37,161.37,1,182,0,1.0,1,1,0.5819257303917386
1,42.6,42.6,1,42,0,1.0,1,1,0.6138944650871019
1,256.77,256.77,1,93,0,1.0,1,1,0.7230848285462724
1,58.18,58.18,2,36,0,1.0,1,1,0.6163897605794206
1,147.35,147.35,1,286,0,1.0,1,1,0.5379605533163122
1,46.78,46.78,1,14,0,1.0,1,1,0.5072660702101984
1,68.82,68.82,1,198,0,1.0,1,1,0.6729381235206965
1,65.05,65.05,1,197,0,1.0,1,1,0.5697532610000041
1,114.04,114.04,1,23,0,1.0,1,1,0.5247055805100325
1,188.34,188.34,1,79,0,1.0,1,1,0.7942464633275274
1,102.03,102.03,1,247,0,1.0,1,1,0.5830731958854526
1,117.85000000000001,117.85000000000001,1,42,0,1.0,1,1,0.5093086927853311
1,137.47,137.47,1,50,0,1.0,1,1,0.5519344940049362
1,150.14,150.14,2,167,0,1.0,1,1,0.7030396498865479
1,76.66,76.66,1,388,0,1.0,1,1,0.7317594678364486
1,37.6,37.6,1,216,0,1.0,1,1,0.660286698281598
2,460.27,230.135,2,7,79,0.025,1,1,0.8738636326110221
1,893.0,893.0,1,396,0,1.0,1,1,0.9916032742791628
1,465.23,465.23,1,102,0,1.0,1,1,0.7701612557263828
2,147.19,73.595,3,282,53,0.037037037037037035,1,1,0.8119049986594616
1,28.63,28.63,1,223,0,1.0,1,1,0.7307612629304083
1,46.78,46.78,1,18,0,1.0,1,0,0.4932779899257495
1,63.34,63.34,1,314,0,1.0,1,1,0.8325391745613638
1,86.22,86.22,1,328,0,1.0,1,1,0.8419437404570533
1,67.42,67.42,1,382,0,1.0,1,1,0.6487082485259096
1,62.59,62.59,1,109,0,1.0,1,1,0.5327154633687323
1,26.049999999999997,26.049999999999997,1,39,0,1.0,1,0,0.4380106186705979
1,105.66,105.66,1,1,0,1.0,1,1,0.7141751454116783
1,84.72,84.72,1,104,0,1.0,1,1,0.6223305984290746
1,63.269999999999996,63.269999999999996,1,65,0,1.0,1,1,0.585988067068499
1,161.77,161.77,1,99,0,1.0,1,1,0.613180385595895
1,43.91,43.91,1,229,0,1.0,1,1,0.7705751614568416
1,60.95,60.95,1,382,0,1.0,1,1,0.629876813969036
1,95.16999999999999,95.16999999999999,1,258,0,1.0,1,1,0.5543995763974131
1,670.85,670.85,1,92,0,1.0,1,1,0.8995135319850298
1,95.87,95.87,1,99,0,1.0,1,1,0.5715861294587411
1,122.22,122.22,2,54,0,1.0,1,0,0.4331530550080498
1,33.17,33.17,1,275,0,1.0,1,1,0.6458918444283998
1,58.9,58.9,1,241,0,1.0,1,0,0.47080129695227546
1,224.32000000000002,224.32000000000002,2,509,0,1.0,1,1,0.805175210685811
1,50.0,50.0,1,10,0,1.0,1,0,0.4798427595573609
1,38.94,38.94,1,373,0,1.0,1,1,0.7739181193236989
1,140.28,140.28,1,312,0,1.0,1,1,0.7663675683938775
1,53.269999999999996,53.269999999999996,1,171,0,1.0,1,0,0.4854175002861776
1,35.78,35.78,1,6,0,1.0,1,0,0.45916642301295185
1,72.14,72.14,1,100,0,1.0,1,1,0.628240184386378
1,280.91,280.91,1,95,0,1.0,1,1,0.6912428652319622
1,160.57000000000002,160.57000000000002,1,110,0,1.0,1,1,0.5913025207360016
1,148.58,148.58,1,155,0,1.0,1,1,0.5883377322631587
1,116.13,116.13,1,277,0,1.0,1,1,0.6404228743896612
1,38.78,38.78,1,76,0,1.0,1,1,0.5436073573671907
1,168.20000000000002,168.20000000000002,1,92,0,1.0,1,1,0.626781085974903
1,120.06,120.06,1,135,0,1.0,1,1,0.5716104838920908
1,26.45,26.45,1,86,0,1.0,1,1,0.5022297531692889
1,29.47,29.47,1,202,0,1.0,1,1,0.6744835227728042
1,158.89,158.89,1,22,0,1.0,1,0,0.472899568292433
1,21.77,21.77,1,42,0,1.0,1,0,0.4373136589126279
1,31.759999999999998,31.759999999999998,1,120,0,1.0,1,1,0.5781496349267592
1,118.93,118.93,1,175,0,1.0,1,1,0.5702730585640053
1,66.67,66.67,1,96,0,1.0,1,0,0.4694602325773092
1,190.48000000000002,190.48000000000002,1,81,0,1.0,1,1,0.795782685348096
1,26.869999999999997,26.869999999999997,1,0,0,1.0,1,1,0.846181228840491
1,123.06,123.06,1,80,0,1.0,1,1,0.5580186757147219
4,556.94,139.235,5,71,46,0.0851063829787234,1,0,0.4636689917087293
1,58.17,58.17,1,54,0,1.0,1,0,0.49970114862774184
1,153.05,153.05,1,191,0,1.0,1,1,0.5906982684656085
1,33.37,33.37,1,280,0,1.0,1,1,0.6505583497141105
1,64.78999999999999,64.78999999999999,1,46,0,1.0,1,1,0.5084620428843644
1,273.21999999999997,273.21999999999997,1,175,0,1.0,1,1,0.8494989907762935
1,107.37,107.37,1,510,0,1.0,1,1,0.7204775128993158
1,178.27,178.27,1,79,0,1.0,1,1,0.6219580275367369
1,67.98,67.98,1,2,0,1.0,1,1,0.7900655110296981
1,139.98000000000002,139.98000000000002,1,70,0,1.0,1,1,0.5409299209114661
1,118.41,118.41,1,132,0,1.0,1,1,0.5800953735687422
1,150.0,150.0,2,84,0,1.0,1,1,0.7452071350878332
1,103.28,103.28,1,291,0,1.0,1,1,0.5917237049838242
1,46.75,46.75,1,14,0,1.0,1,1,0.5072660702101984
1,814.42,814.42,1,309,0,1.0,1,1,0.9736572439964315
1,566.0,566.0,4,232,0,1.0,1,1,0.8663311200697255
2,180.92,90.46,2,30,86,0.022988505747126436,1,1,0.6367718291004372
1,95.47999999999999,95.47999999999999,2,64,0,1.0,1,1,0.5093169135149925
1,100.86000000000001,100.86000000000001,1,141,0,1.0,1,1,0.5264501389327492
1,436.32,436.32,1,54,0,1.0,1,1,0.8656099604194859
1,82.73,82.73,1,107,0,1.0,1,1,0.6488260977169239
1,245.97,245.97,1,37,0,1.0,1,1,0.523703572116928
1,100.23,100.23,1,22,0,1.0,1,1,0.5277717302169552
1,36.22,36.22,1,14,0,1.0,1,0,0.46080393910347234
1,261.16,261.16,1,97,0,1.0,1,1,0.6300643398583289
1,71.63,71.63,1,287,0,1.0,1,0,0.46297107113806846
1,675.01,675.01,1,184,0,1.0,1,1,0.9714096064830494
1,124.5,124.5,1,104,0,1.0,1,1,0.573673381246656
1,124.27000000000001,124.27000000000001,1,5,0,1.0,1,1,0.5388526546406998
1,1222.8000000000002,1222.8000000000002,1,27,0,1.0,1,1,0.9944419119046853
1,349.69,349.69,1,333,0,1.0,1,1,0.8120832208422918
1,51.01,51.01,1,21,0,1.0,1,0,0.48150538999555
1,58.76,58.76,2,148,0,1.0,1,1,0.7054932401215012
1,142.06,142.06,1,150,0,1.0,1,1,0.5878154277119543
1,275.11,275.11,1,201,0,1.0,1,1,0.8339118372714064
1,141.5,141.5,1,64,0,1.0,1,1,0.5738900456362266
1,51.78,51.78,1,20,0,1.0,1,0,0.49020056222086206
1,56.08,56.08,1,83,0,1.0,1,0,0.47400909621717147
1,190.95000000000002,190.95000000000002,1,140,0,1.0,1,1,0.7445565365713936
1,54.629999999999995,54.629999999999995,1,115,0,1.0,1,0,0.47411492198528443
1,17.22,17.22,1,196,0,1.0,1,1,0.7502320803680564
1,65.71000000000001,65.71000000000001,1,163,0,1.0,1,1,0.5407663892789717
1,69.31,69.31,1,1,0,1.0,1,1,0.7800612537333248
1,91.99,91.99,1,33,0,1.0,1,1,0.5659959472918707
1,136.07,136.07,1,195,0,1.0,1,1,0.5769525589184509
1,34.6,34.6,1,259,0,1.0,1,1,0.6413244532791692
1,115.44999999999999,115.44999999999999,1,352,0,1.0,1,1,0.654460880733561
1,155.44,155.44,1,285,0,1.0,1,1,0.5345348610513407
1,211.79000000000002,211.79000000000002,1,131,0,1.0,1,1,0.6343844145924089
1,120.09,120.09,1,141,0,1.0,1,1,0.5592948372426351
1,27.27,27.27,1,163,0,1.0,1,1,0.6219372643008505
1,232.72000000000003,232.72000000000003,2,59,0,1.0,1,1,0.6727106492256124
1,58.589999999999996,58.589999999999996,1,77,0,1.0,1,0,0.48633878842510475
1,116.95,116.95,1,114,0,1.0,1,1,0.6070332626639305
1,57.18000000000001,57.18000000000001,1,330,0,1.0,1,1,0.7845742552546604
1,75.63,75.63,1,296,0,1.0,1,1,0.5651781189713073
1,133.05,133.05,1,168,0,1.0,1,1,0.5729082404679495
1,82.98,82.98,1,49,0,1.0,1,1,0.5563823151980813
1,32.769999999999996,32.769999999999996,1,19,0,1.0,1,0,0.43803097266784957
1,107.27000000000001,107.27000000000001,1,360,0,1.0,1,1,0.6783307592196186
1,82.98,82.98,1,56,0,1.0,1,1,0.5798255023022016
1,142.92,142.92,1,132,0,1.0,1,1,0.5933404835234141
1,155.63,155.63,1,260,0,1.0,1,1,0.5732768707742679
1,196.72,196.72,1,119,0,1.0,1,1,0.7570652603910215
1,106.16000000000001,106.16000000000001,1,113,0,1.0,1,1,0.6008733217217949
1,131.51,131.51,1,23,0,1.0,1,0,0.4754242260839401
1,128.88,128.88,1,347,0,1.0,1,1,0.6190001976727286
1,122.97,122.97,1,198,0,1.0,1,1,0.5742125277146256
1,143.89,143.89,1,280,0,1.0,1,1,0.5829445059294852
1,86.15,86.15,1,173,0,1.0,1,1,0.615325166447786
1,142.19,142.19,1,320,0,1.0,1,1,0.7663675683938775
1,236.29,236.29,1,285,0,1.0,1,1,0.8070037126786378
1,202.53,202.53,1,132,0,1.0,1,1,0.7453545546718492
1,96.32,96.32,1,68,0,1.0,1,1,0.5800092194798413
1,21.1,21.1,1,201,0,1.0,1,1,0.5020866846629676
1,67.19,67.19,1,14,0,1.0,1,0,0.47990875397556065
1,53.69,53.69,1,20,0,1.0,1,0,0.49020056222086206
1,95.21000000000001,95.21000000000001,1,246,0,1.0,1,1,0.5380129098853764
1,235.70000000000002,235.70000000000002,2,76,0,1.0,1,1,0.7427803555848741
1,46.01,46.01,1,207,0,1.0,1,1,0.594888081330411
1,66.11,66.11,1,283,0,1.0,1,1,0.5211439373833072
1,304.16,304.16,2,170,0,1.0,1,1,0.8461514162371956
1,38.839999999999996,38.839999999999996,1,105,0,1.0,1,1,0.5878637652552722
1,397.29999999999995,397.29999999999995,1,84,0,1.0,1,1,0.9153938894887494
1,248.07999999999998,248.07999999999998,1,93,0,1.0,1,1,0.7748485622770928
1,245.35,245.35,1,156,0,1.0,1,1,0.8139976263211729
1,125.78,125.78,1,302,0,1.0,1,1,0.5578743213457128
1,107.07,107.07,1,43,0,1.0,1,0,0.4849111241036629
1,111.89,111.89,1,193,0,1.0,1,1,0.5652869031113326
1,31.0,31.0,1,191,0,1.0,1,1,0.6670427736703195
1,55.879999999999995,55.879999999999995,1,285,0,1.0,1,0,0.4937708721682326
1,38.75,38.75,1,282,0,1.0,1,1,0.6364411564389245
2,364.66,182.33,5,0,0,2.0,1,0,0.3779386548532642
1,200.44,200.44,1,173,0,1.0,1,1,0.751215089777628
1,150.89000000000001,150.89000000000001,1,348,0,1.0,1,1,0.6050387129417598
1,67.5,67.5,1,42,0,1.0,1,0,0.4629711765937173
1,553.0,553.0,1,13,0,1.0,1,1,0.9776236107252381
1,139.09,139.09,1,85,0,1.0,1,1,0.5958258430157932
1,304.17999999999995,304.17999999999995,1,209,0,1.0,1,1,0.8286087176898477
1,53.05,53.05,1,24,0,1.0,1,0,0.48909501732319616
1,675.01,675.01,1,96,0,1.0,1,1,0.9060983120998344
1,196.5,196.5,1,55,0,1.0,1,0,0.4731306667927878
1,128.88,128.88,1,362,0,1.0,1,1,0.6259793322850229
1,168.29000000000002,168.29000000000002,1,213,0,1.0,1,1,0.5921858233983591
1,87.71000000000001,87.71000000000001,1,79,0,1.0,1,1,0.6343887027323013
1,67.30000000000001,67.30000000000001,1,96,0,1.0,1,1,0.5568346682210926
1,56.66,56.66,1,88,0,1.0,1,0,0.4751258681088758
1,127.44,127.44,1,275,0,1.0,1,1,0.6034351596114259
4,1236.76,309.19,4,158,32,0.12121212121212122,1,1,0.7223484905093078
1,149.69,149.69,1,94,0,1.0,1,1,0.62594561305412
1,229.24,229.24,2,70,0,1.0,1,1,0.7482294462491982
1,140.3,140.3,1,376,0,1.0,1,1,0.6261825623049532
1,58.58,58.58,1,86,0,1.0,1,0,0.4758571015174521
1,106.16000000000001,106.16000000000001,1,96,0,1.0,1,1,0.6136798198442825
1,197.02,197.02,2,269,0,1.0,1,1,0.5419949183702599
1,28.689999999999998,28.689999999999998,1,95,0,1.0,1,1,0.6369696809039445
1,30.6,30.6,1,258,0,1.0,1,1,0.63503085676218
1,42.65,42.65,1,261,0,1.0,1,1,0.6623646109801206
1,79.28,79.28,1,48,0,1.0,1,1,0.5133746333263297
1,45.269999999999996,45.269999999999996,1,92,0,1.0,1,1,0.5287613854528705
1,760.32,760.32,4,261,0,1.0,1,1,0.8813400586654109
1,190.43,190.43,1,123,0,1.0,1,1,0.7532246511528389
1,600.43,600.43,1,95,0,1.0,1,1,0.869210007728436
1,116.44,116.44,1,173,0,1.0,1,1,0.5973065608387628
1,31.75,31.75,1,23,0,1.0,1,0,0.2632115534114398
1,246.78,246.78,1,265,0,1.0,1,1,0.8674348850352012
2,363.82000000000005,181.91000000000003,2,48,340,0.005865102639296188,1,1,0.7896773618689372
1,178.26,178.26,1,78,0,1.0,1,1,0.6305980516062436
1,62.4,62.4,1,13,0,1.0,1,1,0.5201455410284698
1,67.5,67.5,1,30,0,1.0,1,0,0.45799819809878206
1,91.78999999999999,91.78999999999999,1,285,0,1.0,1,1,0.5658068930835951
1,247.16,247.16,1,93,0,1.0,1,1,0.7748485622770928
1,291.12,291.12,1,214,0,1.0,1,1,0.8677388045709963
1,107.95,107.95,1,46,0,1.0,1,0,0.49526289092506515
1,32.379999999999995,32.379999999999995,1,57,0,1.0,1,1,0.5091501553810354
1,72.43,72.43,1,41,0,1.0,1,1,0.5228320679390369
1,105.28,105.28,1,218,0,1.0,1,1,0.5795609279965711
1,27.490000000000002,27.490000000000002,1,359,0,1.0,1,1,0.77941705423609
1,172.04000000000002,172.04000000000002,2,49,0,1.0,1,1,0.5087498012401364
1,71.14,71.14,1,38,0,1.0,1,0,0.49289778555174696
1,177.49,177.49,1,23,0,1.0,1,1,0.7194853817567173
1,362.33000000000004,362.33000000000004,2,375,0,1.0,1,1,0.870827779128756
1,69.5,69.5,2,232,0,1.0,1,1,0.6684687481357656
1,155.73000000000002,155.73000000000002,1,311,0,1.0,1,1,0.7652351103586575
1,373.3,373.3,2,91,0,1.0,1,1,0.8147953997449484
2,446.28,223.14,2,103,11,0.16666666666666666,1,1,0.7133244204823446
1,146.02,146.02,1,319,0,1.0,1,1,0.7651840950045218
1,27.68,27.68,1,269,0,1.0,1,1,0.6293910577527467
1,182.91,182.91,1,97,0,1.0,1,1,0.674202832409223
1,236.97,236.97,1,36,0,1.0,1,0,0.28185546071156553
1,163.77,163.77,1,206,0,1.0,1,1,0.5879921314001837
1,118.00999999999999,118.00999999999999,1,62,0,1.0,1,1,0.5988716367764163
1,230.9,230.9,2,36,0,1.0,1,1,0.660355336105258
1,135.0,135.0,2,34,0,1.0,1,1,0.5213261105290027
1,162.65,162.65,1,69,0,1.0,1,1,0.5000746532837401
1,31.77,31.77,1,127,0,1.0,1,1,0.5872933082751343
1,197.69,197.69,1,83,0,1.0,1,1,0.7976452856319319
1,38.01,38.01,1,73,0,1.0,1,0,0.4890381695921807
1,160.17,160.17,1,11,0,1.0,1,0,0.4745682496572868
1,45.01,45.01,1,171,0,1.0,1,1,0.659876068998505
1,155.42000000000002,155.42000000000002,1,400,0,1.0,1,1,0.6648522373138214
1,133.19,133.19,1,333,0,1.0,1,1,0.5922230939092155
1,77.66,77.66,1,292,0,1.0,1,1,0.5704552836335975
1,45.7,45.7,1,110,0,1.0,1,1,0.5328342329554066
1,45.089999999999996,45.089999999999996,1,6,0,1.0,1,1,0.5633581367727553
1,276.21,276.21,1,44,0,1.0,1,1,0.6090955848554049
1,110.33000000000001,110.33000000000001,1,210,0,1.0,1,1,0.5871142282565464
2,185.87,92.935,3,284,31,0.0625,1,1,0.7392949445050111
1,113.62,113.62,1,257,0,1.0,1,1,0.587177269871662
1,319.81,319.81,1,171,0,1.0,1,1,0.8713285472988688
1,598.7099999999999,598.7099999999999,1,242,0,1.0,1,1,0.9711280505616816
1,105.11,105.11,1,43,0,1.0,1,1,0.5262122374495897
1,142.48,142.48,1,51,0,1.0,1,1,0.5519344940049362
1,349.08000000000004,349.08000000000004,3,92,0,1.0,1,1,0.7330471106242232
1,141.07999999999998,141.07999999999998,1,325,0,1.0,1,1,0.7663675683938775
1,149.05,149.05,1,152,0,1.0,1,1,0.5883377322631587
1,66.78999999999999,66.78999999999999,1,158,0,1.0,1,1,0.5119280325608153
1,128.15,128.15,1,306,0,1.0,1,1,0.7736608757453924
1,78.19,78.19,1,165,0,1.0,1,1,0.639574133655809
1,115.44,115.44,1,69,0,1.0,1,1,0.5841421409639664
1,183.67000000000002,183.67000000000002,1,350,0,1.0,1,1,0.6526020569205013
1,61.050000000000004,61.050000000000004,1,94,0,1.0,1,1,0.5347715276709343
1,37.08,37.08,1,281,0,1.0,1,1,0.6193601769180351
1,878.28,878.28,3,195,0,1.0,1,1,0.8831231198397226
1,172.84,172.84,1,35,0,1.0,1,0,0.444652874812897
1,169.51999999999998,169.51999999999998,4,91,0,1.0,1,1,0.8349220112442094
1,203.06,203.06,1,32,0,1.0,1,0,0.44330758523587643
1,50.82,50.82,1,113,0,1.0,1,0,0.47653679833129237
1,2150.22,2150.22,1,104,0,1.0,1,1,0.9257102530290522
1,322.89,322.89,1,168,0,1.0,1,1,0.8713285472988688
1,75.17,75.17,1,185,0,1.0,1,1,0.6488237539015762
1,50.0,50.0,1,290,0,1.0,1,1,0.5024056800081846
1,40.089999999999996,40.089999999999996,1,166,0,1.0,1,1,0.6261419620891395
1,116.74,116.74,1,97,0,1.0,1,1,0.6276507151994366
1,160.23,160.23,1,213,0,1.0,1,1,0.5579772417410984
1,225.71,225.71,1,88,0,1.0,1,1,0.8272462936877373
1,125.68,125.68,1,190,0,1.0,1,1,0.5730538180372061
1,200.76,200.76,1,298,0,1.0,1,1,0.79902563392761
1,80.19,80.19,1,126,0,1.0,1,1,0.6478316286641908
1,231.18,231.18,1,308,0,1.0,1,1,0.8507906270462657
1,173.66000000000003,173.66000000000003,2,12,0,1.0,1,1,0.5795223987862909
1,103.55000000000001,103.55000000000001,1,225,0,1.0,1,1,0.6134766181012701
1,36.04,36.04,1,316,0,1.0,1,1,0.8591117671172313
1,65.53,65.53,1,95,0,1.0,1,1,0.5457457097875735
1,594.46,594.46,1,510,0,1.0,1,1,0.9832972954970319
1,36.099999999999994,36.099999999999994,1,160,0,1.0,1,1,0.5635681931339036
1,37.85,37.85,1,130,0,1.0,1,1,0.588035916875522
1,32.69,32.69,1,204,0,1.0,1,1,0.6931846823901606
1,1172.26,1172.26,1,229,0,1.0,1,1,0.9833103217081155
1,59.6,59.6,1,163,0,1.0,1,0,0.45680570460261566
1,160.42000000000002,160.42000000000002,1,399,0,1.0,1,1,0.6648522373138214
1,146.93,146.93,2,401,0,1.0,1,1,0.8078210435198034
1,61.879999999999995,61.879999999999995,1,26,0,1.0,1,1,0.5152540412388441
1,120.09,120.09,1,149,0,1.0,1,1,0.5652895018630453
1,126.86000000000001,126.86000000000001,1,341,0,1.0,1,1,0.6174172734536449
1,117.11999999999999,117.11999999999999,1,348,0,1.0,1,1,0.654460880733561
1,44.379999999999995,44.379999999999995,1,136,0,1.0,1,1,0.6607541333732421
1,120.47999999999999,120.47999999999999,1,181,0,1.0,1,1,0.5644702489441805
1,34.0,34.0,1,22,0,1.0,1,0,0.4192741387395963
1,28.08,28.08,1,278,0,1.0,1,1,0.6526169177280673
1,56.5,56.5,1,192,0,1.0,1,1,0.5065270570879508
1,108.31,108.31,1,121,0,1.0,1,1,0.5749400901793066
1,133.48000000000002,133.48000000000002,1,142,0,1.0,1,1,0.5633154014952838
1,163.65,163.65,1,112,0,1.0,1,1,0.5857156495528187
1,39.239999999999995,39.239999999999995,1,6,0,1.0,1,0,0.4798739121526676
1,55.239999999999995,55.239999999999995,1,1,0,1.0,1,1,0.7912895351618267
1,25.0,25.0,1,134,0,1.0,1,0,0.4695037271370176
1,76.07000000000001,76.07000000000001,1,386,0,1.0,1,1,0.7200784426187383
1,82.52000000000001,82.52000000000001,1,49,0,1.0,1,1,0.5563823151980813
1,106.77000000000001,106.77000000000001,1,16,0,1.0,1,1,0.5003691019557883
1,210.1,210.1,1,266,0,1.0,1,1,0.7126701507910899
1,83.86,83.86,1,127,0,1.0,1,1,0.6212176720835029
1,24.94,24.94,1,302,0,1.0,1,1,0.5488839678615289
1,80.67,80.67,1,50,0,1.0,1,1,0.5507933604702886
1,112.69,112.69,1,165,0,1.0,1,1,0.5476682624508434
1,113.15,113.15,1,11,0,1.0,1,0,0.4767455775807351
1,55.0,55.0,1,168,0,1.0,1,0,0.4851048726373879
2,362.1,181.05,4,1,0,2.0,1,0,0.4470919384260706
1,106.06,106.06,1,57,0,1.0,1,1,0.5724807668903018
1,46.1,46.1,1,76,0,1.0,1,1,0.5359551873043674
1,60.86,60.86,1,314,0,1.0,1,1,0.7698237873590608
1,93.13,93.13,1,88,0,1.0,1,1,0.6548913881850945
1,42.17,42.17,1,147,0,1.0,1,1,0.630104360833126
1,55.65,55.65,1,245,0,1.0,1,0,0.46653093588890887
1,81.97,81.97,1,385,0,1.0,1,1,0.7187864028516864
1,171.48,171.48,2,128,0,1.0,1,1,0.7294372677665868
1,40.089999999999996,40.089999999999996,1,88,0,1.0,1,1,0.5825152015394841
1,105.28,105.28,1,282,0,1.0,1,1,0.6216027317335587
1,195.51000000000002,195.51000000000002,1,31,0,1.0,1,0,0.2411606317352596
1,427.1,427.1,1,292,0,1.0,1,1,0.9653844687779007
1,49.17,49.17,2,41,0,1.0,1,1,0.5883298345966075
1,104.38,104.38,1,344,0,1.0,1,1,0.681074725470903
1,167.2,167.2,1,33,0,1.0,1,0,0.4436305981203039
1,30.0,30.0,1,105,0,1.0,1,1,0.6222343741883285
1,62.44,62.44,1,96,0,1.0,1,1,0.5303864962184872
2,244.29,122.145,2,311,0,2.0,1,1,0.9822487609479321
1,96.32,96.32,1,41,0,1.0,1,1,0.5527848307447215
1,69.73,69.73,1,15,0,1.0,1,0,0.45914738936322447
1,65.5,65.5,1,99,0,1.0,1,1,0.5227010227954427
1,116.44999999999999,116.44999999999999,1,85,0,1.0,1,1,0.6034579022935409
1,62.28,62.28,1,254,0,1.0,1,0,0.4836965453962913
1,382.79,382.79,1,96,0,1.0,1,1,0.7709048415158655
1,88.72,88.72,1,279,0,1.0,1,1,0.5638995853132635
1,83.03,83.03,1,400,0,1.0,1,1,0.731004679989164
1,107.94,107.94,1,57,0,1.0,1,1,0.5693635906536534
1,524.81,524.81,1,220,0,1.0,1,1,0.9410215890913476
1,42.78,42.78,1,336,0,1.0,1,1,0.7183601580700821
1,620.56,620.56,8,104,0,1.0,1,1,0.877967369087455
1,107.85000000000001,107.85000000000001,1,103,0,1.0,1,1,0.5751123540191556
1,44.730000000000004,44.730000000000004,1,112,0,1.0,1,1,0.6562167571322803
1,156.58,156.58,1,337,0,1.0,1,1,0.6002491254176786
1,178.27,178.27,1,255,0,1.0,1,1,0.6373510413898933
1,105.18,105.18,2,149,0,1.0,1,1,0.6185319050796939
1,126.02,126.02,2,202,0,1.0,1,1,0.6863518763558757
1,80.21,80.21,1,261,0,1.0,1,1,0.5264267965453524
1,275.48,275.48,1,287,0,1.0,1,1,0.8900232932369347
1,137.57999999999998,137.57999999999998,1,33,0,1.0,1,0,0.4649459379068059
1,109.02,109.02,2,127,0,1.0,1,1,0.6408923978091224
1,198.85999999999999,198.85999999999999,2,49,0,1.0,1,0,0.2412773373639169
1,145.99,145.99,1,25,0,1.0,1,1,0.5063505496739069
1,82.98,82.98,1,51,0,1.0,1,1,0.5556459399513612
1,62.44,62.44,1,94,0,1.0,1,1,0.5319772032186567
1,314.71,314.71,1,48,0,1.0,1,1,0.75596380534435
1,117.94,117.94,1,43,0,1.0,1,1,0.5093086927853311
1,76.08,76.08,1,8,0,1.0,1,0,0.4218542098768422
1,188.92000000000002,188.92000000000002,2,117,0,1.0,1,1,0.7476491511857759
1,71.13,71.13,1,253,0,1.0,1,1,0.5370653515487039
1,35.0,35.0,1,191,0,1.0,1,1,0.634401628479155
1,105.89,105.89,1,259,0,1.0,1,1,0.6173293785998352
1,415.54,415.54,1,102,0,1.0,1,1,0.7701612557263828
1,63.07,63.07,1,238,0,1.0,1,1,0.5353522109032712
1,130.26,130.26,1,171,0,1.0,1,1,0.5729082404679495
1,74.16,74.16,1,70,0,1.0,1,1,0.5912975961934278
1,62.17,62.17,1,235,0,1.0,0,1,0.5021840808609698
1,58.61,58.61,1,96,0,1.0,1,0,0.4871750811730261
1,39.25,39.25,1,266,0,1.0,1,1,0.6384036708102163
1,127.48,127.48,1,91,0,1.0,1,1,0.5980751258355752
1,223.86,223.86,3,176,0,1.0,1,1,0.7637095468753066
1,76.08,76.08,1,210,0,1.0,1,1,0.6507284268759942
1,248.35999999999999,248.35999999999999,1,64,0,1.0,1,1,0.6368422384728282
1,463.93,463.93,2,152,0,1.0,1,1,0.9013228592462971
1,112.39,112.39,1,16,0,1.0,1,1,0.5231676279760407
1,42.5,42.5,1,7,0,1.0,1,1,0.5898329285674826
1,254.22,254.22,1,90,0,1.0,1,1,0.7797551307068219
1,114.45,114.45,1,90,0,1.0,1,1,0.586077827816915
1,148.9,148.9,1,4,0,1.0,1,1,0.5786082709214043
1,334.98,334.98,1,150,0,1.0,1,1,0.8713285472988688
1,237.94,237.94,1,216,0,1.0,1,1,0.849050691087078
1,72.96000000000001,72.96000000000001,1,95,0,1.0,1,1,0.6545552897017205
1,95.21000000000001,95.21000000000001,1,292,0,1.0,1,1,0.5533434325676699
1,61.050000000000004,61.050000000000004,1,169,0,1.0,1,1,0.5314487486550228
1,174.77,174.77,1,91,0,1.0,1,1,0.6033825490222712
1,67.5,67.5,1,29,0,1.0,1,0,0.45814682755010383
1,601.9,601.9,1,56,0,1.0,1,1,0.9716627574363537
1,234.28,234.28,1,203,0,1.0,1,1,0.7090942554816013
1,29.27,29.27,1,217,0,1.0,1,1,0.6938064657857839
1,45.01,45.01,1,94,0,1.0,1,1,0.6059233524442622
1,63.269999999999996,63.269999999999996,1,16,0,1.0,1,1,0.5201296231618046
1,102.03,102.03,1,275,0,1.0,1,1,0.6273261965562137
1,319.9,319.9,1,139,0,1.0,1,1,0.8133656333301446
1,195.95,195.95,1,352,0,1.0,1,1,0.7323384429861889
1,62.040000000000006,62.040000000000006,3,14,0,1.0,1,1,0.727490890165126
1,33.989999999999995,33.989999999999995,1,63,0,1.0,1,0,0.45932612501410736
2,256.98,128.49,2,9,0,2.0,1,1,0.8228278763396375
1,58.019999999999996,58.019999999999996,1,127,0,1.0,1,0,0.4858421108099062
1,167.42000000000002,167.42000000000002,1,188,0,1.0,1,1,0.5825320314197973
2,348.6,174.3,2,51,302,0.006600660066006601,1,1,0.7287603150632388
1,274.73999999999995,274.73999999999995,1,99,0,1.0,1,1,0.6793108429870331
1,67.67999999999999,67.67999999999999,1,196,0,1.0,1,1,0.5721225401233713
1,188.38,188.38,1,352,0,1.0,1,1,0.7242899940146198
1,136.7,136.7,1,7,0,1.0,1,1,0.5097999723624833
1,33.97,33.97,1,315,0,1.0,1,1,0.8825772350825165
1,225.72,225.72,1,224,0,1.0,1,1,0.7976065108829247
1,190.67000000000002,190.67000000000002,1,117,0,1.0,1,1,0.7570652603910215
1,466.81,466.81,1,141,0,1.0,1,1,0.8572785359588696
1,455.96000000000004,455.96000000000004,2,309,0,1.0,1,1,0.9467648066245736
1,50.09,50.09,1,267,0,1.0,1,0,0.4768325118912994
1,194.01000000000002,194.01000000000002,1,167,0,1.0,1,1,0.751215089777628
1,232.03,232.03,1,20,0,1.0,1,0,0.4942698744501363
1,50.0,50.0,1,0,0,1.0,1,1,0.7716305358284585
2,116.9,58.45,2,266,0,2.0,1,1,0.8213673049948907
1,54.69,54.69,1,254,0,1.0,1,0,0.4568246177254327
1,48.0,48.0,1,210,0,1.0,1,1,0.5489864802643123
1,166.84,166.84,2,106,0,1.0,1,1,0.7285688802441771
1,346.38,346.38,1,330,0,1.0,1,1,0.8274176846935136
1,62.14,62.14,1,26,0,1.0,1,1,0.5152540412388441
1,71.82,71.82,1,279,0,1.0,1,0,0.40066325617872534
1,160.37,160.37,1,2,0,1.0,1,1,0.7318143949879388
1,105.30000000000001,105.30000000000001,1,27,0,1.0,1,0,0.473777001832868
1,162.25,162.25,1,96,0,1.0,1,1,0.6192844718874877
1,102.37,102.37,1,83,0,1.0,1,1,0.6034063644761841
1,92.80000000000001,92.80000000000001,1,30,0,1.0,1,1,0.5542762645178619
1,116.84,116.84,1,94,0,1.0,1,1,0.6260875020959199
1,94.80000000000001,94.80000000000001,1,95,0,1.0,1,1,0.6406116292635476
1,168.20000000000002,168.20000000000002,1,48,0,1.0,1,1,0.5347211734369872
1,64.0,64.0,1,93,0,1.0,1,1,0.5536515768102562
1,226.91000000000003,226.91000000000003,1,161,0,1.0,1,1,0.7406707101303237
1,133.46,133.46,1,219,0,1.0,1,1,0.5415236000835015
1,173.27,173.27,1,22,0,1.0,1,0,0.46817580837665645
1,208.03,208.03,1,110,0,1.0,1,1,0.7155346178377465
1,149.01999999999998,149.01999999999998,1,390,0,1.0,1,1,0.668575356750214
1,21.77,21.77,1,33,0,1.0,1,0,0.3908948928530925
1,120.71000000000001,120.71000000000001,1,239,0,1.0,1,1,0.5539273500822962
1,81.60000000000001,81.60000000000001,1,26,0,1.0,1,1,0.5096800759066609
1,140.49,140.49,1,83,0,1.0,1,1,0.5983455450914044
1,177.87,177.87,3,80,0,1.0,1,1,0.8122023799596617
1,97.58,97.58,2,143,0,1.0,1,1,0.6280098863522601
1,84.14,84.14,1,72,0,1.0,1,1,0.5499330827722485
1,96.02,96.02,1,64,0,1.0,1,1,0.5905380538321986
1,76.66,76.66,1,3,0,1.0,1,1,0.5664698090186455
1,61.800000000000004,61.800000000000004,1,172,0,1.0,1,1,0.5243753231075154
1,94.19,94.19,1,289,0,1.0,1,1,0.5136456235517883
1,61.79,61.79,1,282,0,1.0,1,0,0.48066440046173853
1,174.36,174.36,2,166,0,1.0,1,1,0.6870400706149902
1,1055.92,1055.92,1,296,0,1.0,1,1,0.9866290784735372
1,116.17,116.17,1,512,0,1.0,1,1,0.7459476913728348
1,50.0,50.0,1,85,0,1.0,1,0,0.46828506698368916
1,167.72,167.72,1,93,0,1.0,1,1,0.6091886697408956
1,126.0,126.0,1,189,0,1.0,1,1,0.5730538180372061
1,39.379999999999995,39.379999999999995,1,70,0,1.0,1,0,0.47412430350646834
1,128.07999999999998,128.07999999999998,1,31,0,1.0,1,0,0.42161245926925833
1,204.54000000000002,204.54000000000002,1,175,0,1.0,1,1,0.7310926483206324
1,70.53,70.53,1,55,0,1.0,1,0,0.48698812964996646
1,185.85,185.85,1,81,0,1.0,1,1,0.797808937951667
1,1173.84,1173.84,1,48,0,1.0,1,1,0.9952679388230575
1,159.6,159.6,2,185,0,1.0,1,1,0.701381620287848
1,77.96000000000001,77.96000000000001,1,237,0,1.0,1,0,0.49886303669809434
2,293.36,146.68,4,147,29,0.06666666666666667,1,0,0.4484475421152608
1,72.48,72.48,1,316,0,1.0,1,1,0.8552100725999975
1,86.78,86.78,1,387,0,1.0,1,1,0.714148798861455
1,163.32999999999998,163.32999999999998,1,86,0,1.0,1,1,0.6092129111349028
1,188.94,188.94,1,12,0,1.0,1,0,0.2942996029930031
1,140.24,140.24,2,219,0,1.0,1,1,0.667656034323641
1,69.03,69.03,1,219,0,1.0,1,1,0.6015811985660258
1,50.86,50.86,1,315,0,1.0,1,1,0.7928235913058346
1,346.6,346.6,1,343,0,1.0,1,1,0.8392196799045267
1,65.61,65.61,1,0,0,1.0,1,1,0.7808452992990809
1,147.99,147.99,1,397,0,1.0,1,1,0.668575356750214
1,544.9,544.9,1,156,0,1.0,1,1,0.8657347630147618
1,65.0,65.0,1,35,0,1.0,1,1,0.5068452471228487
1,76.02,76.02,1,106,0,1.0,1,1,0.6405866863779068
1,44.589999999999996,44.589999999999996,1,222,0,1.0,1,1,0.7496307552154026
1,94.39999999999999,94.39999999999999,1,66,0,1.0,1,1,0.6278375475330725
1,172.87,172.87,1,198,0,1.0,1,1,0.55883573561288
1,206.76,206.76,1,94,0,1.0,1,1,0.7715279739675127
1,137.07,137.07,1,199,0,1.0,1,1,0.5769525589184509
1,162.75,162.75,1,131,0,1.0,1,1,0.5848972625368584
1,327.9,327.9,1,395,0,1.0,1,1,0.8768255716611513
1,68.62,68.62,1,363,0,1.0,1,1,0.6955574783230534
1,27.77,27.77,1,17,0,1.0,1,1,0.5263230375632331
1,147.34,147.34,1,155,0,1.0,1,1,0.5883377322631587
1,176.32999999999998,176.32999999999998,1,12,0,1.0,1,1,0.6043528363298797
1,34.839999999999996,34.839999999999996,1,157,0,1.0,1,1,0.5959927503540303
1,112.71000000000001,112.71000000000001,1,97,0,1.0,1,1,0.5674312959663691
1,74.03,74.03,1,142,0,1.0,1,1,0.6521879259607164
1,179.3,179.3,1,308,0,1.0,1,1,0.7836403965706497
1,218.71,218.71,1,161,0,1.0,1,1,0.7391849564085451
1,116.13,116.13,1,7,0,1.0,1,0,0.49158509535776346
1,92.28999999999999,92.28999999999999,1,46,0,1.0,1,1,0.569395219970852
1,54.07,54.07,1,111,0,1.0,1,0,0.478212474006968
1,75.19,75.19,1,289,0,1.0,1,1,0.5224319013298201
1,70.17999999999999,70.17999999999999,2,64,0,1.0,1,1,0.7094851647639845
1,233.88,233.88,2,162,0,1.0,1,1,0.625322022526041
1,46.79,46.79,1,94,0,1.0,1,1,0.5314286529389605
1,79.87,79.87,1,229,0,1.0,1,1,0.6280253518673719
1,71.78999999999999,71.78999999999999,1,188,0,1.0,1,1,0.6233785062482128
1,1966.91,1966.91,1,343,0,1.0,1,1,0.9889679276219798
1,38.59,38.59,1,222,0,1.0,1,1,0.70687402947969
1,639.98,639.98,1,76,0,1.0,1,1,0.954340810432232
1,168.33,168.33,1,46,0,1.0,1,0,0.49284437107139384
1,80.10000000000001,80.10000000000001,1,225,0,1.0,1,1,0.6280253518673719
1,169.23000000000002,169.23000000000002,1,512,0,1.0,1,1,0.71682665832141
1,73.34,73.34,1,132,0,1.0,1,1,0.6489124885747973
1,183.29000000000002,183.29000000000002,1,171,0,1.0,1,1,0.6091254709557951
1,183.17999999999998,183.17999999999998,1,134,0,1.0,1,1,0.6143323317956637
1,241.21,241.21,1,309,0,1.0,1,1,0.7936866471429433
1,40.1,40.1,1,219,0,1.0,1,1,0.7088812204741515
2,151.92000000000002,75.96000000000001,3,1,186,0.0106951871657754,1,1,0.5322615454881294
1,234.95,234.95,1,310,0,1.0,1,1,0.8082843620297532
1,491.36,491.36,1,399,0,1.0,1,1,0.9718294057164204
1,55.089999999999996,55.089999999999996,1,155,0,1.0,1,0,0.4867453816229048
1,81.99000000000001,81.99000000000001,1,156,0,1.0,1,1,0.6489680728215772
1,97.62,97.62,1,36,0,1.0,1,1,0.5362096455591732
1,341.08000000000004,341.08000000000004,1,102,0,1.0,1,1,0.6662694862864528
1,159.76000000000002,159.76000000000002,1,146,0,1.0,1,1,0.5785590455054048
1,97.87,97.87,1,159,0,1.0,1,1,0.5551082200366931
1,82.77,82.77,3,48,0,1.0,1,1,0.652229155069636
2,101.43,50.715,2,134,0,2.0,1,1,0.8428586775701757
1,137.99,137.99,1,86,0,1.0,1,1,0.598720055390116
1,91.67,91.67,1,46,0,1.0,1,1,0.569395219970852
1,51.089999999999996,51.089999999999996,1,125,0,1.0,1,0,0.47469806983902063
1,47.72,47.72,1,356,0,1.0,1,1,0.655536383982164
1,201.04,201.04,1,254,0,1.0,1,1,0.8039393591137936
1,26.689999999999998,26.689999999999998,1,92,0,1.0,1,0,0.4298677946246472
1,317.37,317.37,1,398,0,1.0,1,1,0.8768255716611513
1,44.69,44.69,1,184,0,1.0,1,1,0.7037415691785349
1,127.11000000000001,127.11000000000001,1,157,0,1.0,1,1,0.5696427243392285
1,62.01,62.01,1,251,0,1.0,1,0,0.45183977202379777
1,21.75,21.75,1,106,0,1.0,1,1,0.5380362261226176
1,138.89000000000001,138.89000000000001,1,122,0,1.0,1,1,0.5727368357704169
1,82.2,82.2,2,86,0,1.0,1,1,0.5984418485940431
1,76.45,76.45,1,70,0,1.0,1,1,0.5820786051102896
1,34.42,34.42,1,380,0,1.0,1,1,0.7732045362039799
1,175.85,175.85,1,384,0,1.0,1,1,0.6147585989724929
1,118.98,118.98,1,25,0,1.0,1,1,0.5357159733284017
1,224.98,224.98,1,159,0,1.0,1,1,0.7435267673903225
1,81.72,81.72,2,359,0,1.0,1,1,0.7834732853937728
1,90.88000000000001,90.88000000000001,1,47,0,1.0,1,1,0.5680583422816067
1,37.839999999999996,37.839999999999996,1,6,0,1.0,1,0,0.4798739121526676
1,85.54,85.54,1,90,0,1.0,1,1,0.6287032671764653
1,219.63,219.63,1,287,0,1.0,1,1,0.8084967146410472
1,33.239999999999995,33.239999999999995,1,190,0,1.0,1,1,0.6787560865136486
1,114.84,114.84,1,17,0,1.0,1,1,0.5373776696665864
1,31.38,31.38,1,28,0,1.0,1,0,0.26941481996028344
1,150.6,150.6,6,136,0,1.0,1,1,0.8081655751205645
1,626.28,626.28,2,0,0,1.0,1,1,0.8807349972668448
1,101.14,101.14,1,359,0,1.0,1,1,0.6468961014153366
1,32.23,32.23,1,87,0,1.0,1,1,0.5973354596059341
1,173.27,173.27,1,33,0,1.0,1,0,0.4454503120676485
1,165.46,165.46,2,199,0,1.0,1,1,0.7030335747164241
1,163.97,163.97,1,145,0,1.0,1,1,0.5700423618020829
1,101.13000000000001,101.13000000000001,1,332,0,1.0,1,1,0.6191010846711448
1,56.129999999999995,56.129999999999995,1,154,0,1.0,1,0,0.49492735129422205
1,23.6,23.6,1,111,0,1.0,1,1,0.5536197308485514
1,66.78,66.78,1,196,0,1.0,1,1,0.5331170207939638
1,176.65,176.65,1,254,0,1.0,1,1,0.6295740893665589
1,60.11,60.11,1,39,0,1.0,1,0,0.47424989026419817
1,96.8,96.8,1,79,0,1.0,1,1,0.5710652654998861
1,146.3,146.3,2,98,0,1.0,1,1,0.760060588232155
1,105.03,105.03,1,186,0,1.0,1,1,0.60996019005381
1,266.5,266.5,1,83,0,1.0,1,1,0.8169463292138571
1,128.26,128.26,1,121,0,1.0,1,1,0.5823930832858776
1,255.42000000000002,255.42000000000002,1,285,0,1.0,1,1,0.8559578469917805
1,301.16,301.16,1,321,0,1.0,1,1,0.8078017038311254
1,171.84,171.84,1,263,0,1.0,1,1,0.6366727627347195
1,64.1,64.1,1,95,0,1.0,1,1,0.5230386976118229
1,248.85000000000002,248.85000000000002,1,94,0,1.0,1,1,0.7748485622770928
1,50.2,50.2,2,223,0,1.0,1,1,0.7160348845911956
1,148.12,148.12,1,156,0,1.0,1,1,0.5883377322631587
1,156.02,156.02,2,120,0,1.0,1,1,0.7347497770466035
1,155.14,155.14,2,126,0,1.0,1,1,0.733600934881662
1,167.49,167.49,1,24,0,1.0,1,0,0.4790428285333552
1,109.86,109.86,1,13,0,1.0,1,1,0.5056863946680713
1,46.480000000000004,46.480000000000004,1,148,0,1.0,1,1,0.5424824318740625
1,323.54,323.54,1,35,0,1.0,1,1,0.5978643684029109
1,71.63,71.63,1,146,0,1.0,1,1,0.6139364933831822
1,145.56,145.56,1,49,0,1.0,1,1,0.5526708692516562
1,56.69,56.69,1,96,0,1.0,1,0,0.4850463854534875
1,201.07999999999998,201.07999999999998,2,29,0,1.0,1,0,0.44259332620728886
1,147.52,147.52,1,18,0,1.0,1,1,0.5088812145576244
1,29.91,29.91,1,324,0,1.0,1,1,0.8722660742204627
1,107.89999999999999,107.89999999999999,1,156,0,1.0,1,1,0.5696049155020716
3,735.72,245.24,3,186,10,0.2727272727272727,1,1,0.6596056826819495
1,52.589999999999996,52.589999999999996,1,62,0,1.0,1,1,0.547509630158709
1,636.74,636.74,1,213,0,1.0,1,1,0.9676595673465737
1,81.21,81.21,1,91,0,1.0,1,1,0.6486567126168733
1,51.84,51.84,1,39,0,1.0,1,0,0.4944103621034003
1,35.0,35.0,1,8,0,1.0,1,0,0.47294239469116744
1,103.55000000000001,103.55000000000001,1,160,0,1.0,1,1,0.604754537154713
1,31.38,31.38,1,43,0,1.0,1,0,0.2820125690815919
1,416.49,416.49,1,390,0,1.0,1,1,0.9718294057164204
1,131.94,131.94,1,101,0,1.0,1,1,0.580983630064024
1,299.24,299.24,1,34,0,1.0,1,1,0.5757103447206804
1,43.86,43.86,1,303,0,1.0,1,1,0.6994998811053861
1,117.26,117.26,1,54,0,1.0,1,1,0.5407586271126168
1,29.38,29.38,1,248,0,1.0,1,1,0.6506196571608811
1,21.77,21.77,1,129,0,1.0,1,0,0.4829224465087742
1,180.94,180.94,1,115,0,1.0,1,1,0.6127835211392678
1,64.82,64.82,1,314,0,1.0,1,1,0.8263226621899313
1,116.47999999999999,116.47999999999999,2,68,0,1.0,1,1,0.661034193477322
1,159.3,159.3,1,54,0,1.0,1,1,0.5092193221848584
1,39.6,39.6,1,96,0,1.0,1,1,0.6059444742240635
1,75.65,75.65,1,206,0,1.0,1,1,0.6521150016150536
1,105.28,105.28,1,249,0,1.0,1,1,0.57982343105964
1,86.64,86.64,1,76,0,1.0,1,1,0.6441981655901217
1,73.83,73.83,1,128,0,1.0,1,1,0.6558536175617868
1,438.45,438.45,1,110,0,1.0,1,1,0.7650893082046443
1,24.09,24.09,1,51,0,1.0,1,0,0.4599908703181979
1,221.18,221.18,1,24,0,1.0,1,0,0.41964420830484267
1,110.08,110.08,1,347,0,1.0,1,1,0.6596706317945542
1,82.78,82.78,1,33,0,1.0,1,1,0.5118499568518123
1,51.69,51.69,1,169,0,1.0,1,0,0.48374182461050197
1,216.73999999999998,216.73999999999998,2,77,0,1.0,1,1,0.8249518640738799
1,82.22,82.22,1,115,0,1.0,1,1,0.6503197093095097
1,115.94,115.94,1,133,0,1.0,1,1,0.6068609988240815
1,129.91,129.91,1,37,0,1.0,1,0,0.4548795538113693
2,752.68,376.34,3,294,0,2.0,0,1,0.943775369670933
1,167.6,167.6,1,92,0,1.0,1,1,0.6142698533015895
1,35.0,35.0,1,2,0,1.0,1,1,0.8418155146213953
1,55.69,55.69,1,47,0,1.0,1,0,0.48199561757961057
1,333.51,333.51,1,162,0,1.0,1,1,0.8713285472988688
1,60.92,60.92,2,349,0,1.0,1,1,0.8329288180684429
1,379.66999999999996,379.66999999999996,1,269,0,1.0,1,1,0.938239990862832
1,106.95,106.95,1,292,0,1.0,1,1,0.5966750827266311
1,40.0,40.0,1,49,0,1.0,1,0,0.4592900373515804
1,33.42,33.42,1,321,0,1.0,1,1,0.8870835136779899
1,136.04,136.04,1,347,0,1.0,1,1,0.6049058200997869
1,161.8,161.8,1,50,0,1.0,1,1,0.5353137297580141
1,108.21000000000001,108.21000000000001,1,340,0,1.0,1,1,0.6591305215657131
1,103.11000000000001,103.11000000000001,1,368,0,1.0,1,1,0.683803500422965
1,423.98,423.98,1,77,0,1.0,1,1,0.9180655800021278
1,231.27,231.27,1,211,0,1.0,1,1,0.7959610996136849
1,157.28,157.28,1,111,0,1.0,1,1,0.591693079170821
1,29.77,29.77,1,154,0,1.0,1,1,0.6101030346350156
1,56.49,56.49,1,150,0,1.0,1,0,0.49492735129422205
1,109.31,109.31,1,286,0,1.0,1,1,0.5881999434483545
1,1775.26,1775.26,1,75,0,1.0,1,1,0.9877432627118715
1,30.0,30.0,1,33,0,1.0,1,0,0.344029260462985
1,103.27000000000001,103.27000000000001,1,2,0,1.0,1,1,0.7954152104467763
1,58.01,58.01,1,107,0,1.0,1,0,0.4872330755252053
1,137.24,137.24,1,53,0,1.0,1,1,0.5469214928168754
1,45.25,45.25,1,6,0,1.0,1,1,0.5633581367727553
1,105.99,105.99,1,7,0,1.0,1,0,0.39861551438059273
1,38.05,38.05,1,10,0,1.0,1,1,0.5144465905744685
1,80.56,80.56,1,19,0,1.0,1,1,0.514933116400811
1,25.5,25.5,1,25,0,1.0,1,0,0.3938471291143226
1,157.66,157.66,1,78,0,1.0,1,1,0.6144669682283321
2,255.84000000000003,127.92000000000002,2,244,10,0.18181818181818182,1,1,0.6401688445078049
1,35.0,35.0,1,261,0,1.0,1,1,0.597320715003386
2,781.19,390.595,4,196,0,2.0,1,1,0.9595863560589908
1,35.42,35.42,1,361,0,1.0,1,1,0.769705469691354
1,322.79999999999995,322.79999999999995,1,107,0,1.0,1,1,0.6508777590238486
1,203.67000000000002,203.67000000000002,1,65,0,1.0,1,1,0.5850631945680999
1,28.75,28.75,1,29,0,1.0,1,1,0.5257681561269208
1,147.15,147.15,1,272,0,1.0,1,1,0.5742012002892074
1,63.269999999999996,63.269999999999996,1,17,0,1.0,1,1,0.51832634447328
1,52.53,52.53,1,186,0,1.0,1,0,0.4963389884089601
1,52.230000000000004,52.230000000000004,1,96,0,1.0,1,0,0.4783515722502512
1,228.62,228.62,1,132,0,1.0,1,1,0.7590534566065263
1,409.29,409.29,1,79,0,1.0,1,1,0.9153938894887494
1,370.72,370.72,1,399,0,1.0,1,1,0.9443210723285578
1,74.65,74.65,1,163,0,1.0,1,1,0.6508946179982334
1,159.3,159.3,1,203,0,1.0,1,1,0.588181627509263
1,126.18,126.18,2,316,0,1.0,1,1,0.8587157879082702
1,42.269999999999996,42.269999999999996,1,53,0,1.0,1,1,0.5991288980170146
1,75.53999999999999,75.53999999999999,2,289,0,1.0,1,1,0.6540863528692656
1,61.01,61.01,1,39,0,1.0,1,1,0.5175246595120416
1,319.11,319.11,1,29,0,1.0,1,1,0.5885577644334671
1,53.95,53.95,1,361,0,1.0,1,1,0.6468206526394594
1,114.74,114.74,1,84,0,1.0,1,1,0.5746144671763562
1,749.64,749.64,4,96,0,1.0,1,1,0.6787030195598713
1,63.599999999999994,63.599999999999994,1,109,0,1.0,1,1,0.5327154633687323
1,43.0,43.0,1,2,0,1.0,1,1,0.8192259738133675
1,88.03,88.03,1,176,0,1.0,1,1,0.6374075756076905
1,105.16,105.16,1,76,0,1.0,1,1,0.6044603763933744
1,22.68,22.68,1,96,0,1.0,1,1,0.529190780134395
1,64.1,64.1,1,23,0,1.0,1,0,0.4806706748319875
1,38.089999999999996,38.089999999999996,1,147,0,1.0,1,1,0.5764332141853745
1,252.46,252.46,2,43,0,1.0,1,1,0.6890804692255736
1,76.98,76.98,1,26,0,1.0,1,0,0.49499538262517556
1,264.03999999999996,264.03999999999996,4,51,0,1.0,1,1,0.7121617764978837
1,831.89,831.89,1,38,0,1.0,1,1,0.9915885197361667
1,1826.07,1826.07,1,364,0,1.0,1,1,0.9889679276219798
1,660.46,660.46,2,143,0,1.0,1,0,0.3208396167940639
1,27.75,27.75,1,91,0,1.0,1,1,0.6372755521850912
1,702.1800000000001,702.1800000000001,3,53,0,1.0,1,1,0.9178251102536187
1,73.15,73.15,1,37,0,1.0,1,1,0.5406725789767852
1,166.81,166.81,1,227,0,1.0,1,1,0.5658508319934967
1,67.67999999999999,67.67999999999999,1,94,0,1.0,1,1,0.5586619489688653
1,139.04,139.04,2,105,0,1.0,1,1,0.7152927605331488
1,114.77000000000001,114.77000000000001,1,398,0,1.0,1,1,0.7001813531889222
1,114.78999999999999,114.78999999999999,1,342,0,1.0,1,1,0.6539090043538701
1,124.53,124.53,1,133,0,1.0,1,1,0.572201028359612
1,76.62,76.62,1,92,0,1.0,1,1,0.6448869669826881
1,35.86,35.86,1,314,0,1.0,1,1,0.8591117671172313
1,36.72,36.72,1,101,0,1.0,1,1,0.5727215755154961
1,114.83,114.83,1,192,0,1.0,1,1,0.6081409525120367
1,84.27,84.27,1,141,0,1.0,1,1,0.6128791385109698
1,45.089999999999996,45.089999999999996,1,48,0,1.0,1,1,0.5601231345807771
1,213.58,213.58,1,39,0,1.0,1,1,0.529304378531927
1,28.75,28.75,1,48,0,1.0,1,1,0.5689773828476318
1,153.09,153.09,1,40,0,1.0,1,0,0.45538263936816303
1,100.0,100.0,2,91,0,1.0,1,1,0.640713774216994
1,73.16,73.16,1,42,0,1.0,1,1,0.531932849250425
1,43.089999999999996,43.089999999999996,1,91,0,1.0,1,1,0.6066618974616452
1,136.08,136.08,2,205,0,1.0,1,1,0.6883805163838594
1,51.79,51.79,1,5,0,1.0,1,1,0.5751142148978081
1,62.69,62.69,1,85,0,1.0,1,1,0.5448115534326541
1,175.78,175.78,1,95,0,1.0,1,1,0.6105012186544436
1,42.78,42.78,1,150,0,1.0,1,1,0.639778849730346
1,105.03999999999999,105.03999999999999,1,299,0,1.0,1,1,0.5886768630735206
1,61.77,61.77,1,92,0,1.0,1,1,0.5319772032186567
2,218.85000000000002,109.42500000000001,2,39,6,0.2857142857142857,0,1,0.7082091325705953
1,56.78,56.78,1,260,0,1.0,1,0,0.4900311191019791
1,131.47,131.47,1,158,0,1.0,1,1,0.578573805414978
1,41.839999999999996,41.839999999999996,1,22,0,1.0,1,1,0.6078642616452825
1,80.25,80.25,1,507,0,1.0,1,1,0.7396048478644293
1,45.089999999999996,45.089999999999996,1,11,0,1.0,1,1,0.5646647540019291
1,328.24,328.24,1,100,0,1.0,1,1,0.6687553878643311
1,44.58,44.58,1,24,0,1.0,1,1,0.561821146432414
1,105.08,105.08,1,50,0,1.0,1,1,0.5466734280513526
1,144.4,144.4,1,179,0,1.0,1,1,0.5860925953150381
1,72.93,72.93,1,66,0,1.0,1,1,0.5981845833493113
2,93.0,46.5,3,114,73,0.02702702702702703,1,0,0.4521217614504535
1,39.75,39.75,1,323,0,1.0,1,1,0.8628194487680112
1,71.72,71.72,1,284,0,1.0,1,0,0.4594646266683945
1,38.01,38.01,1,7,0,1.0,1,0,0.4795462768250323
1,26.77,26.77,1,265,0,1.0,1,1,0.5266184422815332
1,77.6,77.6,1,227,0,1.0,1,1,0.623941262522073
1,305.27,305.27,1,79,0,1.0,1,1,0.809276762576188
1,55.61,55.61,1,88,0,1.0,1,0,0.47108123265861945
1,267.27000000000004,267.27000000000004,2,211,0,1.0,1,1,0.8353205444391636
1,217.55,217.55,1,155,0,1.0,1,1,0.742041013668544
1,208.55,208.55,1,210,0,1.0,1,1,0.6918643418126356
1,592.16,592.16,2,20,0,1.0,1,1,0.9553131500664991
1,126.33,126.33,1,0,0,1.0,1,1,0.6096858296803696
1,145.74,145.74,2,218,0,1.0,1,1,0.6794245824301218
1,63.730000000000004,63.730000000000004,1,175,0,1.0,1,1,0.5543556763913849
1,134.59,134.59,1,298,0,1.0,1,1,0.5553927115388301
1,159.02,159.02,1,91,0,1.0,1,1,0.620803182765098
1,45.86,45.86,1,349,0,1.0,1,1,0.6604178689665767
1,52.27,52.27,1,238,0,1.0,1,1,0.5066944662923154
1,23.78,23.78,1,8,0,1.0,1,1,0.5519025476884248
1,230.01,230.01,1,185,0,1.0,1,1,0.7316375880778235
1,134.64,134.64,1,19,0,1.0,1,1,0.5073599156749427
1,143.12,143.12,1,218,0,1.0,1,1,0.5617124517533718
1,138.6,138.6,1,12,0,1.0,1,0,0.4673069896072125
1,186.43,186.43,1,380,0,1.0,1,1,0.7369166538533319
1,541.96,541.96,2,118,0,1.0,1,1,0.7155017967433625
1,102.87,102.87,1,65,0,1.0,1,1,0.592118606861986
1,33.989999999999995,33.989999999999995,1,107,0,1.0,1,1,0.6111506992314897
1,367.9,367.9,1,394,0,1.0,1,1,0.866926045040893
1,284.49,284.49,1,180,0,1.0,1,1,0.8437355774968388
1,179.32,179.32,1,92,0,1.0,1,1,0.6726396193057063
1,166.96,166.96,1,8,0,1.0,1,0,0.47487497805988843
1,52.82,52.82,1,93,0,1.0,1,0,0.47893675646870376
1,50.25,50.25,1,278,0,1.0,1,0,0.4987078162686075
1,181.55,181.55,1,149,0,1.0,1,1,0.6086156651693465
1,302.91,302.91,1,257,0,1.0,1,1,0.8862976416609702
1,499.4,499.4,2,82,0,1.0,1,1,0.9293078482748128
1,114.44,114.44,1,85,0,1.0,1,1,0.5746144671763562
1,91.92999999999999,91.92999999999999,1,31,0,1.0,1,1,0.5666323613355886
1,87.99,87.99,1,396,0,1.0,1,1,0.7357098664257429
1,185.34,185.34,2,179,0,1.0,1,1,0.7377582222780279
1,81.11000000000001,81.11000000000001,1,276,0,1.0,1,1,0.5288046897165892
1,130.56,130.56,1,251,0,1.0,0,1,0.5649572827364693
1,25.42,25.42,1,380,0,1.0,1,1,0.6880414220899939
1,72.93,72.93,1,73,0,1.0,1,1,0.5681448441778517
1,68.04,68.04,1,193,0,1.0,1,1,0.6709650109726264
1,110.85000000000001,110.85000000000001,1,393,0,1.0,1,1,0.7023224040032277
1,142.01,142.01,1,260,0,1.0,1,1,0.5785755334424357
1,406.67,406.67,1,6,0,1.0,1,1,0.8015383527504674
1,169.64000000000001,169.64000000000001,1,97,0,1.0,1,1,0.6283442990784197
1,387.27,387.27,3,112,0,1.0,1,1,0.7264614522499994
1,210.6,210.6,1,47,0,1.0,1,1,0.6156837819824053
1,72.43,72.43,1,86,0,1.0,1,1,0.5800298508172289
1,114.83000000000001,114.83000000000001,1,138,0,1.0,1,1,0.590115586263782
1,430.04,430.04,2,30,0,1.0,1,1,0.8562816716315863
1,40.5,40.5,1,297,0,1.0,1,1,0.6313367899526079
1,151.70000000000002,151.70000000000002,1,29,0,1.0,0,0,0.4407596403238319
1,77.83999999999999,77.83999999999999,1,370,0,1.0,1,1,0.7316998630224113
1,162.84,162.84,1,192,0,1.0,1,1,0.5862313442422682
1,62.05,62.05,1,34,0,1.0,1,1,0.5094488329546978
1,58.09,58.09,1,169,0,1.0,1,0,0.49582700822030207
1,139.0,139.0,1,135,0,1.0,1,1,0.5727368357704169
1,126.53999999999999,126.53999999999999,1,99,0,1.0,1,1,0.5819783352539245
1,100.33999999999999,100.33999999999999,1,73,0,1.0,1,1,0.5278570158948712
1,213.7,213.7,1,105,0,1.0,1,1,0.6563220607079395
1,152.04,152.04,2,78,0,1.0,1,1,0.7402182711696575
2,514.49,257.245,3,202,61,0.03225806451612903,1,1,0.6692259939152873
1,138.06,138.06,1,361,0,1.0,1,1,0.6118849547120813
1,118.17,118.17,1,4,0,1.0,1,1,0.5841998071402053
1,43.58,43.58,1,115,0,1.0,1,1,0.6546829880690995
1,444.92,444.92,1,112,0,1.0,1,1,0.779830431216345
1,32.0,32.0,1,29,0,1.0,1,0,0.4403647912636951
1,52.1,52.1,1,43,0,1.0,1,0,0.48653819480421334
1,48.86,48.86,1,345,0,1.0,1,1,0.6643169768934426
1,133.57999999999998,133.57999999999998,1,268,0,1.0,1,1,0.5988792724728669
1,48.69,48.69,1,256,0,1.0,1,0,0.4954041796633108
1,104.37,104.37,1,294,0,1.0,1,1,0.6058542763510338
1,87.13000000000001,87.13000000000001,1,387,0,1.0,1,1,0.714148798861455
1,246.26,246.26,1,206,0,1.0,1,1,0.801745730895284
1,437.75,437.75,5,14,0,1.0,1,1,0.9328419322682769
1,34.53,34.53,1,205,0,1.0,1,1,0.686644413269426
1,104.76,104.76,1,47,0,1.0,1,1,0.5227978205911873
1,218.67000000000002,218.67000000000002,1,386,0,1.0,1,1,0.8097928855052562
1,45.01,45.01,1,212,0,1.0,1,1,0.7196181565097513
1,65.09,65.09,1,191,0,1.0,1,1,0.5401765504695554
1,78.2,78.2,1,335,0,1.0,1,1,0.7140589783755725
1,211.03,211.03,1,181,0,1.0,1,1,0.5956231618762836
1,60.96,60.96,1,348,0,1.0,1,1,0.6620927798582725
1,288.66,288.66,1,134,0,1.0,1,1,0.7938461140131025
1,96.71000000000001,96.71000000000001,1,251,0,1.0,1,0,0.48574243699560327
1,66.0,66.0,1,242,0,1.0,1,1,0.5150522416803456
1,138.6,138.6,1,19,0,1.0,1,1,0.5088812145576244
1,57.61,57.61,1,240,0,1.0,1,1,0.5044637763885522
2,321.98,160.99,3,345,0,2.0,1,1,0.9832605802652783
1,91.97,91.97,1,157,0,1.0,1,1,0.6646338905371026
1,150.44,150.44,1,85,0,1.0,1,1,0.6147194998261263
1,66.1,66.1,1,14,0,1.0,1,1,0.512618150756144
1,85.75999999999999,85.75999999999999,1,45,0,1.0,1,1,0.5593070057108307
1,64.1,64.1,1,213,0,1.0,1,1,0.5264536779455717
1,35.0,35.0,1,173,0,1.0,1,1,0.5587215620459253
1,39.42,39.42,1,383,0,1.0,1,1,0.7435477770190253
1,39.75,39.75,1,201,0,1.0,1,1,0.68882111783963
1,43.79,43.79,1,321,0,1.0,1,1,0.8719321455684604
1,245.98000000000002,245.98000000000002,1,108,0,1.0,1,1,0.7595084839113032
1,121.34,121.34,1,392,0,1.0,1,1,0.6837599959703629
1,72.96,72.96,1,91,0,1.0,1,1,0.6479060804141147
1,62.589999999999996,62.589999999999996,1,183,0,1.0,1,1,0.5595094778525173
1,75.07,75.07,1,214,0,1.0,1,1,0.6201505142171809
1,73.34,73.34,1,147,0,1.0,1,1,0.6440023809932263
1,57.09,57.09,1,284,0,1.0,1,1,0.504468579158919
1,107.78,107.78,1,184,0,1.0,1,1,0.5819110867579503
1,38.12,38.12,1,222,0,1.0,1,1,0.70687402947969
1,335.91,335.91,1,80,0,1.0,1,1,0.832409908774325
1,86.67,86.67,1,129,0,1.0,1,1,0.646732366267892
1,203.34,203.34,1,55,0,1.0,1,1,0.5779649774733016
1,126.53999999999999,126.53999999999999,2,25,0,1.0,1,1,0.5146303630456379
1,238.69,238.69,1,80,0,1.0,1,1,0.834199146302614
1,179.70000000000002,179.70000000000002,1,349,0,1.0,1,1,0.6462303928325287
2,110.85,55.425,2,126,0,2.0,1,1,0.8401859657781471
1,40.17,40.17,1,79,0,1.0,1,1,0.5846047099895276
1,71.82,71.82,1,232,0,1.0,1,0,0.38332681142164754
1,148.15,148.15,1,286,0,1.0,1,1,0.5379605533163122
1,81.13999999999999,81.13999999999999,1,312,0,1.0,1,1,0.8452682665157631
1,97.03999999999999,97.03999999999999,1,174,0,1.0,1,1,0.5650408898299487
1,158.71,158.71,1,213,0,1.0,1,1,0.5579772417410984
1,21.43,21.43,1,95,0,1.0,1,1,0.5302797169097702
1,94.12,94.12,1,25,0,1.0,1,1,0.5662927799844913
1,218.04000000000002,218.04000000000002,1,389,0,1.0,1,1,0.8356921824707986
1,36.72,36.72,1,246,0,1.0,1,1,0.646625327811447
1,167.69,167.69,1,376,0,1.0,1,1,0.6028214095174633
1,83.71000000000001,83.71000000000001,1,202,0,1.0,1,1,0.628648506722297
1,312.49,312.49,1,96,0,1.0,1,1,0.6810193540657384
1,151.26,151.26,1,389,0,1.0,1,1,0.6648522373138214
1,98.78999999999999,98.78999999999999,1,214,0,1.0,1,1,0.5380330174627794
1,40.7,40.7,1,302,0,1.0,1,1,0.6572679898602434
1,170.71,170.71,1,33,0,1.0,1,0,0.4454503120676485
1,365.99,365.99,1,86,0,1.0,1,1,0.80300277458639
1,176.36,176.36,1,267,0,1.0,1,1,0.6354721695361353
1,565.25,565.25,1,221,0,1.0,1,1,0.9684783221705745
1,37.68,37.68,1,31,0,1.0,1,0,0.39634767509560154
1,182.91000000000003,182.91000000000003,1,304,0,1.0,1,1,0.7836403965706497
1,333.34000000000003,333.34000000000003,2,6,0,1.0,1,1,0.7226707001334791
1,69.14,69.14,1,88,0,1.0,1,1,0.6200561660646193
1,82.0,82.0,2,158,0,1.0,1,1,0.591449565427586
1,107.95,107.95,1,14,0,1.0,1,1,0.5131654289212793
1,312.59,312.59,1,77,0,1.0,1,1,0.8369521802204506
1,134.91,134.91,1,368,0,1.0,1,1,0.6094207329921363
1,412.15999999999997,412.15999999999997,1,38,0,1.0,1,1,0.7642703608265397
1,89.27000000000001,89.27000000000001,1,134,0,1.0,1,1,0.6621939337200077
1,196.4,196.4,1,251,0,1.0,1,1,0.7914624404422919
1,44.260000000000005,44.260000000000005,1,159,0,1.0,1,1,0.6634627738646441
1,188.44,188.44,1,22,0,1.0,1,0,0.3372105659443779
1,50.42,50.42,1,345,0,1.0,1,1,0.6584667028965315
1,31.38,31.38,1,38,0,1.0,1,0,0.2844125690815919
1,53.01,53.01,1,160,0,1.0,1,0,0.48900420515231663
1,123.89,123.89,1,16,0,1.0,1,0,0.47519580537192146
1,19.330000000000002,19.330000000000002,1,46,0,1.0,1,0,0.45210481862837154
1,67.36,67.36,2,149,0,1.0,1,1,0.7299950476018557
1,110.60000000000001,110.60000000000001,1,29,0,1.0,1,0,0.4929089929186651
1,128.02,128.02,1,159,0,1.0,1,1,0.5706240706490419
1,65.0,65.0,1,6,0,1.0,1,0,0.47675055096685837
1,124.46000000000001,124.46000000000001,1,109,0,1.0,1,1,0.573673381246656
1,173.13,173.13,1,61,0,1.0,1,1,0.5652650249447786
1,87.75999999999999,87.75999999999999,1,261,0,1.0,1,1,0.5466939524596527
1,277.35,277.35,1,289,0,1.0,1,1,0.8932477396481541
1,714.5,714.5,1,315,0,1.0,1,1,0.9896979317495944
1,292.45,292.45,1,260,0,1.0,1,1,0.8793166900425334
1,121.98,121.98,1,170,0,1.0,1,1,0.5603867210406867
1,29.77,29.77,1,201,0,1.0,1,1,0.6814713695468316
1,63.86,63.86,2,345,0,1.0,1,1,0.8372553883107123
1,220.01999999999998,220.01999999999998,3,135,0,1.0,1,1,0.7991079497632569
1,54.1,54.1,1,241,0,1.0,1,0,0.47397961872106076
1,227.24,227.24,2,134,0,1.0,1,1,0.7512354647407938
1,28.1,28.1,1,91,0,1.0,1,1,0.6372755521850912
1,205.07,205.07,1,45,0,1.0,1,1,0.5179555475368706
1,62.01,62.01,1,107,0,1.0,1,1,0.513233215136423
1,31.75,31.75,1,34,0,1.0,1,0,0.28723226186672096
1,50.68,50.68,1,320,0,1.0,1,1,0.7940439648766445
2,130.14000000000001,65.07000000000001,3,95,172,0.011560693641618497,1,0,0.35002833306262804
1,216.67000000000002,216.67000000000002,1,228,0,1.0,1,1,0.8014796230663638
1,1020.78,1020.78,6,261,0,1.0,1,1,0.985742649379907
1,174.57,174.57,1,3,0,1.0,1,1,0.5498657050847094
1,154.47,154.47,1,287,0,1.0,1,1,0.5360348810090304
1,17.78,17.78,1,112,0,1.0,1,1,0.7094381642943924
2,235.16,117.58,2,171,63,0.03125,1,1,0.6182867401865455
1,386.95,386.95,1,175,0,1.0,1,1,0.9312268158164491
1,42.0,42.0,1,201,0,1.0,1,1,0.7003573389540164
1,69.33,69.33,1,6,0,1.0,1,0,0.4479837454260733
1,63.76,63.76,1,94,0,1.0,1,1,0.5536515768102562
1,46.84,46.84,1,87,0,1.0,1,1,0.5275383853706632
1,100.33999999999999,100.33999999999999,1,59,0,1.0,1,1,0.5533128893684162
1,105.87,105.87,1,154,0,1.0,1,1,0.5953658832047108
1,52.68,52.68,1,163,0,1.0,1,0,0.4873636961667996
1,538.8399999999999,538.8399999999999,1,100,0,1.0,1,1,0.5612806093036168
1,61.800000000000004,61.800000000000004,1,256,0,1.0,1,0,0.4710820765169936
1,143.36,143.36,1,254,0,1.0,1,1,0.5578409279675605
1,62.41,62.41,1,96,0,1.0,1,1,0.5303864962184872
1,37.22,37.22,2,38,0,1.0,1,1,0.6370989368521321
1,397.36,397.36,4,11,0,1.0,1,1,0.932238140395761
1,55.09,55.09,1,91,0,1.0,1,0,0.47394837319086436
1,23.4,23.4,1,47,0,1.0,1,0,0.45641452234540075
1,597.1800000000001,597.1800000000001,6,1,0,1.0,1,1,0.9729714959793442
1,35.0,35.0,1,153,0,1.0,1,1,0.5638449382647279
1,80.4,80.4,1,364,0,1.0,1,1,0.7207386007027135
1,191.95,191.95,1,21,0,1.0,1,0,0.3848708643392659
1,34.69,34.69,1,89,0,1.0,1,1,0.5996053991590226
1,188.07,188.07,1,253,0,1.0,1,1,0.789070249100636
1,284.2,284.2,1,292,0,1.0,1,1,0.8724263092044796
1,52.68,52.68,2,40,0,1.0,1,1,0.6216399241960494
1,57.7,57.7,2,268,0,1.0,1,1,0.6902892020647012
1,112.84,112.84,1,197,0,1.0,1,1,0.5671568414336715
1,182.45,182.45,1,82,0,1.0,1,1,0.6968397486790078
1,168.28,168.28,2,265,0,1.0,1,1,0.7059319139245461
1,217.74,217.74,1,88,0,1.0,1,1,0.8246790584844772
1,92.81,92.81,1,135,0,1.0,1,1,0.66834513478495
1,50.01,50.01,1,120,0,1.0,1,0,0.47008382931073317
1,230.78,230.78,2,315,0,1.0,1,1,0.7670343234451897
1,15.71,15.71,1,397,0,1.0,1,1,0.7992058639211841
1,689.38,689.38,1,312,0,1.0,1,1,0.9896979317495944
1,97.86999999999999,97.86999999999999,1,237,0,1.0,1,0,0.4696901657219201
1,192.9,192.9,1,397,0,1.0,1,1,0.7830054283260194
1,239.99999999999997,239.99999999999997,6,231,0,1.0,1,1,0.8664447532118424
1,201.84,201.84,1,49,0,1.0,1,1,0.5810703765869348
1,78.28,78.28,1,95,0,1.0,1,1,0.651958240397525
1,290.42,290.42,1,125,0,1.0,1,1,0.7938461140131025
1,39.0,39.0,1,263,0,1.0,1,1,0.6384036708102163
1,142.10000000000002,142.10000000000002,1,141,0,1.0,1,1,0.5810248368739582
1,255.92000000000002,255.92000000000002,1,54,0,1.0,1,1,0.5843862813740563
2,68.77,34.385,2,38,67,0.029411764705882353,1,1,0.6337719848443423
1,165.37,165.37,1,302,0,1.0,1,1,0.5455734288213632
1,174.36,174.36,1,40,0,1.0,1,0,0.4715028037098541
1,459.5,459.5,1,229,0,1.0,1,1,0.9605987963322368
1,163.68,163.68,1,96,0,1.0,1,1,0.6192844718874877
1,177.86,177.86,1,110,0,1.0,1,1,0.547952775631537
1,32.379999999999995,32.379999999999995,1,49,0,1.0,1,0,0.48581366163831435
1,154.54000000000002,154.54000000000002,1,381,0,1.0,1,1,0.619389229949453
1,80.13,80.13,3,299,0,1.0,1,1,0.6577235145167126
1,147.59,147.59,1,296,0,1.0,1,1,0.5189828869412033
1,67.13,67.13,1,67,0,1.0,1,1,0.5357818520669778
1,95.21000000000001,95.21000000000001,1,3,0,1.0,1,1,0.6292435368603329
1,408.99,408.99,1,392,0,1.0,1,1,0.9718294057164204
1,87.64,87.64,1,96,0,1.0,1,1,0.6538768306657455
1,130.16,130.16,1,217,0,1.0,1,1,0.5565211682656916
2,126.45,63.225,5,24,12,0.15384615384615385,1,1,0.5870176540371628
1,189.37,189.37,1,40,0,1.0,1,0,0.34528209611470273
1,139.69,139.69,1,401,0,1.0,1,1,0.6697588301395696
1,211.55,211.55,1,42,0,1.0,1,1,0.5916458787801925
1,101.95,101.95,1,30,0,1.0,1,0,0.49375520079847784
1,101.74000000000001,101.74000000000001,1,53,0,1.0,1,1,0.5419601158376884
1,107.96000000000001,107.96000000000001,1,257,0,1.0,1,1,0.5992831609008792
1,56.14,56.14,1,174,0,1.0,1,0,0.49081994909433024
1,322.21000000000004,322.21000000000004,1,317,0,1.0,1,1,0.8299114754629124
1,259.87,259.87,1,350,0,1.0,1,1,0.8144274400687475
1,207.51999999999998,207.51999999999998,1,108,0,1.0,1,1,0.7457502958880076
1,83.5,83.5,1,184,0,1.0,1,1,0.6274846754419124
1,129.09,129.09,1,196,0,1.0,1,1,0.5837145940595889
1,56.629999999999995,56.629999999999995,1,12,0,1.0,1,0,0.4760241776332823
1,58.18,58.18,2,66,0,1.0,1,1,0.7137296815200866
1,181.14,181.14,3,106,0,1.0,1,1,0.8172935967311309
1,203.67000000000002,203.67000000000002,1,38,0,1.0,1,0,0.4460459950449849
1,32.68,32.68,1,165,0,1.0,1,1,0.5990702789492781
1,314.30999999999995,314.30999999999995,1,162,0,1.0,1,1,0.8713285472988688
1,73.34,73.34,1,194,0,1.0,1,1,0.6512947047551799
1,212.28,212.28,1,343,0,1.0,1,1,0.6625700574804465
1,39.089999999999996,39.089999999999996,1,51,0,1.0,1,0,0.4849181768505801
1,34.86,34.86,1,354,0,1.0,1,1,0.7945463762531308
1,264.64,264.64,2,283,0,1.0,1,1,0.7606519509711046
1,140.91,140.91,1,397,0,1.0,1,1,0.6697588301395696
1,35.05,35.05,1,50,0,1.0,1,0,0.4250613251725124
1,66.09,66.09,1,296,0,1.0,1,1,0.5491246600062736
1,50.25,50.25,1,155,0,1.0,1,0,0.4843316174682093
1,56.85,56.85,1,262,0,1.0,1,0,0.4927695109644346
1,104.58,104.58,1,235,0,1.0,1,1,0.574680307477487
1,162.14000000000001,162.14000000000001,2,155,0,1.0,1,1,0.7026558951770507
1,151.18,151.18,1,166,0,1.0,1,1,0.5813898493369326
1,82.34,82.34,1,311,0,1.0,1,1,0.8457418797824964
1,46.82,46.82,1,237,0,1.0,1,1,0.5711520227779318
1,29.77,29.77,1,99,0,1.0,0,1,0.6107057782095267
1,73.15,73.15,1,253,0,1.0,1,1,0.5167665470416503
1,154.73,154.73,1,275,0,1.0,1,1,0.5706261923377894
1,71.82,71.82,1,112,0,1.0,1,1,0.5860174279805831
1,79.24000000000001,79.24000000000001,1,222,0,1.0,1,1,0.5945149618501394
1,35.839999999999996,35.839999999999996,1,41,0,1.0,1,0,0.4406138928096489
1,711.07,711.07,1,117,0,1.0,1,1,0.8917474429518493
1,55.0,55.0,1,267,0,1.0,1,0,0.4718301495254872
1,89.28,89.28,1,203,0,1.0,1,1,0.6684752302775302
1,116.85000000000001,116.85000000000001,1,123,0,1.0,1,1,0.6068609988240815
1,71.53,71.53,1,1,0,1.0,1,1,0.7835860130473139
1,146.44,146.44,1,273,0,1.0,1,1,0.5725518646450712
1,34.0,34.0,1,80,0,1.0,1,1,0.5953143750503226
1,610.72,610.72,1,268,0,1.0,1,1,0.9730439021375239
1,114.33000000000001,114.33000000000001,1,36,0,1.0,1,0,0.49104945894921914
1,389.45,389.45,5,210,0,1.0,1,1,0.9459916263727196
1,31.75,31.75,1,148,0,1.0,1,1,0.536477942738585
1,104.86,104.86,1,53,0,1.0,1,1,0.5389973348168219
1,300.76,300.76,1,117,0,1.0,1,1,0.7175420318482341
1,83.13000000000001,83.13000000000001,1,100,0,1.0,1,1,0.6488260977169239
1,102.46,102.46,2,217,0,1.0,1,1,0.6217602032348282
1,679.43,679.43,1,380,0,1.0,1,1,0.9907373947756813
2,196.43,98.215,2,61,156,0.012738853503184714,1,0,0.37372644157949736
1,63.269999999999996,63.269999999999996,1,51,0,1.0,1,1,0.551991897023003
1,88.72,88.72,1,177,0,1.0,1,1,0.6472606952784377
1,108.0,108.0,2,104,0,1.0,1,1,0.6582198501306838
1,50.629999999999995,50.629999999999995,1,126,0,1.0,1,0,0.46837101961048794
1,83.41000000000001,83.41000000000001,1,296,0,1.0,1,1,0.5239231361418577
1,81.72,81.72,1,166,0,1.0,1,1,0.6452376319682329
1,589.42,589.42,1,28,0,1.0,1,1,0.9798245223575621
1,167.29,167.29,1,42,0,1.0,1,0,0.4806595002867317
1,182.63,182.63,1,19,0,1.0,1,1,0.7115289908096422
1,206.68,206.68,1,8,0,1.0,1,1,0.5237135983774915
1,117.94,117.94,1,282,0,1.0,1,1,0.6128911123925825
1,175.88,175.88,1,70,0,1.0,0,1,0.5201146505449136
1,53.05,53.05,1,234,0,1.0,1,1,0.5066944662923154
1,68.3,68.3,1,34,0,1.0,1,0,0.48692967911100377
1,87.27000000000001,87.27000000000001,1,393,0,1.0,1,1,0.7357098664257429
1,56.79,56.79,1,56,0,1.0,1,1,0.517382024712879
1,47.85,47.85,1,76,0,1.0,1,0,0.4909545659465378
1,48.95,48.95,1,347,0,1.0,1,1,0.6643169768934426
1,77.06,77.06,1,375,0,1.0,1,1,0.7313976826992131
1,100.53,100.53,1,10,0,1.0,1,1,0.5014350329253601
1,211.6,211.6,1,86,0,1.0,1,1,0.7493289043754113
1,134.48000000000002,134.48000000000002,1,91,0,1.0,1,1,0.6049899422151419
1,36.9,36.9,1,129,0,1.0,1,1,0.5626495740423094
1,74.07,74.07,1,234,0,1.0,1,1,0.5230743555614021
1,51.629999999999995,51.629999999999995,1,171,0,1.0,0,0,0.48374182461050197
1,44.089999999999996,44.089999999999996,1,84,0,1.0,1,1,0.6138908592758557
1,101.75,101.75,1,104,0,1.0,1,1,0.6088191896021452
1,106.29,106.29,1,126,0,1.0,1,1,0.6007010578819458
1,129.57999999999998,129.57999999999998,2,207,0,1.0,1,1,0.6966977103798812
1,192.75,192.75,1,155,0,1.0,1,1,0.7555832257730877
1,130.56,130.56,1,14,0,1.0,1,0,0.4913293862957755
1,253.08,253.08,1,225,0,1.0,1,1,0.8543056580967844
1,102.37,102.37,1,143,0,1.0,1,1,0.5968655081274507
1,87.64,87.64,1,80,0,1.0,1,1,0.6343887027323013
1,36.75,36.75,1,116,0,1.0,1,1,0.5602216590951566
1,72.42,72.42,1,120,0,1.0,1,1,0.6256959157598064
